"IdBoleto","Numero","Fecha","Periodo","IdEstado","Id_Cliente","Id_Banco","Peri_Desde","Peri_Hasta","Peri_Cant","observacion","Imp_Comi_Uni","Imp_Comi_Do","TCambio","Impor_Comi","factura_id","pto_vta","Fac_Nro","Feccre","usucre","fecultmod","usuultmod","vendedor_id"
"1","1","2014-06-26","2014-07","32","201","1306","1-2014","1-2014","1","Cuit: 30-50351066-5","125","125","8.132","1016.5","41","1","4","2014-06-26 10:12:49","1","2014-07-17 13:26:46",,
"2","2","2014-07-15","2014-07","32","186","1328","1-2014","1-2014","1","Cuit: 30-70816195-7","250","250","8.129","2032.25","39","1","2","2014-07-15 16:47:07","1","2014-07-17 13:25:45",,
"3","3","2014-07-15","2014-07","32","592","1333","1-2014","1-2014","1","Cuit: 30-67221680-6  -CONFECCION DAPE INTERESES-","125","125","8.13","1016.25","40","1","3","2014-07-15 16:49:33","1","2014-07-17 13:26:27","1",
"4","4","2015-06-11","2015-06","32","656","1324","1-2015","1-2015","1","Cuit: 30-70804712-7","125","125","9.037","1129.63","303","2","116","2014-07-15 16:52:17","1","2015-06-12 18:58:06","1",
"5","5","2014-07-15","2014-07","32","733","1310","1-2014","2-2014","2","Cuit: 30-67605435-5","125","250","8.156","2039","43","1","6","2014-07-15 16:53:00","1","2014-07-18 16:56:48","1",
"6","6","2014-07-15","2014-07","4","719","1310","1-2014","1-2014","1","Cuit: 30-69124949-9","125","125","8.236","1029.5",,,,"2014-07-15 16:59:22","1","2014-08-04 14:37:29","1",
"7","7","2014-07-15","2014-07","32","734","1316","1-2014","1-2014","1","Cuit: 20-16730702-8 // DJAS 14001DJAS916804B","125","125","8.16","1020","46","1","9","2014-07-15 17:00:56","1","2014-07-23 12:34:51","1",
"8","8","2014-07-15","2014-07","32","701","1332","1-2001","2-2014","54","Cuit: 30-52099153-7 (Se cobro $16.748,78 + iva de anticipo // 30%= USD 2025 a 8,271)","87.5","4725","8.474","40039.65","88","1","51","2014-07-15 17:01:55","1","2014-10-17 16:41:25","1",
"9","9","2014-07-15","2014-07","32","290","1323","4-2012","1-2014","6","Cuit: 30-67816723-8","125","750","8.156","6117","42","1","5","2014-07-15 18:48:12","1","2014-07-18 16:55:23","1",
"10","10","2014-07-16","2014-07","32","430","1314","2-2014","2-2014","1","Cuit: 30-50467703-2","125","125","8.236","1029.5","49","1","12","2014-07-16 11:46:31","1","2014-08-04 14:23:00","1",
"11","11","2014-07-16","2014-07","32","735","1311","1-2014","2-2014","2","Cuit: 30-64853530-5","125","250","8.166","2041.5","45","1","8","2014-07-16 18:49:21","1","2014-07-23 12:32:38","1",
"12","12","2014-07-18","2014-08","32","736","1314","1-2014","2-2014","2","Cuit: 30-70985041-1","125","250","8.236","2059","48","1","11","2014-07-18 11:00:41","1","2014-08-04 14:22:25","1",
"13","13","2014-07-18","2014-08","4","687","1323","3-2007","3-2007","1","Cuit: 30-70906655-9","1050","1050","8.17","8578.5",,,,"2014-07-18 16:23:11","1","2014-07-23 13:33:07","1",
"14","14","2014-07-18","2014-08","4","687","1323","3-2007","2-2014","28","Cuit: 30-70906655-9","87.5","2450","0","0",,,,"2014-07-18 16:47:46","1","2014-07-30 15:52:55","1",
"16","16","2014-07-30","2014-08","32","739","1306","1-2008","1-2014","25","Cuit: 30-61221167-8","125","3125","8.236","25737.5","51","1","14","2014-07-30 15:53:48","1","2014-08-04 14:25:11","1",
"15","15","2014-07-23","2014-08","32","737","1310","2-2010","4-2012","11","Cuit: 30-71246640-1","125","1375","8.166","11228.25","50","1","13","2014-07-23 10:50:28","1","2014-08-04 14:24:12",,
"17","17","2014-08-08","2014-08","32","290","1323","1-2014","2-2014","2","Cuit: 30-67816723-8","125","250","8.401","2100.25","65","1","28","2014-08-08 11:21:56","1","2014-09-08 16:59:32","1",
"18","18","2014-08-13","2014-08","32","718","1333","2-2014","2-2014","1","Cuit: 30-71058535-7","125","125","8.323","1040.38","55","1","18","2014-08-13 12:06:01","1","2014-08-26 12:33:56","1",
"19","19","2014-08-13","2014-08","32","592","1333","2-2014","2-2014","1","Cuit: 30-67221680-6","125","125","8.323","1040.38","56","1","19","2014-08-13 12:06:15","1","2014-08-26 12:34:48","1",
"20","20","2014-08-13","2014-08","32","201","1306","2-2014","2-2014","1","Cuit: 30-50351066-5","125","125","8.287","1035.88","57","1","20","2014-08-13 12:06:32","1","2014-08-26 12:35:12","1",
"21","21","2014-08-19","2014-09","32","41","1314","1-2014","2-2014","2","Cuit: 33-63591613-9","125","250","8.406","2101.5","61","1","24","2014-08-19 17:09:03","1","2014-08-27 11:32:05","1",
"22","22","2014-08-19","2014-09","32","656","1324","2-2014","2-2014","1","Cuit: 30-70804712-7","125","125","8.406","1050.75","60","1","23","2014-08-19 17:09:59","1","2014-08-27 11:30:29","1",
"23","23","2014-08-19","2014-09","32","673","1314","2-2014","2-2014","1","Cuit: 30-64405502-3","125","125","8.407","1050.88","63","1","26","2014-08-19 17:13:57","1","2014-09-02 16:59:06","1",
"24","24","2014-08-19","2014-09","32","700","1330","1-2014","2-2014","2","Cuit: 30-50160121-3","125","250","8.405","2101.25","58","1","21","2014-08-19 17:39:09","1","2014-08-26 12:38:06","1",
"25","25","2014-09-08","2014-09","32","661","1323","2-2012","2-2014","9","Cuit: 33-71063529-9","125","1125","8.402","9452.25","72","1","35","2014-09-08 17:54:59","1","2014-09-15 11:30:12","1",
"26","26","2014-09-08","2014-09","32","739","1306","2-2014","2-2014","1","Cuit: 30-61221167-8","125","125","8.401","1050.13","71","1","34","2014-09-08 17:59:44","1","2014-09-12 16:15:48","1",
"27","27","2014-09-08","2014-09","32","190","1324","2-2014","2-2014","1","Cuit: 30-70790405-0","125","125","8.401","1050.13","68","1","31","2014-09-08 18:00:55","1","2014-09-12 16:08:43","1",
"28","28","2014-09-08","2014-09","32","725","1323","2-2014","2-2014","1","Cuit: 30-52102990-7","125","125","8.401","1050.13","70","1","33","2014-09-08 18:01:10","1","2014-09-12 16:15:02","1",
"29","29","2014-09-08","2014-09","32","717","1323","2-2014","2-2014","1","Cuit: 30709876119","125","125","8.4","1050","69","1","32","2014-09-08 18:01:25","1","2014-09-12 16:14:13","1",
"30","30","2014-09-08","2014-09","32","741","1332","2-2008","2-2014","25","Cuit: 30661217908","87.5","2187.5","8.489","18569.69","94","1","57","2014-09-08 18:01:44","1","2014-10-24 12:45:49","1",
"31","31","2014-09-12","2014-09","32","716","1323","2-2014","2-2014","1","Cuit: 30-54039667-8","125","125","8.401","1050.13","66","1","29","2014-09-12 10:04:50","1","2014-09-12 16:07:47",,
"32","32","2014-09-16","2014-09","32","186","1328","2-2014","2-2014","1","Cuit: 30-70816195-7","250","250","8.403","2100.75","73","1","36","2014-09-16 09:51:40","1","2014-09-18 17:12:52","1",
"33","33","2014-09-16","2014-09","32","190","1324","1-2014","1-2014","1","Cuit: 30-70790405-0 // COM A 4237","125","125","8.417","1052.13","74","1","37","2014-09-16 09:53:14","1","2014-09-18 17:17:07","1",
"34","34","2014-09-18","2014-10","32","525","1323","2-2014","2-2014","1","Cuit: 30-70977625-4 // RECTIFICATIVA","125","125","8.417","1052.13","76","1","39","2014-09-18 12:42:08","1","2014-09-26 16:57:59",,
"35","35","2014-09-24","2014-10","32","85","1310","1-2014","2-2014","2","Cuit: 30-67324990-2","250","500","8.455","4227.5","82","1","45","2014-09-24 17:07:09","1","2014-10-08 13:11:31","1",
"36","36","2014-09-24","2014-10","32","716","1323","1-2014","1-2014","1","Cuit: 30-54039667-8 // COM A 4237","125","125","8.424","1053","78","1","41","2014-09-24 17:07:53","1","2014-09-26 17:00:44","1",
"37","37","2014-09-24","2014-10","32","725","1323","1-2014","1-2014","1","Cuit: 30-52102990-7 // COM A 4237","125","125","8.424","1053","77","1","40","2014-09-24 17:08:15","1","2014-09-26 16:59:31","1",
"38","38","2014-09-24","2014-10","32","709","1323","1-2014","1-2014","1","Cuit: 30-64084332-9 // COM A 4237","125","125","8.449","1056.13","79","1","42","2014-09-24 17:08:35","1","2014-09-29 10:43:42","1",
"39","39","2014-09-29","2014-10","32","22","1335","2-2014","2-2014","1","Cuit: 30-50031568-3 // Rectificativa 2º TRIM 2014","250","250","8.455","2113.75","188","2","1","2014-09-29 11:38:02","1","2014-11-11 10:42:51","1",
"40","40","2014-10-07","2014-10","32","742","1310","2-2014","3-2014","2","Cuit: 30-70920601-6","87.5","175","8.465","1481.38","84","1","47","2014-10-07 09:02:05","1","2014-10-09 10:52:31","1",
"41","41","2014-10-07","2014-10","32","525","1323","2-2014","2-2014","1","Cuit: 30-70977625-4 // 2da Rectificativa 3602","125","125","8.455","1056.88","83","1","46","2014-10-07 09:02:57","1","2014-10-08 13:16:48","1",
"42","42","2014-10-09","2014-10","32","93","1310","1-2014","2-2014","2","Cuit: 30-70762507-0","125","250","8.465","2116.25","85","1","48","2014-10-09 10:48:41","1","2014-10-09 11:00:04",,
"43","43","2014-10-17","2014-11","32","525","1323","2-2014","2-2014","1","Cuit: 30-70977625-4 -RECTIFICATIVA IV-","125","125","8.488","1061","89","1","52","2014-10-17 16:18:06","1","2014-10-24 12:25:03","1",
"44","44","2014-10-17","2014-11","32","673","1314","3-2014","3-2014","1","Cuit: 30-64405502-3","125","125","8.489","1061.13","92","1","55","2014-10-17 16:27:18","1","2014-10-24 12:37:31","1",
"45","45","2014-10-17","2014-11","32","592","1333","2-2012","3-2014","10","Cuit: 30-67221680-6","125","1250","8.489","10611.25","93","1","56","2014-10-17 16:27:48","1","2014-10-24 12:42:46","1",
"46","46","2014-10-17","2014-11","32","718","1333","3-2014","3-2014","1","Cuit: 30-71058535-7","125","125","8.489","1061.13","91","1","54","2014-10-17 16:28:07","1","2014-10-24 12:33:36","1",
"47","47","2014-11-06","2014-11","32","746","1306","2-2013","3-2014","6","Cuit: 30-67343289-8","125","750","8.507","6380.25","190","2","3","2014-11-06 15:03:35","1","2014-11-12 10:17:14",,
"48","48","2014-11-06","2014-11","32","430","1314","3-2014","3-2014","1","Cuit: 30-50467703-2","125","125","8.512","1064","194","2","7","2014-11-06 15:05:21","1","2014-11-20 10:22:23","1",
"49","49","2014-11-06","2014-11","32","733","1310","3-2014","3-2014","1","Cuit: 30-67605435-5","125","125","8.592","1074","223","2","36","2014-11-06 15:05:50","1","2015-01-13 17:00:46","1",
"50","50","2014-11-06","2014-11","32","701","1332","1-2014","3-2014","3","Cuit: 30-52099153-7","125","375","8.523","3196.13","197","2","10","2014-11-06 15:06:22","1","2014-11-28 11:58:15","1",
"51","51","2014-11-06","2014-11","32","744","1332","2-2012","3-2014","10","Cuit: 30-71173100-4","87.5","875","8.557","7487.38","209","2","22","2014-11-06 15:07:38","1","2014-12-11 11:42:29","1",
"52","52","2014-11-07","2014-11","32","352","1323","1-2014","3-2014","3","Cuit: 30-70996794-7","125","375","8.509","3190.88","191","2","4","2014-11-07 12:22:09","1","2014-11-12 10:24:15","1",
"53","53","2014-11-18","2014-12","32","747","1332","1-2007","3-2014","31","Cuit: 30-70981840-2","87.5","2712.5","8.517","23102.36","196","2","9","2014-11-18 17:37:41","1","2014-11-21 15:23:25","1",
"54","54","2014-11-20","2014-12","32","432","1323","3-2014","3-2014","1","Cuit: 30-65719789-7","125","125","8.514","1064.25","195","2","8","2014-11-20 10:55:32","1","2014-11-20 10:57:28",,
"55","55","2014-11-20","2014-12","32","736","1325","3-2014","2-2015","4","Cuit: 30-70985041-1","93.75","375","9.391","3521.63","358","2","171","2014-11-20 11:11:07","1","2015-09-23 12:06:08","1",
"56","56","2014-11-20","2014-12","32","735","1311","3-2014","3-2014","1","Cuit: 30-64853530-5","125","125","8.551","1068.88","214","2","27","2014-11-20 11:12:24","1","2014-12-18 13:00:32","1",
"57","57","2014-11-28","2014-12","32","656","1324","3-2014","3-2014","1","Cuit: 30-70804712-7","125","125","8.549","1068.63","202","2","15","2014-11-28 12:33:33","1","2014-12-05 10:40:47","1",
"58","58","2014-12-01","2014-12","32","747","1332","4-2013","1-2014","2","Cuit: 30-70981840-2 // COM A 4237 -2º SEM 2013 y 1º2014-","125","250","8.524","2131","198","2","11","2014-12-01 16:41:24","1","2014-12-01 16:49:57",,
"59","59","2014-12-04","2014-12","32","748","1310","3-2014","3-2014","1","Cuit: 30-59076629-8","125","125","8.532","1066.5","199","2","12","2014-12-04 10:37:50","1","2014-12-04 10:47:04",,
"60","60","2014-12-05","2014-12","32","739","1306","3-2014","3-2014","1","Cuit: 30-61221167-8","125","125","8.549","1068.63","201","2","14","2014-12-05 10:29:46","1","2014-12-05 10:34:37",,
"61","61","2014-12-09","2014-12","32","700","1330","3-2014","3-2014","1","Cuit: 30-50160121-3","125","125","8.557","1069.63","203","2","16","2014-12-09 12:13:38","1","2014-12-11 11:13:43",,
"62","62","2014-12-11","2014-12","32","716","1323","3-2014","3-2014","1","Cuit: 30-54039667-8","125","125","8.551","1068.88","208","2","21","2014-12-11 11:07:52","1","2014-12-11 11:28:56",,
"63","63","2014-12-11","2014-12","32","717","1323","3-2014","3-2014","1","Cuit: 30709876119","125","125","8.551","1068.88","207","2","20","2014-12-11 11:08:12","1","2014-12-11 11:25:58",,
"64","64","2014-12-11","2014-12","32","725","1323","3-2014","3-2014","1","Cuit: 30-52102990-7","125","125","8.551","1068.88","205","2","18","2014-12-11 11:08:31","1","2014-12-11 11:20:44",,
"65","65","2014-12-11","2014-12","32","190","1324","3-2014","3-2014","1","Cuit: 30-70790405-0","125","125","8.551","1068.88","206","2","19","2014-12-11 11:09:24","1","2014-12-11 11:24:18",,
"66","66","2014-12-11","2014-12","32","741","1332","3-2014","3-2014","1","Cuit: 30661217908","125","125","8.551","1068.88","204","2","17","2014-12-11 11:09:43","1","2014-12-11 11:18:08",,
"67","67","2014-12-15","2014-12","32","525","1323","3-2014","3-2014","1","Cuit: 30-70977625-4","125","125","8.551","1068.88","210","2","23","2014-12-15 17:13:34","1","2014-12-15 17:17:51",,
"68","68","2014-12-16","2014-12","32","22","1335","3-2014","3-2014","1","Cuit: 30-50031568-3","250","250","8.551","2137.75","211","2","24","2014-12-16 16:38:27","1","2014-12-16 16:42:28",,
"69","69","2014-12-17","2015-01","32","201","1306","3-2014","3-2014","1","Cuit: 30-50351066-5","125","125","8.551","1068.88","213","2","26","2014-12-17 16:57:31","1",,,
"70","70","2014-12-17","2015-01","32","186","1328","3-2014","3-2014","1","Cuit: 30-70816195-7","250","250","8.551","2137.75","212","2","25","2014-12-17 16:58:27","1","2014-12-17 17:03:16",,
"71","71","2014-12-18","2015-01","32","290","1323","3-2014","3-2014","1","Cuit: 30-67816723-8","125","125","8.551","1068.88","215","2","28","2014-12-18 12:55:03","1","2014-12-18 13:03:03",,
"72","72","2014-12-29","2015-01","32","85","1310","3-2014","3-2014","1","Cuit: 30-67324990-2","250","250","8.553","2138.25","217","2","30","2014-12-29 17:22:32","1","2014-12-29 17:26:02",,
"73","1","2015-01-07","2015-01","32","751","1311","1-2013","3-2014","7","Cuit: 30-71134377-2","87.5","612.5","8.561","5243.61","222","2","35","2015-01-07 10:19:06","1","2015-01-07 10:26:35",,
"74","2","2015-01-20","2015-02","32","592","1333","4-2014","4-2014","1","Cuit: 30-67221680-6","125","125","8.605","1075.63","225","2","38","2015-01-20 12:41:27","1","2015-01-20 12:48:20",,
"75","3","2015-01-20","2015-02","32","718","1333","4-2014","4-2014","1","Cuit: 30-71058535-7","125","125","8.605","1075.63","224","2","37","2015-01-20 12:42:00","1","2015-01-20 12:46:08",,
"76","4","2015-01-22","2015-02","32","441","1311","2-2012","3-2014","10","Cuit: 30-70813573-5","87.5","875","8.631","7552.13","228","2","41","2015-02-03 18:33:41","1","2015-02-03 18:41:07","1",
"77","5","2015-02-11","2015-02","32","525","1323","3-2014","3-2014","1","Cuit: 30-70977625-4","125","125","8.625","1078.13","230","2","43","2015-02-11 11:18:26","1","2015-02-11 11:24:26",,
"78","6","2015-02-12","2015-02","32","673","1311","4-2014","4-2014","1","Cuit: 30-64405502-3","125","125","8.678","1084.75","231","2","44","2015-02-12 17:18:26","1","2015-02-12 17:27:33",,
"79","7","2015-02-12","2015-02","32","753","1325","3-2013","4-2014","6","Cuit: 30-68307415-9 // COM A 4237","125","750","8.678","6508.5","232","2","45","2015-02-12 17:23:23","1","2015-02-12 18:02:53",,
"80","8","2015-02-19","2015-03","32","700","1330","4-2014","4-2014","1","Cuit: 30-50160121-3","125","125","8.744","1093","243","2","56","2015-02-19 16:15:45","1","2015-03-09 17:28:54","1",
"81","9","2015-02-19","2015-03","32","721","1306","2-2013","4-2014","7","Cuit: 30-62971795-8","87.5","612.5","8.874","5435.33","271","2","84","2015-02-19 16:16:46","1","2015-04-22 13:14:38","1",
"82","10","2015-02-19","2015-03","32","201","1306","4-2014","4-2014","1","Cuit: 30-50351066-5","125","125","8.71","1088.75","235","2","48","2015-02-19 16:19:42","1","2015-03-04 10:51:42","1",
"83","11","2015-02-19","2015-03","32","754","1330","4-2014","4-2014","1","Cuit: 30-65482746-6","125","125","8.924","1115.5","277","2","90","2015-02-19 16:44:15","1","2015-05-08 12:54:57","1",
"84","12","2015-02-19","2015-03","32","748","1310","4-2014","4-2014","1","Cuit: 30-59076629-8","125","125","8.744","1093","241","2","54","2015-02-19 16:44:39","1","2015-03-09 17:19:04","1",
"85","13","2015-03-02","2015-03","32","701","1332","4-2014","4-2014","1","Cuit: 30-52099153-7","125","125","8.758","1094.75","242","2","55","2015-03-02 11:28:33","1","2015-03-09 17:21:43","1",
"86","14","2015-03-02","2015-03","32","22","1324","4-2014","4-2014","1","Cuit: 30-50031568-3","250","250","8.777","2194.25","247","2","60","2015-03-02 11:29:09","1","2015-03-12 11:31:48","1",
"87","15","2015-03-02","2015-03","32","716","1323","4-2014","4-2014","1","Cuit: 30-54039667-8","125","125","8.777","1097.13","245","2","58","2015-03-02 11:31:30","1","2015-03-12 11:20:47","1",
"88","16","2015-03-02","2015-03","32","717","1323","4-2014","4-2014","1","Cuit: 30709876119","125","125","8.77","1096.25","248","2","61","2015-03-02 11:31:47","1","2015-03-12 11:34:23","1",
"89","17","2015-03-02","2015-03","32","725","1323","4-2014","4-2014","1","Cuit: 30-52102990-7","125","125","8.764","1095.5","250","2","63","2015-03-02 11:32:06","1","2015-03-12 11:43:00","1",
"90","18","2015-03-02","2015-03","32","290","1323","4-2013","4-2014","5","Cuit: 30-67816723-8","125","625","8.77","5481.25","246","2","59","2015-03-02 11:36:01","1","2015-03-12 11:27:16","1",
"91","19","2015-03-02","2015-03","32","739","1306","4-2014","4-2014","1","Cuit: 30-61221167-8","125","125","8.787","1098.38","255","2","68","2015-03-02 13:06:14","1","2015-03-18 12:16:40","1",
"92","20","2015-03-02","2015-03","32","656","1324","4-2014","4-2014","1","Cuit: 30-70804712-7","125","125","8.758","1094.75","240","2","53","2015-03-02 13:06:39","1","2015-03-09 17:15:31","1",
"93","21","2015-03-03","2015-03","32","525","1323","1-2014","3-2014","3","Cuit: 30-70977625-4","125","375","8.718","3269.25","236","2","49","2015-03-03 12:55:03","1","2015-03-04 10:51:51","1",
"94","22","2015-03-04","2015-03","32","749","1334","2-2012","4-2014","11","Cuit: 30-61185717-5","99","1089","8.71","9485.19","234","2","47","2015-03-04 10:12:40","1","2015-03-04 10:51:30",,
"95","23","2015-03-04","2015-03","32","733","1310","4-2014","4-2014","1","Cuit: 30-67605435-5","125","125","8.794","1099.25","257","2","70","2015-03-04 14:34:10","1","2015-03-20 11:53:03","1",
"96","24","2015-03-09","2015-03","32","432","1323","4-2014","4-2014","1","Cuit: 30-65719789-7","125","125","8.75","1093.75","239","2","52","2015-03-09 12:01:54","1","2015-03-09 17:10:38",,
"97","25","2015-03-10","2015-03","32","190","1324","2-2014","4-2014","3","Cuit: 30-70790405-0","125","375","8.783","3293.63","254","2","67","2015-03-10 10:23:28","1","2015-03-17 11:57:57","1",
"98","26","2015-03-11","2015-03","32","525","1323","4-2014","4-2014","1","Cuit: 30-70977625-4","125","125","8.77","1096.25","251","2","64","2015-03-11 11:56:50","1","2015-03-12 11:44:48",,
"99","27","2015-03-11","2015-03","32","755","1333","2-2014","4-2014","3","Cuit: 33-64461698-9","125","375","8.777","3291.38","249","2","62","2015-03-11 16:52:34","1","2015-03-12 11:40:46",,
"100","28","2015-03-12","2015-03","32","746","1306","4-2014","4-2014","1","Cuit: 30-67343289-8","125","125","8.78","1097.5","252","2","65","2015-03-12 11:08:07","1","2015-03-13 11:10:06","1",
"101","29","2015-03-12","2015-03","32","190","1324","2-2014","2-2014","1","Cuit: 30-70790405-0 // COM A 4237 -2º Semestre 2014-","125","125","8.783","1097.88","254","2","67","2015-03-12 12:12:45","1","2015-03-17 11:57:57","1",
"102","30","2015-03-16","2015-03","32","742","1310","4-2014","2-2015","3","Cuit: 30-70920601-6","125","375","9.31","3491.25","341","2","154","2015-03-16 11:09:37","1","2015-09-10 17:25:00","1",
"103","31","2015-03-16","2015-03","32","756","1311","4-2014","4-2014","1","Cuit: 30-71134021-8","125","125","8.801","1100.13","258","2","71","2015-03-16 13:54:57","1","2015-03-30 10:24:31","1",
"104","32","2015-03-19","2015-04","32","757","1323","3-2014","4-2014","2","Cuit: 30-66113832-3","87.5","175","8.791","1538.43","256","2","69","2015-03-19 10:00:50","1","2015-03-19 10:07:15",,
"105","33","2015-04-01","2015-04","32","758","1310","4-2014","4-2014","1","Cuit: 30-70844188-7","125","125","8.836","1104.5","267","2","80","2015-04-01 11:29:04","1","2015-04-13 10:08:52","1",
"106","34","2015-04-06","2015-04","32","716","1323","2-2014","2-2014","1","Cuit: 30-54039667-8 // COM A 4237 -2º Semestre 2014-","125","125","8.827","1103.38","259","2","72","2015-04-06 11:37:41","1","2015-04-06 12:04:08",,
"107","35","2015-04-06","2015-04","32","725","1323","2-2014","2-2014","1","Cuit: 30-52102990-7 // COM A 4237 -2º Semestre 2014-","125","125","8.827","1103.38","261","2","74","2015-04-06 11:38:17","1","2015-04-06 12:57:40",,
"108","36","2015-04-06","2015-04","32","709","1329","2-2014","2-2014","1","Cuit: 30-64084332-9 // COM A 4237 -2º Semestre 2014-","125","125","8.827","1103.38","260","2","73","2015-04-06 11:38:43","1","2015-04-06 12:08:31",,
"109","37","2015-04-07","2015-04","32","525","1323","1-2014","1-2014","1","Cuit: 30-70977625-4 // COM A 4237 -1er Semestre 2014-","125","125","8.831","1103.88","265","2","78","2015-04-07 15:20:37","1","2015-04-07 15:54:53",,
"110","38","2015-04-07","2015-04","32","186","1328","4-2014","4-2014","1","Cuit: 30-70816195-7","250","250","8.831","2207.75","264","2","77","2015-04-07 15:21:05","1","2015-04-07 15:35:55",,
"111","39","2015-04-06","2015-04","4","725","1323","2-2014","2-2014","1","Cuit: 30-52102990-7 // COM A 4237 -2º sEMESTRE 2014-","125","125","8.827","1103.38",,,,"2015-04-07 15:30:28","1","2015-04-07 15:33:08","1",
"112","40","2015-04-13","2015-04","32","525","1323","2-2014","2-2014","1","Cuit: 30-70977625-4 // COM A 4237 -2º Semestre 2014-","125","125","8.836","1104.5","266","2","79","2015-04-13 09:34:42","1","2015-04-13 10:05:59",,
"113","41","2015-04-15","2015-04","32","85","1310","4-2014","4-2014","1","Cuit: 30-67324990-2","250","250","8.856","2214","268","2","81","2015-04-15 11:50:18","1","2015-04-15 11:53:14",,
"114","42","2015-04-16","2015-04","32","735","1311","4-2014","4-2014","1","Cuit: 30-64853530-5","125","125","8.866","1108.25","269","2","82","2015-04-16 17:15:50","1","2015-04-16 17:19:12",,
"115","43","2015-04-21","2015-05","32","749","1334","1-2015","1-2015","1","Cuit: 30-61185717-5","125","125","8.871","1108.88","270","2","83","2015-04-21 11:05:28","1","2015-04-21 14:06:10",,
"116","44","2015-04-28","2015-05","32","201","1306","1-2015","1-2015","1","Cuit: 30-50351066-5","125","125","8.933","1116.63","279","2","92","2015-04-28 11:53:57","1","2015-05-12 17:20:55","1",
"117","45","2015-04-28","2015-05","32","592","1333","1-2015","1-2015","1","Cuit: 30-67221680-6","125","125","8.907","1113.38","275","2","88","2015-04-28 11:54:30","1","2015-05-05 12:36:47","1",
"118","46","2015-04-28","2015-05","32","718","1333","1-2015","1-2015","1","Cuit: 30-71058535-7","125","125","8.907","1113.38","274","2","87","2015-04-28 11:54:54","1","2015-05-05 12:34:47","1",
"119","47","2015-04-28","2015-05","32","701","1332","1-2015","1-2015","1","Cuit: 30-52099153-7","125","125","8.933","1116.63","280","2","93","2015-04-28 11:55:53","1","2015-05-12 17:23:32","1",
"120","48","2015-04-28","2015-05","32","748","1310","1-2015","1-2015","1","Cuit: 30-59076629-8","125","125","8.933","1116.63","278","2","91","2015-04-28 11:56:54","1","2015-05-12 17:17:36","1",
"121","49","2015-04-29","2015-05","32","760","1323","3-2010","1-2015","19","Cuit: 30-71111728-4","87.5","1662.5","8.944","14869.4","283","2","96","2015-04-29 11:44:14","1","2015-05-18 09:50:34","1",
"122","50","2015-04-29","2015-05","32","759","1311","2-2004","1-2006","8","Cuit: 30-61195459-6","87.5","700","9.001","6300.7","288","2","101","2015-04-29 12:36:20","1","2015-06-03 12:08:16","1",
"123","51","2015-04-29","2015-05","32","721","1306","3-2013","4-2014","6","Cuit: 30-62971795-8","125","750","8.94","6705","282","2","95","2015-04-29 14:53:09","1","2015-05-14 10:44:20","1",
"124","52","2015-05-14","2015-05","32","703","1323","1-2015","1-2015","1","Cuit: 33-68732091-9","250","250","8.944","2236","284","2","97","2015-05-14 18:03:49","1","2015-05-18 09:55:11",,
"125","53","2015-05-18","2015-06","32","762","1333","4-2014","4-2014","1","Cuit: 30-70963363-1","125","125","8.944","1118","285","2","98","2015-05-18 10:14:30","1","2015-05-18 10:17:30",,
"126","54","2015-05-21","2015-06","32","763","1309","1-2014","1-2015","5","Cuit: 30-70875718-3","87.5","437.5","9.001","3937.94","289","2","102","2015-05-21 12:38:25","1","2015-06-03 12:18:06","1",
"127","55","2015-05-21","2015-06","32","430","1314","2-2014","4-2014","3","Cuit: 30-50467703-2","125","375","9.001","3375.38","290","2","103","2015-05-21 12:38:55","1","2015-06-03 12:21:45","1",
"128","56","2015-05-21","2015-06","32","41","1314","3-2014","1-2015","3","Cuit: 33-63591613-9","125","375","9.037","3388.88","300","2","113","2015-05-21 12:40:16","1","2015-06-12 18:26:10","1",
"129","57","2015-05-21","2015-06","32","733","1310","1-2015","2-2015","2","Cuit: 30-67605435-5","125","250","9.34","2335","339","2","152","2015-05-21 12:41:13","1","2015-09-10 12:59:15","1",
"130","58","2015-05-21","2015-06","32","741","1332","4-2014","1-2015","2","Cuit: 30661217908","125","250","9.018","2254.5","295","2","108","2015-05-21 12:41:31","1","2015-06-11 11:05:27","1",
"131","59","2015-05-21","2015-06","32","700","1330","1-2015","1-2015","1","Cuit: 30-50160121-3","125","125","9.007","1125.88","292","2","105","2015-05-21 12:43:18","1","2015-06-08 13:59:49","1",
"132","60","2015-06-08","2015-06","32","432","1323","1-2015","1-2015","1","Cuit: 30-65719789-7","125","125","9.01","1126.25","291","2","104","2015-06-08 13:40:24","1","2015-06-08 13:44:31",,
"133","61","2015-06-11","2015-06","32","739","1306","1-2015","1-2015","1","Cuit: 30-61221167-8","125","125","9.029","1128.63","296","2","109","2015-06-11 10:53:57","1","2015-06-11 11:07:53",,
"134","62","2015-06-11","2015-06","32","746","1306","4-2014","1-2015","2","Cuit: 30-67343289-8","125","250","9.029","2257.25","294","2","107","2015-06-11 10:54:22","1","2015-06-11 11:00:56",,
"135","63","2015-06-12","2015-06","32","525","1323","1-2015","1-2015","1","Cuit: 30-70977625-4","125","125","9.032","1129","298","2","111","2015-06-12 11:58:43","1","2015-06-12 12:06:20",,
"136","64","2015-06-12","2015-06","32","290","1323","3-2014","1-2015","3","Cuit: 30-67816723-8","125","375","9.032","3387","297","2","110","2015-06-12 11:59:12","1","2015-06-12 12:02:09",,
"137","65","2015-06-12","2015-06","32","22","1324","1-2015","1-2015","1","Cuit: 30-50031568-3","250","250","9.037","2259.25","301","2","114","2015-06-12 15:34:16","1","2015-06-12 18:29:40",,
"138","66","2015-06-12","2015-06","32","430","1314","1-2015","1-2015","1","Cuit: 30-50467703-2","125","125","9.037","1129.63","302","2","115","2015-06-12 15:38:49","1","2015-06-12 18:32:52",,
"139","67","2015-06-17","2015-07","32","37","1310","1-2014","2-2015","6","Cuit: 30-56611050-0","87.5","525","9.19","4824.75","327","2","140","2015-06-17 11:48:33","1","2015-08-04 09:48:56","1",
"140","68","2015-06-17","2015-07","32","673","1323","1-2015","1-2015","1","Cuit: 30-64405502-3","125","125","9.078","1134.75","311","2","124","2015-06-17 11:48:45","1","2015-07-01 15:51:25","1",
"141","69","2015-06-17","2015-07","32","754","1330","1-2015","1-2015","1","Cuit: 30-65482746-6","125","125","9.078","1134.75","308","2","121","2015-06-17 11:49:10","1","2015-07-01 15:43:27","1",
"142","70","2015-06-17","2015-07","32","762","1333","1-2015","1-2015","1","Cuit: 30-70963363-1","125","125","9.128","1141","320","2","133","2015-06-17 11:50:10","1","2015-07-14 10:24:55","1",
"143","71","2015-06-17","2015-07","32","190","1323","4-2014","1-2015","2","Cuit: 30-70790405-0","125","250","9.05","2262.5","306","2","119","2015-06-17 11:50:42","1","2015-06-18 16:35:22","1",
"144","72","2015-06-17","2015-07","32","757","1323","1-2015","1-2015","1","Cuit: 30-66113832-3","125","125","9.044","1130.5","307","2","120","2015-06-17 11:51:05","1","2015-06-18 16:38:30","1",
"145","73","2015-06-17","2015-07","32","430","1314","1-2015","1-2015","1","Cuit: 30-50467703-2 // Rectifica un anticipo desde el 3º TRIM. 2014","125","125","9.056","1132","310","2","123","2015-06-17 11:51:53","1","2015-07-01 15:49:22","1",
"146","74","2015-06-17","2015-07","32","186","1311","1-2015","1-2015","1","Cuit: 30-70816195-7","250","250","9.061","2265.25","309","2","122","2015-06-17 11:52:16","1","2015-07-01 15:46:37","1",
"147","75","2015-06-17","2015-07","32","765","1310","1-2004","1-2006","9","Cuit: 30-62927453-3","87.5","787.5","9.065","7138.69","315","2","128","2015-06-17 11:52:45","1","2015-07-01 17:12:00","1",
"148","76","2015-06-17","2015-07","32","753","1334","4-2014","1-2015","2","Cuit: 30-68307415-9","125","250","9.056","2264","314","2","127","2015-06-17 11:53:20","1","2015-07-01 17:09:30","1",
"149","77","2015-06-17","2015-07","32","751","1311","4-2014","1-2015","2","Cuit: 30-71134377-2","125","250","9.065","2266.25","312","2","125","2015-06-17 11:54:13","1","2015-07-01 16:13:13","1",
"150","78","2015-07-01","2015-07","32","756","1311","1-2015","1-2015","1","Cuit: 30-71134021-8","125","125","9.088","1136","313","2","126","2015-07-01 15:39:47","1","2015-07-01 17:07:24",,
"151","79","2015-07-08","2015-07","32","592","1333","2-2015","2-2015","1","Cuit: 30-67221680-6","125","125","9.114","1139.25","319","2","132","2015-07-08 11:31:01","1","2015-07-08 11:39:52",,
"152","80","2015-07-08","2015-07","32","718","1333","2-2015","2-2015","1","Cuit: 30-71058535-7","125","125","9.114","1139.25","318","2","131","2015-07-08 11:31:27","1","2015-07-08 11:36:53",,
"153","81","2015-07-17","2015-08","32","93","1310","4-2014","2-2015","3","Cuit: 30-70762507-0","125","375","9.142","3428.25","322","2","135","2015-07-17 11:05:41","1","2015-07-17 11:09:39",,
"154","82","2015-07-23","2015-08","32","744","1334","1-2014","2-2015","6","Cuit: 30-71173100-4","125","750","9.161","6870.75","323","2","136","2015-07-23 14:37:52","1","2015-07-23 14:42:31",,
"155","83","2015-07-27","2015-08","32","749","1334","2-2015","2-2015","1","Cuit: 30-61185717-5","125","125","9.173","1146.63","324","2","137","2015-07-27 17:12:55","1","2015-07-27 17:13:15",,
"156","84","2015-07-28","2015-08","32","735","1311","1-2015","2-2015","2","Cuit: 30-64853530-5","125","250","9.173","2293.25","325","2","138","2015-07-28 11:11:04","1","2015-07-28 11:13:53",,
"157","85","2015-07-28","2015-08","32","753","1334","4-2014","1-2015","2","Cuit: 30-68307415-9","125","250","9.173","2293.25","326","2","139","2015-07-28 11:11:26","1","2015-07-28 11:17:02",,
"158","86","2015-07-31","2015-08","32","762","1333","2-2015","2-2015","1","Cuit: 30-70963363-1","125","125","9.19","1148.75","328","2","141","2015-07-31 13:13:13","1","2015-08-04 09:52:58","1",
"159","87","2015-08-05","2015-08","32","432","1323","2-2015","2-2015","1","Cuit: 30-65719789-7","125","125","9.2","1150","329","2","142","2015-08-05 11:14:02","1","2015-08-05 11:17:27",,
"160","88","2015-08-12","2015-08","32","742","1310","4-2014","2-2015","3","Cuit: 30-70920601-6","125","375","9.438","3539.25","369","2","182","2015-08-12 11:00:47","1","2015-10-05 13:22:39","1",
"161","89","2015-08-12","2015-08","32","700","1330","2-2015","2-2015","1","Cuit: 30-50160121-3","125","125","9.227","1153.38","331","2","144","2015-08-12 11:01:48","1","2015-08-12 11:04:50",,
"162","90","2015-08-14","2015-08","32","769","1334","2-2015","2-2015","1","Cuit: 30-70829206-7","125","125","9.237","1154.63","332","2","145","2015-08-14 12:13:17","1","2015-08-14 12:18:32",,
"163","91","2015-08-24","2015-09","32","201","1306","1-2015","2-2015","2","Cuit: 30-50351066-5","125","250","9.272","2318","336","2","149","2015-08-24 13:07:37","1","2015-09-01 09:31:09","1",
"164","92","2015-08-24","2015-09","32","701","1332","2-2015","2-2015","1","Cuit: 30-52099153-7","125","125","9.279","1159.88","337","2","150","2015-08-24 13:07:57","1","2015-09-01 09:42:42","1",
"165","93","2015-08-24","2015-09","32","763","1309","2-2015","2-2015","1","Cuit: 30-70875718-3","125","125","9.377","1172.13","352","2","165","2015-08-24 13:09:44","1","2015-09-18 00:20:47","1",
"166","94","2015-09-09","2015-09","32","767","1310","2-2015","2-2015","1","Cuit: 30-50450787-0","125","125","9.34","1167.5","340","2","153","2015-09-09 21:39:10","1","2015-09-10 17:20:43",,
"167","95","2015-09-09","2015-09","32","754","1330","2-2015","2-2015","1","Cuit: 30-65482746-6","125","125","9.34","1167.5","338","2","151","2015-09-09 21:39:46","1","2015-09-10 12:51:58",,
"168","96","2015-09-15","2015-09","32","739","1306","2-2015","2-2015","1","Cuit: 30-61221167-8","125","125","9.35","1168.75","347","2","160","2015-09-15 10:11:13","1","2015-09-15 15:49:20",,
"169","97","2015-09-15","2015-09","32","746","1306","2-2015","2-2015","1","Cuit: 30-67343289-8","125","125","9.35","1168.75","344","2","157","2015-09-15 10:11:40","1","2015-09-15 15:38:01",,
"170","98","2015-09-15","2015-09","32","22","1324","2-2015","2-2015","1","Cuit: 30-50031568-3","250","250","9.354","2338.5","343","2","156","2015-09-15 10:12:03","1","2015-09-15 15:15:42",,
"171","99","2015-09-15","2015-09","32","525","1323","2-2015","2-2015","1","Cuit: 30-70977625-4","125","125","9.359","1169.88","345","2","158","2015-09-15 10:12:30","1","2015-09-15 15:43:42",,
"172","100","2015-09-15","2015-09","32","757","1323","2-2015","2-2015","1","Cuit: 30-66113832-3","125","125","9.359","1169.88","346","2","159","2015-09-15 10:12:58","1","2015-09-15 15:46:50",,
"173","101","2015-09-15","2015-09","32","673","1310","2-2015","2-2015","1","Cuit: 30-64405502-3","125","125","9.377","1172.13","355","2","168","2015-09-15 10:13:39","1","2015-09-21 18:37:24","1",
"174","102","2015-09-15","2015-09","32","656","1323","2-2015","2-2015","1","Cuit: 30-70804712-7","125","125","9.438","1179.75","367","2","180","2015-09-15 10:14:16","1","2015-10-05 13:16:19","1",
"175","103","2015-09-15","2015-09","32","753","1334","2-2015","2-2015","1","Cuit: 30-68307415-9","125","125","9.365","1170.63","351","2","164","2015-09-15 10:14:32","1","2015-09-16 11:48:38","1",
"176","104","2015-09-15","2015-09","32","753","1325","1-2015","1-2015","1","Cuit: 30-68307415-9 // COM A 4237","125","125","9.359","1169.88","348","2","161","2015-09-15 10:14:51","1","2015-09-15 15:51:44","1",
"177","105","2015-09-15","2015-09","32","41","1314","2-2015","2-2015","1","Cuit: 33-63591613-9","62.5","62.5","9.382","586.38","356","2","169","2015-09-15 10:15:33","1","2015-09-21 18:39:43","1",
"178","106","2015-09-15","2015-09","32","186","1311","2-2015","2-2015","1","Cuit: 30-70816195-7","250","250","9.365","2341.25","349","2","162","2015-09-15 10:16:03","1","2015-09-16 11:43:59","1",
"179","107","2015-09-15","2015-09","32","190","1324","2-2015","2-2015","1","Cuit: 30-70790405-0","125","125","9.365","1170.63","350","2","163","2015-09-15 20:49:58","1","2015-09-16 11:46:25",,
"180","108","2015-09-17","2015-10","32","772","1325","2-2015","2-2015","1","Cuit: 33-71415038-9","125","125","9.371","1171.38","354","2","167","2015-09-18 00:03:39","1","2015-09-18 00:28:17",,
"181","109","2015-09-21","2015-10","32","290","1323","1-2015","2-2015","2","Cuit: 30-67816723-8","125","250","9.382","2345.5","357","2","170","2015-09-21 18:33:36","1","2015-09-21 18:42:06",,
"182","110","2015-09-25","2015-10","32","759","1311","3-2014","2-2015","4","Cuit: 30-61195459-6","125","500","9.404","4702","359","2","172","2015-09-25 12:06:42","1","2015-09-25 12:18:46",,
"183","111","2015-09-25","2015-10","32","773","1306","1-2015","2-2015","2","Cuit: 30-70883870-1","125","250","9.404","2351","360","2","173","2015-09-25 12:13:16","1","2015-09-25 12:25:31",,
"184","112","2015-09-28","2015-10","32","712","1308","2-2014","2-2015","5","Cuit: 30-71072734-8","125","625","9.407","5879.38","362","2","175","2015-09-28 17:44:15","1","2015-09-28 17:48:05",,
"185","113","2015-09-28","2015-10","32","756","1311","2-2015","2-2015","1","Cuit: 30-71134021-8","125","125","9.407","1175.88","363","2","176","2015-09-28 17:44:46","1","2015-09-28 17:52:25",,
"186","114","2015-10-01","2015-10","32","762","1333","3-2015","3-2015","1","Cuit: 30-70963363-1","125","125","9.43","1178.75","364","2","177","2015-10-01 11:50:25","1","2015-10-01 11:54:14",,
"187","115","2015-10-02","2015-10","32","190","1324","1-2015","1-2015","1","Cuit: 30-70790405-0 // COM A 4237","125","125","9.43","1178.75","366","2","179","2015-10-02 14:25:49","1","2015-10-02 14:38:00",,
"188","116","2015-10-02","2015-10","32","741","1332","2-2015","2-2015","1","Cuit: 30661217908","125","125","9.43","1178.75","365","2","178","2015-10-02 14:26:29","1","2015-10-02 14:35:46",,
"189","117","2015-10-02","2015-10","32","749","1334","3-2015","3-2015","1","Cuit: 30-61185717-5","125","125","9.456","1182","371","2","184","2015-10-02 14:26:52","1","2015-10-08 12:44:02","1",
"190","118","2015-10-05","2015-10","32","774","1306","2-2015","2-2015","1","Cuit: 33-53919591-9","125","125","9.438","1179.75","368","2","181","2015-10-05 13:11:24","1","2015-10-05 13:18:09",,
"191","119","2015-10-06","2015-10","32","673","1310","1-2015","2-2015","2","Cuit: 30-64405502-3","125","250","9.444","2361","370","2","183","2015-10-06 11:55:42","1","2015-10-06 11:58:21",,
"192","120","2015-10-08","2015-10","32","592","1333","3-2015","3-2015","1","Cuit: 30-67221680-6","125","125","9.479","1184.88","377","2","190","2015-10-08 12:39:22","1","2015-10-15 12:36:03","1",
"193","121","2015-10-08","2015-10","32","718","1333","3-2015","3-2015","1","Cuit: 30-71058535-7","125","125","9.479","1184.88","376","2","189","2015-10-08 12:39:39","1","2015-10-15 12:34:01","1",
"194","122","2015-10-14","2015-10","32","737","1310","3-2015","3-2015","1","Cuit: 30-65429734-3","125","125","9.474","1184.25","374","2","187","2015-10-14 12:02:36","1","2015-10-14 12:10:55",,
"195","123","2015-10-14","2015-10","32","716","1323","1-2015","1-2015","1","Cuit: 30-54039667-8 // COM A 4237","125","125","9.474","1184.25","373","2","186","2015-10-14 12:03:06","1","2015-10-14 12:08:18",,
"196","124","2015-10-14","2015-10","32","725","1323","1-2015","1-2015","1","Cuit: 30-52102990-7 // COM A 4237","125","125","9.474","1184.25","375","2","188","2015-10-14 12:05:08","1","2015-10-14 12:12:20",,
"197","125","2015-10-15","2015-10","32","709","1329","1-2015","1-2015","1","Cuit: 30-64084332-9 // COM A 4237","125","125","9.479","1184.88","378","2","191","2015-10-15 11:44:40","1","2015-10-15 12:42:29",,
"198","126","2015-10-20","2015-11","32","770","1323","1-2014","3-2015","7","Cuit: 33-61304239-9","87.5","612.5","9.514","5827.33","382","2","195","2015-10-20 15:54:24","1","2015-10-23 15:17:54","1",
"199","127","2015-10-20","2015-11","32","190","1324","4-2014","2-2015","3","Cuit: 30-70790405-0","125","375","9.527","3572.63","383","2","196","2015-10-20 15:54:41","1","2015-10-27 11:46:05","1",
"200","128","2015-10-20","2015-11","32","744","1334","2-2015","3-2015","2","Cuit: 30-71173100-4","125","250","9.514","2378.5","381","2","194","2015-10-20 15:55:01","1","2015-10-23 15:15:17","1",
"201","129","2015-10-20","2015-11","32","525","1323","4-2012","3-2015","12","Cuit: 30-70977625-4 // COM A 4237 -Rectificativas-","125","1500","9.511","14266.5","380","2","193","2015-10-20 15:55:56","1","2015-10-22 11:33:22","1",
"202","130","2015-10-20","2015-11","32","719","1333","2-2015","3-2015","2","Cuit: 30-69124949-9","125","250","9.504","2376","379","2","192","2015-10-20 15:56:25","1","2015-10-20 16:00:24",,
"203","131","2015-11-04","2015-11","32","733","1310","3-2015","3-2015","1","Cuit: 30-67605435-5","125","125","9.648","1206","386","2","205","2015-11-04 16:46:47","1","2015-11-19 11:24:56","1",
"204","132","2015-11-04","2015-11","32","701","1332","3-2015","3-2015","1","Cuit: 30-52099153-7","125","125","9.624","1203","392","2","203","2015-11-04 16:47:01","1","2015-11-17 11:39:02","1",
"205","133","2015-11-04","2015-11","32","432","1323","3-2015","3-2015","1","Cuit: 30-65719789-7","125","125","9.572","1196.5","385","2","198","2015-11-04 16:47:24","1","2015-11-05 17:19:13","1",
"206","134","2015-11-04","2015-11","32","770","1316","4-2014","3-2015","4","Cuit: 33-61304239-9","125","500","9.58","4790","388","2","199","2015-11-04 16:47:43","1","2015-11-10 12:30:42","1",
"207","135","2015-11-05","2015-11","32","748","1310","3-2015","3-2015","1","Cuit: 30-59076629-8","125","125","9.603","1200.38","390","2","201","2015-11-05 17:16:55","1","2015-11-17 11:17:30","1",
"208","136","2015-11-10","2015-11","32","773","1306","3-2015","3-2015","1","Cuit: 30-70883870-1","125","125","9.635","1204.38","391","2","202","2015-11-10 12:27:07","1","2015-11-17 11:21:20","1",
"209","137","2015-11-12","2015-11","32","201","1306","3-2015","3-2015","1","Cuit: 30-50351066-5","125","125","9.668","1208.5","395","2","207","2015-11-12 09:57:45","1","2015-11-23 17:25:52","1",
"210","138","2015-11-17","2015-12","32","776","1334","3-2015","3-2015","1","Cuit: 30-66253307-2","125","125","9.635","1204.38","393","2","204","2015-11-17 10:55:40","1","2015-11-17 11:41:15",,
"211","139","2015-11-17","2015-12","4","777","1314","2-2015","3-2015","2","Cuit: 30-70933011-6","87.5","175",,,,,,"2015-11-17 11:04:05","1","2016-07-04 13:11:27","1",
"212","140","2015-11-19","2015-12","32","747","1332","4-2014","2-2015","3","Cuit: 30-70981840-2","125","375","9.688","3633","399","2","211","2015-11-19 11:22:06","1","2015-12-01 11:24:27","1",
"213","141","2015-11-20","2015-12","32","756","1311","3-2015","3-2015","1","Cuit: 30-71134021-8","125","125","9.657","1207.13","394","2","206","2015-11-20 10:50:20","1","2015-11-20 10:54:41",,
"214","142","2015-11-24","2015-12","32","673","1310","3-2015","3-2015","1","Cuit: 30-64405502-3","125","125","9.672","1209","396","2","208","2015-11-24 13:38:45","1","2015-11-24 13:43:08",,
"215","143","2015-11-25","2015-12","32","778","1323","1-2015","3-2015","3","Cuit: 30-70306857-6","125","375","9.674","3627.75","397","2","209","2015-11-25 11:22:47","1","2015-11-25 11:25:21",,
"216","144","2015-11-25","2015-12","32","747","1332","4-2014","1-2015","2","Cuit: 30-70981840-2 // COM A 4237","125","250","9.688","2422","399","2","211","2015-11-25 11:36:35","1","2015-12-01 11:24:27","1",
"217","145","2015-11-25","2015-12","32","754","1330","3-2015","3-2015","1","Cuit: 30-65482746-6","125","125","9.698","1212.25","400","2","212","2015-11-25 11:36:51","1","2015-12-02 11:24:30","1",
"218","146","2015-12-01","2015-12","32","779","1332","1-2014","3-2015","7","Cuit: 30-70852268-2 // COM A 4237","125","875","9.688","8477","398","2","210","2015-12-01 10:53:27","1","2015-12-01 11:22:10",,
"219","147","2015-12-01","2015-12","32","760","1306","2-2014","4-2014","3","Cuit: 30-71111728-4","125","375","13.25","4968.75","410","2","222","2015-12-01 13:40:46","1","2015-12-22 09:11:19","1",
"220","148","2015-12-11","2015-12","32","757","1323","3-2015","3-2015","1","Cuit: 30-66113832-3","125","125","9.751","1218.88","402","2","214","2015-12-11 10:44:32","1","2015-12-11 10:52:23",,
"221","149","2015-12-11","2015-12","32","772","1323","3-2015","3-2015","1","Cuit: 33-71415038-9","125","125","9.751","1218.88","401","2","213","2015-12-11 10:45:03","1","2015-12-11 10:51:11",,
"222","150","2015-12-11","2015-12","32","700","1306","3-2015","3-2015","1","Cuit: 30-50160121-3","125","125","9.751","1218.88","403","2","215","2015-12-11 10:45:34","1","2015-12-11 10:54:10",,
"223","151","2015-12-14","2015-12","32","525","1323","3-2015","3-2015","1","Cuit: 30-70977625-4","125","125","9.786","1223.25","407","2","219","2015-12-14 15:27:35","1","2015-12-14 15:57:21",,
"224","152","2015-12-14","2015-12","32","742","1310","3-2015","3-2015","1","Cuit: 30-70920601-6","125","125","9.786","1223.25","406","2","218","2015-12-14 15:27:55","1","2015-12-14 15:55:58",,
"225","153","2015-12-14","2015-12","32","22","1335","3-2015","3-2015","1","Cuit: 30-50031568-3","250","250","9.786","2446.5","405","2","217","2015-12-14 15:28:14","1","2015-12-14 15:52:35",,
"226","154","2015-12-15","2015-12","32","780","1332","2-2015","3-2015","2","Cuit: 30-71019041-7","125","250","9.786","2446.5","409","2","221","2015-12-15 11:14:36","1","2015-12-15 11:20:08",,
"227","155","2015-12-21","2016-01","32","735","1311","3-2015","3-2015","1","Cuit: 30-64853530-5","125","125","9.826","1228.25","411","2","223","2015-12-21 15:35:51","1","2015-12-22 09:13:15",,
"228","156","2015-12-22","2016-01","32","753","1334","3-2015","3-2015","1","Cuit: 30-68307415-9","125","125","12.86","1607.5","412","2","224","2015-12-22 09:08:33","1","2015-12-22 09:14:49",,
"229","1","2016-01-06","2016-01","32","190","1324","3-2015","3-2015","1","Cuit: 30-70790405-0","125","125","13.65","1706.25","413","2","225","2016-01-06 13:01:27","1","2016-01-06 13:04:59",,
"230","2","2016-01-12","2016-01","32","737","1310","4-2015","4-2015","1","Cuit: 30-65429734-3","125","125","13.54","1692.5","416","2","228","2016-01-12 10:53:08","1","2016-01-13 18:33:04","1",
"231","3","2016-01-12","2016-01","32","739","1306","3-2015","3-2015","1","Cuit: 30-61221167-8","125","125","13.43","1678.75","422","2","234","2016-01-12 10:53:24","1","2016-01-20 11:37:58","1",
"232","4","2016-01-12","2016-01","32","746","1306","3-2015","3-2015","1","Cuit: 30-67343289-8","125","125","13.43","1678.75","421","2","233","2016-01-12 10:53:39","1","2016-01-20 11:36:34","1",
"233","5","2016-01-12","2016-01","32","199","1314","3-2003","4-2015","50","Cuit: 33-67187656-9","100","5000","1","5000","417","2","229","2016-01-12 10:54:14","1","2016-01-14 11:36:57","1",
"234","6","2016-01-12","2016-01","32","430","1314","2-2015","3-2015","2","Cuit: 30-50467703-2","125","250","13.55","3387.5","415","2","227","2016-01-12 10:54:37","1","2016-01-13 17:17:34","1",
"235","7","2016-01-12","2016-01","32","290","1323","1-2015","3-2015","3","Cuit: 30-67816723-8","125","375","14.16","5310","426","2","238","2016-01-12 12:14:02","1","2016-02-04 10:48:31","1",
"236","8","2016-01-15","2016-01","4","725","1323","1-2016","1-2016","1","Cuit: 30-52102990-7","125","125","13.5","1687.5",,,,"2016-01-15 17:43:16","1","2016-01-20 11:22:44","1",
"237","9","2016-01-15","2016-01","4","716","1323","1-2016","1-2016","1","Cuit: 30-54039667-8","125","125","13.5","1687.5",,,,"2016-01-15 17:43:46","1","2016-01-20 11:22:40","1",
"238","10","2016-01-20","2016-02","32","718","1333","4-2015","4-2015","1","Cuit: 30-71058535-7","125","125","13.43","1678.75","420","2","232","2016-01-20 11:11:41","1","2016-01-20 11:29:21",,
"239","11","2016-01-20","2016-02","32","41","1314","3-2015","4-2015","2","Cuit: 33-63591613-9","62.5","125","13.88","1735","424","2","236","2016-01-20 11:12:12","1","2016-01-27 15:18:53","1",
"240","12","2016-01-21","2016-02","32","186","1311","3-2015","3-2015","1","Cuit: 30-70816195-7","250","250","13.5","3375","423","2","235","2016-01-21 10:10:42","1","2016-01-21 10:15:24",,
"241","13","2016-02-01","2016-02","32","770","1323","4-2015","4-2015","1","Cuit: 33-61304239-9","125","125","13.88","1735","425","2","237","2016-02-01 10:55:15","1","2016-02-01 10:57:23",,
"242","14","2016-02-04","2016-02","32","525","1323","2-2015","3-2015","2","Cuit: 30-70977625-4","125","250","14.16","3540","427","2","239","2016-02-04 10:43:05","1","2016-02-04 10:51:39",,
"243","15","2016-02-11","2016-02","32","748","1310","4-2015","4-2015","1","Cuit: 30-59076629-8","125","125","14.5","1812.5","428","2","240","2016-02-11 16:26:06","1","2016-02-11 16:30:47",,
"244","16","2016-02-16","2016-02","32","201","1306","4-2015","4-2015","1","Cuit: 30-50351066-5","125","125","15.39","1923.75","433","2","245","2016-02-16 10:37:29","1","2016-02-26 11:54:45","1",
"245","17","2016-02-16","2016-02","32","656","1323","3-2015","1-2016","3","Cuit: 30-70804712-7","100","300","13.75","4125","538","2","349","2016-02-16 10:38:14","1","2016-06-15 14:58:05","1",
"246","18","2016-02-16","2016-02","32","781","1333","2-2015","4-2015","3","Cuit: 30-69117985-7","125","375","14.838","5564.25","429","2","241","2016-02-16 11:18:40","1","2016-02-17 11:00:24","1",
"247","19","2016-02-24","2016-03","32","782","1323","4-2015","4-2015","1","Cuit: 30-69833281-2","125","125","15.3","1912.5","430","2","242","2016-02-24 15:44:50","1","2016-02-24 15:48:16",,
"248","20","2016-02-26","2016-03","32","733","1310","4-2015","4-2015","1","Cuit: 30-67605435-5","125","125","15.39","1923.75","432","2","244","2016-02-26 11:49:38","1","2016-02-26 11:52:37",,
"249","21","2016-02-26","2016-03","32","701","1332","4-2015","4-2015","1","Cuit: 30-52099153-7","125","125","15.39","1923.75","434","2","246","2016-02-26 11:50:01","1","2016-02-26 11:57:58",,
"250","22","2016-03-09","2016-03","32","772","1325","4-2015","4-2015","1","Cuit: 33-71415038-9","125","125","15.2","1900","438","2","250","2016-03-09 15:15:16","1","2016-03-09 15:25:07",,
"251","23","2016-03-09","2016-03","32","776","1334","4-2015","4-2015","1","Cuit: 30-66253307-2","125","125","15.2","1900","439","2","251","2016-03-09 15:15:49","1","2016-03-09 15:26:26",,
"252","24","2016-03-09","2016-03","32","673","1323","4-2015","4-2015","1","Cuit: 30-64405502-3","125","125","15.2","1900","436","2","248","2016-03-09 15:16:12","1","2016-03-09 15:22:18",,
"253","25","2016-03-09","2016-03","32","432","1323","4-2015","4-2015","1","Cuit: 30-65719789-7","125","125","15.449","1931.13","435","2","247","2016-03-09 15:16:51","1","2016-03-09 15:20:59",,
"254","26","2016-03-09","2016-03","32","754","1311","4-2015","4-2015","1","Cuit: 30-65482746-6","125","125","15.449","1931.13","437","2","249","2016-03-09 15:17:18","1","2016-03-09 15:23:51",,
"255","27","2016-03-09","2016-03","32","22","1335","4-2015","4-2015","1","Cuit: 30-50031568-3","250","250","15.37","3842.5","440","2","252","2016-03-09 15:17:56","1","2016-03-09 15:33:55",,
"256","28","2016-03-10","2016-03","32","525","1323","2-2015","4-2015","3","Cuit: 30-70977625-4","125","375","15.37","5763.75","444","2","256","2016-03-10 13:13:14","1","2016-03-10 13:36:12",,
"257","29","2016-03-10","2016-03","32","757","1323","4-2015","4-2015","1","Cuit: 30-66113832-3","125","125","15.37","1921.25","442","2","254","2016-03-10 13:14:44","1","2016-03-10 13:33:00","1",
"258","30","2016-03-10","2016-03","32","756","1311","4-2015","4-2015","1","Cuit: 30-71134021-8","125","125","15.37","1921.25","441","2","253","2016-03-10 13:16:27","1","2016-03-10 13:30:57",,
"259","31","2016-03-10","2016-03","32","700","1330","4-2015","4-2015","1","Cuit: 30-50160121-3","125","125","15.37","1921.25","443","2","255","2016-03-10 13:27:31","1","2016-03-10 13:34:32",,
"260","32","2016-03-15","2016-03","32","430","1314","4-2015","4-2015","1","Cuit: 30-50467703-2","125","125","14.52","1815","445","2","257","2016-03-15 16:12:34","1","2016-03-15 16:16:51",,
"261","33","2016-03-16","2016-03","32","753","1334","4-2015","4-2015","1","Cuit: 30-68307415-9","125","125","14.52","1815","447","2","259","2016-03-16 11:15:25","1","2016-03-16 11:15:47",,
"262","34","2016-03-16","2016-03","32","735","1311","4-2015","4-2015","1","Cuit: 30-64853530-5","125","125","14.61","1826.25","448","2","260","2016-03-16 15:55:58","1","2016-03-16 15:58:45",,
"263","35","2016-03-21","2016-04","32","190","1324","2-2015","2-2015","1","Cuit: 30-70790405-0 // COM A 4237","125","125","14.95","1868.75","460","2","272","2016-03-21 14:05:25","1","2016-03-21 14:09:33",,
"264","36","2016-03-21","2016-04","32","201","1306","4-2015","4-2015","1","Cuit: 30-50351066-5 // RECTIFICATIVA","125","125","14.95","1868.75","461","2","273","2016-03-21 14:05:51","1","2016-03-21 14:11:13",,
"265","37","2016-03-23","2016-04","32","739","1306","3-2015","4-2015","2","Cuit: 30-61221167-8","125","250","14.39","3597.5","467","2","279","2016-03-23 15:34:40","1","2016-03-23 15:44:17",,
"266","38","2016-03-23","2016-04","32","746","1306","3-2015","4-2015","2","Cuit: 30-67343289-8","125","250","14.5","3625","466","2","278","2016-03-23 15:35:04","1","2016-03-23 15:42:08",,
"267","39","2016-03-28","2016-04","32","758","1323","2-2015","4-2015","3","Cuit: 30-70844188-7","125","375","14.5","5437.5","468","2","280","2016-03-28 09:42:15","1","2016-03-28 09:51:21",,
"268","40","2016-03-28","2016-04","32","190","1324","4-2015","4-2015","1","Cuit: 30-70790405-0","125","125","14.5","1812.5","469","2","281","2016-03-28 09:42:55","1","2016-03-28 09:56:37","1",
"269","41","2016-04-05","2016-04","32","592","1333","4-2015","4-2015","1","Cuit: 30-67221680-6","125","125","14.79","1848.75","471","2","283","2016-04-05 10:36:29","1","2016-04-05 10:43:27",,
"270","42","2016-04-08","2016-04","32","290","1323","3-2015","4-2015","2","Cuit: 30-67816723-8","125","250","14.47","3617.5","472","2","284","2016-04-08 11:51:39","1","2016-04-08 11:58:19",,
"271","43","2016-04-08","2016-04","32","186","1311","4-2015","4-2015","1","Cuit: 30-70816195-7","250","250","14.47","3617.5","473","2","285","2016-04-08 11:52:16","1","2016-04-08 12:01:37",,
"272","44","2016-04-12","2016-04","32","719","1310","4-2015","4-2015","1","Cuit: 30-69124949-9","125","125","14.52","1815","474","2","286","2016-04-12 10:32:17","1","2016-04-12 11:00:32",,
"273","45","2016-04-12","2016-04","32","186","1311","1-2016","1-2016","1","Cuit: 30-70816195-7","250","250","14.14","3535","490","2","302","2016-04-12 11:34:19","1","2016-04-19 10:33:29","1",
"274","46","2016-04-12","2016-04","32","758","1310","4-2015","4-2015","1","Cuit: 30-70844188-7","125","125","14.14","1767.5","491","2","303","2016-04-12 11:34:50","1","2016-04-19 10:37:21","1",
"275","47","2016-04-12","2016-04","32","737","1310","1-2016","1-2016","1","Cuit: 30-65429734-3","125","125","14.34","1792.5","496","2","308","2016-04-12 11:35:22","1","2016-04-21 11:45:17","1",
"276","48","2016-04-12","2016-04","32","779","1332","2-2015","2-2015","1","Cuit: 30-70852268-2 // COM A 4237","125","125","14.455","1806.88","475","2","287","2016-04-12 11:36:25","1","2016-04-13 15:27:16","1",
"277","49","2016-04-12","2016-04","32","788","1306","1-2010","4-2015","24","Cuit: 30-70708500-9","70","1680","14.14","23755.2","493","2","305","2016-04-12 11:37:54","1","2016-04-19 10:41:21","1",
"278","50","2016-04-18","2016-05","32","719","1310","1-2016","1-2016","1","Cuit: 30-69124949-9","125","125","14.34","1792.5","495","2","307","2016-04-18 12:46:52","1","2016-04-21 11:43:18","1",
"279","51","2016-04-18","2016-05","32","770","1316","1-2016","1-2016","1","Cuit: 33-61304239-9","125","125","14.3","1787.5","498","2","310","2016-04-18 12:47:42","1","2016-04-29 10:49:15","1",
"280","52","2016-04-18","2016-05","32","190","1324","1-2015","4-2015","4","Cuit: 30-70790405-0","125","500","14.34","7170","494","2","306","2016-04-18 12:48:28","1","2016-04-21 11:40:01","1",
"281","53","2016-04-18","2016-05","32","190","1324","1-2015","1-2015","1","Cuit: 30-70790405-0 // COM A 4237","125","125","14.34","1792.5","494","2","306","2016-04-18 12:48:54","1","2016-04-21 11:40:01","1",
"282","54","2016-04-18","2016-05","32","701","1332","1-2016","1-2016","1","Cuit: 30-52099153-7","125","125","14.14","1767.5","492","2","304","2016-04-18 12:49:33","1","2016-04-19 10:39:25","1",
"283","55","2016-04-28","2016-05","32","794","1333","4-2015","1-2016","2","Cuit: 30-67861679-2","125","250","14.33","3582.5","497","2","309","2016-04-28 16:06:39","1","2016-04-28 16:25:01",,
"284","56","2016-04-29","2016-05","32","776","1334","1-2016","1-2016","1","Cuit: 30-66253307-2","125","125","14.25","1781.25","501","2","313","2016-04-29 10:44:30","1","2016-05-02 13:05:59","1",
"285","57","2016-04-29","2016-05","32","782","1323","1-2016","1-2016","1","Cuit: 30-69833281-2","125","125","14.24","1780","503","2","315","2016-04-29 10:45:18","1","2016-05-06 16:17:03","1",
"286","58","2016-04-29","2016-05","32","753","1325","2-2015","2-2015","1","Cuit: 30-68307415-9 // COM A 4237","125","125","14.25","1781.25","500","2","312","2016-04-29 10:46:10","1","2016-05-02 13:00:20","1",
"287","59","2016-05-02","2016-05","32","795","1310","1-2016","1-2016","1","Cuit: 23-07801761-9","125","125","14.25","1781.25","499","2","311","2016-05-02 12:48:16","1","2016-05-02 12:51:32",,
"288","60","2016-05-03","2016-05","32","739","1306","4-2015","1-2016","2","Cuit: 30-61221167-8","125","250","14.21","3552.5","504","2","316","2016-05-03 12:23:20","1","2016-05-10 11:53:48","1",
"289","61","2016-05-03","2016-05","32","430","1314","1-2016","1-2016","1","Cuit: 30-50467703-2","125","125","13.991","1748.88","522","2","333","2016-05-03 12:23:35","1","2016-06-01 12:45:59","1",
"290","62","2016-05-05","2016-05","32","758","1310","4-2015","4-2015","1","Cuit: 30-70844188-7","125","125","14.24","1780","502","2","314","2016-05-05 10:36:40","1","2016-05-06 11:36:59","1",
"291","63","2016-05-05","2016-05","32","434","1333","2-2003","1-2016","52","Cuit: 30-65700033-3","125","6500","15.06","97890","587","2","399","2016-05-05 10:37:13","1","2016-07-05 17:45:28","1",
"292","64","2016-05-20","2016-06","4","775","1306","3-2015","1-2016","3","Cuit: 20-16383372-8","125","375","14.1","5287.5",,,,"2016-05-20 10:37:23","1","2016-05-20 10:46:46","1",
"293","65","2016-06-01","2016-06","32","753","1334","1-2016","1-2016","1","Cuit: 30-68307415-9","125","125","13.991","1748.88","523","2","334","2016-06-01 12:47:09","1","2016-06-01 12:48:44",,
"294","66","2016-06-03","2016-06","32","770","1316","1-2016","1-2016","1","Cuit: 33-61304239-9","125","125","13.9","1737.5","524","2","335","2016-06-03 13:27:15","1","2016-06-03 13:37:03",,
"295","67","2016-06-03","2016-06","32","788","1306","1-2016","1-2016","1","Cuit: 30-70708500-9","125","125","13.77","1721.25","529","2","340","2016-06-03 13:27:30","1","2016-06-09 10:31:03","1",
"296","68","2016-06-03","2016-06","32","22","1335","1-2016","1-2016","1","Cuit: 30-50031568-3","250","250","13.82","3455","531","2","342","2016-06-03 13:27:48","1","2016-06-10 13:15:27","1",
"297","69","2016-06-06","2016-06","32","718","1333","1-2016","1-2016","1","Cuit: 30-71058535-7","125","125","13.82","1727.5","530","2","341","2016-06-06 13:07:02","1","2016-06-10 13:13:07","1",
"298","70","2016-06-06","2016-06","32","754","1330","1-2016","1-2016","1","Cuit: 30-65482746-6","125","125","13.9","1737.5","526","2","337","2016-06-06 13:07:28","1","2016-06-09 10:24:01","1",
"299","71","2016-06-06","2016-06","32","290","1323","4-2015","1-2016","2","Cuit: 30-67816723-8","125","250","13.9","3475","525","2","336","2016-06-06 13:09:58","1","2016-06-09 10:20:40","1",
"300","72","2016-06-06","2016-06","32","673","1323","1-2016","1-2016","1","Cuit: 30-64405502-3","125","125","13.9","1737.5","527","2","338","2016-06-06 13:10:33","1","2016-06-09 10:25:59","1",
"301","73","2016-06-06","2016-06","32","772","1325","1-2016","1-2016","1","Cuit: 33-71415038-9","125","125","13.9","1737.5","528","2","339","2016-06-06 13:11:39","1","2016-06-09 10:29:31","1",
"302","74","2016-06-10","2016-06","32","757","1323","1-2016","1-2016","1","Cuit: 30-66113832-3","125","125","13.82","1727.5","532","2","343","2016-06-10 13:08:50","1","2016-06-10 13:16:44",,
"303","75","2016-06-13","2016-06","32","748","1310","1-2016","1-2016","1","Cuit: 30-59076629-8","125","125","13.8","1725","534","2","345","2016-06-13 12:46:03","1","2016-06-13 12:56:54",,
"304","76","2016-06-13","2016-06","32","744","1334","1-2016","1-2016","1","Cuit: 30-71173100-4","125","125","13.8","1725","533","2","344","2016-06-13 12:46:38","1","2016-06-13 12:54:57",,
"305","77","2016-06-14","2016-06","32","700","1330","1-2016","1-2016","1","Cuit: 30-50160121-3","125","125","13.8","1725","537","2","348","2016-06-14 12:29:32","1","2016-06-14 12:44:30",,
"306","78","2016-06-14","2016-06","32","781","1323","1-2016","1-2016","1","Cuit: 30-69117985-7","125","125","13.8","1725","535","2","346","2016-06-14 12:30:04","1","2016-06-14 12:39:00",,
"307","79","2016-06-14","2016-06","32","803","1310","2-2007","2-2008","5","Cuit: 30-70766397-5","125","625","13.8","8625","536","2","347","2016-06-14 12:36:51","1","2016-06-14 12:41:39",,
"308","80","2016-06-15","2016-06","32","746","1306","1-2016","1-2016","1","Cuit: 30-67343289-8","125","125","13.75","1718.75","539","2","350","2016-06-15 12:10:53","1","2016-06-15 15:04:16",,
"309","81","2016-06-15","2016-06","32","735","1311","1-2016","1-2016","1","Cuit: 30-64853530-5","125","125","13.745","1718.13","541","2","352","2016-06-15 12:11:13","1","2016-06-16 14:23:55","1",
"310","82","2016-06-15","2016-06","32","733","1310","1-2016","1-2016","1","Cuit: 30-67605435-5","125","125","13.745","1718.13","540","2","351","2016-06-15 12:11:28","1","2016-06-16 14:19:40","1",
"311","83","2016-06-15","2016-06","32","190","1324","4-2012","1-2016","14","Cuit: 30-70790405-0","125","1750","14.45","25287.5","583","2","395","2016-06-15 12:12:13","1","2016-07-01 14:30:21","1",
"312","84","2016-06-23","2016-07","32","805","1310","4-2015","1-2016","2","Cuit: 30-66251974-6","125","250","14.07","3517.5","581","2","393","2016-06-23 10:41:13","1","2016-06-23 10:51:12",,
"313","85","2016-06-30","2016-07","32","802","1310","4-2015","1-2016","2","Cuit: 30-70952265-1","125","250","14.93","3732.5","584","2","396","2016-06-30 10:36:55","1","2016-07-01 14:32:03",,
"314","86","2016-06-30","2016-07","32","807","1314","3-2015","1-2016","3","Cuit: 30-70799955-8","125","375","14.98","5617.5","582","2","394","2016-06-30 10:43:10","1","2016-07-01 14:28:08",,
"315","87","2016-07-04","2016-07","32","758","1310","1-2016","1-2016","1","Cuit: 30-70844188-7","125","125","15","1875","585","2","397","2016-07-04 13:11:51","1","2016-07-04 13:14:33",,
"316","88","2016-07-05","2016-07","32","525","1323","1-2016","1-2016","1","Cuit: 30-70977625-4","125","125","15.06","1882.5","586","2","398","2016-07-05 12:30:20","1","2016-07-05 17:42:36",,
"317","89","2016-07-15","2016-07","32","22","1335","1-2016","1-2016","1","Cuit: 30-50031568-3","250","250","14.95","3737.5","632","2","443","2016-07-15 11:06:40","1","2016-07-19 11:12:47","1",
"318","90","2016-07-15","2016-07","32","803","1310","1-2009","1-2009","1","Cuit: 30-70766397-5","125","125","14.74","1842.5","589","2","400","2016-07-15 11:07:06","1","2016-07-15 11:15:19",,
"319","91","2016-07-15","2016-07","32","93","1314","3-2015","2-2016","4","Cuit: 30-70762507-0","125","500","14.95","7475","637","2","448","2016-07-15 11:07:49","1","2016-07-26 11:33:37","1",
"320","92","2016-07-15","2016-07","32","737","1310","2-2016","2-2016","1","Cuit: 30-65429734-3","125","125","15.15","1893.75","633","2","444","2016-07-15 11:08:04","1","2016-07-19 11:14:22","1",
"321","93","2016-07-15","2016-07","32","701","1332","2-2016","2-2016","1","Cuit: 30-52099153-7","125","125","15","1875","634","2","445","2016-07-15 11:10:19","1","2016-07-20 10:52:41","1",
"322","94","2016-07-26","2016-08","32","788","1306","1-2016","2-2016","2","Cuit: 30-70708500-9","125","250","15.04","3760","638","2","449","2016-07-26 11:29:02","1","2016-07-29 12:38:00","1",
"323","95","2016-07-29","2016-08","32","37","1310","2-2016","2-2016","1","Cuit: 30-56611050-0","125","125","15.01","1876.25","640","2","451","2016-07-29 12:30:29","1","2016-08-01 15:11:04","1",
"324","96","2016-08-10","2016-08","32","782","1323","2-2016","2-2016","1","Cuit: 30-69833281-2","125","125","14.77","1846.25","641","2","452","2016-08-10 11:48:58","1","2016-08-10 13:17:09",,
"325","97","2016-08-10","2016-08","32","776","1334","2-2016","2-2016","1","Cuit: 30-66253307-2","125","125","14.77","1846.25","642","2","453","2016-08-10 11:49:36","1","2016-08-10 13:21:41",,
"326","98","2016-08-16","2016-08","32","190","1324","1-2016","1-2016","1","Cuit: 30-70790405-0 // COM A 4237","125","125","14.81","1851.25","687","2","498","2016-08-16 15:05:28","1","2016-08-24 15:52:50","1",
"327","99","2016-08-16","2016-08","32","41","1314","1-2016","1-2016","1","Cuit: 33-63591613-9","62.5","62.5","14.918","932.38","686","2","497","2016-08-16 15:05:55","1","2016-08-24 15:50:49","1",
"328","100","2016-08-16","2016-08","32","811","1311","1-2016","2-2016","2","Cuit: 30-70841025-6","125","250","14.67","3667.5","643","2","454","2016-08-16 15:15:36","1","2016-08-16 15:55:14",,
"329","101","2016-08-31","2016-09","32","805","1310","2-2016","2-2016","1","Cuit: 30-66251974-6","125","125","15","1875","691","2","502","2016-08-31 11:27:29","1","2016-08-31 11:31:28",,
"330","102","2016-08-31","2016-09","32","718","1333","2-2016","2-2016","1","Cuit: 30-71058535-7","125","125","15.02","1877.5","694","2","505","2016-08-31 11:27:53","1","2016-09-06 13:20:04","1",
"331","103","2016-08-31","2016-09","32","719","2","1-2016","2-2016","2","Cuit: 30-69124949-9","125","250","14.93","3732.5","692","2","503","2016-08-31 11:28:16","1","2016-09-01 16:21:53","1",
"332","104","2016-08-31","2016-09","32","430","1314","2-2016","2-2016","1","Cuit: 30-50467703-2","125","125","15","1875","702","2","513","2016-08-31 11:28:37","1","2016-09-14 11:46:01","1",
"333","105","2016-08-31","2016-09","32","432","1323","1-2016","2-2016","2","Cuit: 30-65719789-7","125","250","15.02","3755","693","2","504","2016-08-31 11:28:55","1","2016-09-06 10:40:44","1",
"334","106","2016-08-31","2016-09","32","673","1311","2-2016","2-2016","1","Cuit: 30-64405502-3","125","125","15.02","1877.5","698","2","509","2016-08-31 11:29:13","1","2016-09-09 13:31:56","1",
"335","107","2016-09-09","2016-09","32","745","1310","2-2016","2-2016","1","Cuit: 30-71173100-4","125","125","15.05","1881.25","695","2","506","2016-09-09 13:13:53","1","2016-09-09 13:23:31",,
"336","108","2016-09-09","2016-09","32","748","1310","2-2016","2-2016","1","Cuit: 30-59076629-8","125","125","15.05","1881.25","697","2","508","2016-09-09 13:14:23","1","2016-09-09 13:29:27",,
"337","109","2016-09-09","2016-09","32","754","1330","2-2016","2-2016","1","Cuit: 30-65482746-6","125","125","15.07","1883.75","696","2","507","2016-09-09 13:16:28","1","2016-09-09 13:25:22",,
"338","110","2016-09-09","2016-09","32","700","1330","2-2016","2-2016","1","Cuit: 30-50160121-3","125","125","15.07","1883.75","700","2","511","2016-09-09 13:17:14","1","2016-09-09 13:35:29",,
"339","111","2016-09-09","2016-09","32","757","1323","2-2016","2-2016","1","Cuit: 30-66113832-3","125","125","15.07","1883.75","699","2","510","2016-09-09 13:18:24","1","2016-09-09 13:34:13",,
"340","112","2016-09-12","2016-09","32","733","1310","2-2016","2-2016","1","Cuit: 30-67605435-5","125","125","15.35","1918.75","744","2","555","2016-09-12 19:20:48","1","2016-09-23 14:43:27","1",
"341","113","2016-09-12","2016-09","32","739","1306","2-2016","2-2016","1","Cuit: 30-61221167-8","125","125","15.3","1912.5","755","2","566","2016-09-12 19:21:04","1","2016-10-14 13:23:26","1",
"342","114","2016-09-12","2016-09","32","735","1311","2-2016","2-2016","1","Cuit: 30-64853530-5","125","125","15.2","1900","704","2","515","2016-09-12 19:21:19","1","2016-09-15 16:28:32","1",
"343","115","2016-09-12","2016-09","32","186","1311","2-2016","2-2016","1","Cuit: 30-70816195-7","250","250","15.4","3850","747","2","558","2016-09-12 19:21:34","1","2016-09-27 11:11:43","1",
"344","116","2016-09-12","2016-09","32","22","1335","2-2016","2-2016","1","Cuit: 30-50031568-3","250","250","15","3750","701","2","512","2016-09-12 19:21:52","1","2016-09-14 11:44:08","1",
"345","117","2016-09-12","2016-09","4","199","1314","1-2016","2-2016","2","Cuit: 33-67187656-9","125","250",,,,,,"2016-09-12 19:22:13","1","2018-06-01 15:53:19","1",
"346","118","2016-09-12","2016-09","32","746","1306","2-2016","2-2016","1","Cuit: 30-67343289-8","125","125","15.4","1925","753","2","564","2016-09-12 19:22:29","1","2016-10-12 12:53:48","1",
"347","119","2016-09-12","2016-09","4","802","1310","2-2016","2-2016","1","Cuit: 30-70952265-1","125","125",,,,,,"2016-09-12 19:22:49","1","2016-09-23 14:39:43","1",
"348","120","2016-09-12","2016-09","32","190","1324","2-2016","2-2016","1","Cuit: 30-70790405-0","125","125","15.07","1883.75","743","2","554","2016-09-12 19:23:09","1","2016-09-20 12:36:37","1",
"349","121","2016-09-12","2016-09","32","701","1332","3-2016","3-2016","1","Cuit: 30-52099153-7","125","125","15.4","1925","797","2","608","2016-09-12 19:23:30","1","2016-10-27 16:11:03","1",
"350","122","2016-09-20","2016-10","32","781","1333","2-2016","2-2016","1","Cuit: 30-69117985-7","125","125","15.15","1893.75","742","2","553","2016-09-20 11:42:30","1","2016-09-20 12:31:39",,
"351","123","2016-09-23","2016-10","32","525","1323","1-2016","2-2016","2","Cuit: 30-70977625-4","125","250","15.35","3837.5","745","2","556","2016-09-23 14:39:08","1","2016-09-23 14:43:40",,
"352","124","2016-09-23","2016-10","32","802","1317","2-2016","2-2016","1","Cuit: 30-70952265-1","125","125","15.4","1925","752","2","563","2016-09-23 14:39:30","1","2016-10-11 13:11:14","1",
"353","125","2016-09-27","2016-10","32","772","1325","2-2016","2-2016","1","Cuit: 33-71415038-9","125","125","15.4","1925","748","2","559","2016-09-27 11:03:18","1","2016-09-27 11:13:02",,
"354","126","2016-09-27","2016-10","32","779","1332","1-2016","1-2016","1","Cuit: 30-70852268-2 // COM A 4237","125","125","15.4","1925","746","2","557","2016-09-27 11:03:48","1","2016-09-27 11:10:06",,
"355","127","2016-09-30","2016-10","32","814","1332","3-2015","2-2016","4","Cuit: 30-70807077-3","87.5","350","15.5","5425","750","2","561","2016-09-30 12:02:19","1","2016-10-03 15:37:59","1",
"356","128","2016-10-03","2016-10","32","807","1314","2-2016","2-2016","1","Cuit: 30-70799955-8","125","125","15.5","1937.5","751","2","562","2016-10-03 15:32:18","1","2016-10-03 15:40:17",,
"357","129","2016-10-04","2016-10","32","290","1323","2-2016","2-2016","1","Cuit: 30-67816723-8","125","125","15.3","1912.5","754","2","565","2016-10-04 16:44:45","1","2016-10-13 12:56:38","1",
"358","130","2016-10-04","2016-10","32","753","1334","2-2016","2-2016","1","Cuit: 30-68307415-9","125","125","15.4","1925","796","2","607","2016-10-04 16:44:58","1","2016-10-27 16:08:05","1",
"359","131","2016-10-27","2016-11","32","753","1325","1-2016","1-2016","1","Cuit: 30-68307415-9 // COM A 4237","125","125","15.4","1925","796","2","607","2016-10-27 16:05:27","1","2016-10-27 16:08:05",,
"360","132","2016-11-02","2016-11","32","737","1310","3-2016","3-2016","1","Cuit: 30-65429734-3","125","125","15.3","1912.5","798","2","609","2016-11-02 17:20:25","1","2016-11-02 17:22:16",,
"361","133","2016-11-07","2016-11","32","782","1323","3-2016","3-2016","1","Cuit: 30-69833281-2","125","125","15.25","1906.25","799","2","610","2016-11-07 12:12:58","1","2016-11-09 20:15:17",,
"362","134","2016-11-15","2016-11","32","739","1306","3-2016","3-2016","1","Cuit: 30-61221167-8","125","125","15.5","1937.5","800","2","611","2016-11-15 08:38:02","1","2016-11-15 08:41:15",,
"363","135","2016-11-15","2016-11","4","93","1323","3-2016","3-2016","1","Cuit: 30-70762507-0","125","125",,,,,,"2016-11-15 08:38:18","1","2018-06-01 15:53:14","1",
"364","136","2016-11-25","2016-12","32","754","1330","3-2016","3-2016","1","Cuit: 30-65482746-6","125","125","15.7","1962.5","845","2","656","2016-11-25 18:46:29","1","2016-11-25 18:48:13",,
"365","137","2016-12-05","2016-12","32","673","1310","3-2016","3-2016","1","Cuit: 30-64405502-3","125","125","15.9","1987.5","848","2","659","2016-12-05 17:35:50","1","2016-12-05 17:54:01",,
"366","138","2016-12-05","2016-12","32","745","1334","3-2016","3-2016","1","Cuit: 30-71173100-4","125","125","16.1","2012.5","846","2","657","2016-12-05 17:36:41","1","2016-12-05 17:50:55",,
"367","139","2016-12-05","2016-12","32","430","1314","3-2016","3-2016","1","Cuit: 30-50467703-2","125","125","16.15","2018.75","847","2","658","2016-12-05 17:37:05","1","2016-12-05 17:52:36",,
"368","140","2016-12-05","2016-12","32","525","1323","3-2016","3-2016","1","Cuit: 30-70977625-4","125","125","16.1","2012.5","849","2","660","2016-12-05 17:37:23","1","2016-12-05 18:22:09",,
"369","141","2016-12-13","2016-12","32","700","1330","3-2016","3-2016","1","Cuit: 30-50160121-3","125","125","16.2","2025","852","2","663","2016-12-13 13:20:15","1","2016-12-13 13:29:09",,
"370","142","2016-12-13","2016-12","32","718","1333","3-2016","3-2016","1","Cuit: 30-71058535-7","125","125","16.2","2025","850","2","661","2016-12-13 13:20:34","1","2016-12-13 13:23:54",,
"371","143","2016-12-13","2016-12","32","781","1333","3-2016","3-2016","1","Cuit: 30-69117985-7","125","125","16.2","2025","851","2","662","2016-12-13 13:20:52","1","2016-12-13 13:27:01",,
"372","144","2016-12-16","2016-12","32","434","1333","2-2016","3-2016","2","Cuit: 30-65700033-3","125","250","16.15","4037.5","856","2","667","2016-12-16 17:05:27","5","2016-12-16 17:16:39","5",
"373","145","2016-12-16","2016-12","32","748","1310","3-2016","3-2016","1","Cuit: 30-59076629-8","125","125","16.15","2018.75","854","2","665","2016-12-16 17:05:48","5","2016-12-16 17:13:40",,
"374","146","2016-12-16","2016-12","32","22","1335","3-2016","3-2016","1","Cuit: 30-50031568-3","250","250","16.15","4037.5","853","2","664","2016-12-16 17:06:11","5","2016-12-16 17:09:35",,
"375","147","2016-12-16","2016-12","32","757","1323","3-2016","3-2016","1","Cuit: 30-66113832-3","125","125","16.15","2018.75","855","2","666","2016-12-16 17:06:50","5","2016-12-16 17:15:11",,
"376","1","2017-01-05","2017-01","32","190","1324","4-2016","4-2016","1","Cuit: 30-70790405-0","125","125","16","2000","888","2","700","2017-01-05 12:25:20","5","2017-01-05 12:38:47",,
"377","2","2017-01-05","2017-01","32","186","1311","4-2016","4-2016","1","Cuit: 30-70816195-7","250","250","16.05","4012.5","887","2","699","2017-01-05 12:25:51","5","2017-01-05 12:28:21",,
"378","3","2017-01-05","2017-01","32","788","1306","4-2016","4-2016","1","Cuit: 30-70708500-9","125","125","15.75","1968.75","889","2","701","2017-01-05 12:26:19","5","2017-01-05 12:40:23",,
"379","1","2018-06-01","2018-06","32","848","1311","1-2017","3-2017","3","Cuit: 30-70982611-1","125","375","25.4","9525","1530","2","1342","2018-06-01 15:56:34","1","2018-06-01 16:00:23","1",
"380","2","2018-11-12","2018-11","32","619","1342","1-2018","1-2018","1","Cuit: 30-71031041-2   19 períodos de 3602 + 4237","2375","2375","38.8","92150","1959","2","1769","2018-11-12 13:05:03","1","2019-02-12 14:49:20","1",
"381","3","2018-11-12","2018-11","32","866","1342","1-2018","1-2018","1","Cuit: 30590162279","339.5","339.5","45.7","15515.15","2155","2","1962","2018-11-12 13:05:34","1","2019-06-07 14:49:10","1",
"382","4","2018-11-12","2018-11","32","526","1342","1-2018","1-2018","1","Cuit: 30686241749","600","600","41.10333","24662","2045","2","1854","2018-11-12 13:05:54","1","2019-03-20 09:27:47","1",
"383","5","2018-11-12","2018-11","32","873","1342","1-2018","1-2018","1","Cuit: 30709981362","395.5","395.5","38.6","15266.3","1838","2","1649","2018-11-12 13:06:34","1","2018-12-03 13:11:00","1",
"384","6","2018-11-12","2018-11","32","435","1342","1-2018","1-2018","1","Cuit: 30-61709119-0","500","500","38.7","19350","1855","2","1666","2018-11-12 13:50:42","1","2018-12-12 15:40:36","1",
"385","7","2018-11-12","2018-11","32","860","1342","1-2017","1-2017","1","Cuit: 30-69475320-1","420","420","63.5","26670","2442","2","2240","2018-11-12 13:51:05","1","2019-11-04 22:09:02","1",
"386","8","2018-12-11","2018-12","32","802","1342","1-2018","1-2018","1","Cuit: 30-70952265-1","200","200","38.6","7720","1852","2","1663","2018-12-11 12:34:16","1","2018-12-11 12:37:33",,
"387","9","2018-12-12","2018-12","32","878","1342","1-2018","1-2018","1","Cuit: 30688938208","300","300","38.7","11610","1853","2","1664","2018-12-12 09:50:24","1","2018-12-12 15:37:47",,
"388","10","2018-12-12","2018-12","32","879","1342","1-2018","1-2018","1","Cuit: 30506357841","139.5","139.5","38.5","5370.75","1854","2","1665","2018-12-12 15:27:13","1","2018-12-12 15:39:15",,
"389","1","2019-01-09","2019-01","32","848","1342","1-2019","1-2019","1","Cuit: 30-70982611-1","250","250","38.5","9625","1908","2","1718","2019-01-09 11:10:10","1","2019-01-09 16:23:45",,
"390","2","2019-01-09","2019-01","32","843","1342","1-2019","1-2019","1","Cuit: 30-54334908-5","145.5","145.5","38.4","5587.2","1949","2","1759","2019-01-09 14:33:05","1","2019-01-24 14:02:59","1",
"391","3","2019-01-23","2019-02","32","843","1342","1-2019","1-2019","1","Cuit: 30-54334908-5  por 70%","319.5","319.5","42.2","13482.9","2009","2","1818","2019-01-23 15:21:47","1","2019-03-15 14:49:23","1",
"392","4","2019-02-12","2019-02","32","905","1342","1-2019","1-2019","1","Cuit: 30715468294","385","385","63.25","24351.25","2666","2","2458","2019-02-12 14:45:40","1","2020-02-19 14:43:21","1",
"393","5","2019-02-12","2019-02","32","228","1342","1-2019","1-2019","1","Cuit: 30501579471","150","150","57","8550","2299","2","2101","2019-02-12 14:46:17","1","2019-09-06 09:07:40","1",
"394","6","2019-02-13","2019-02","4","598","1342","1-2019","1-2019","1","Cuit: 30-66341857-9  USD 580 + IVA para la DDJJ Anual y USD 145 + IVA para las trimestrales, ambas al tipo de cambio del Banco Nación a Fecha de Validación.","580","580",,,,,,"2019-02-13 09:15:18","1","2019-09-19 10:04:37","1",
"395","7","2019-03-14","2019-03","4","543","1342","1-2019","1-2019","1","Cuit: 30-66207168-01","100","100",,,,,,"2019-03-14 10:25:52","1","2019-09-12 22:44:31","1",
"396","8","2019-03-26","2019-04","32","526","1342","1-2019","1-2019","1","Cuit: 30686241749   DDJJ 1° TRIMESTRE 2018","300","300","30","9000","2343","2","2145","2019-03-26 10:01:35","1","2019-09-23 01:21:59","1",
"397","9","2019-05-02","2019-05","32","873","1342","1-2019","1-2019","1","Cuit: 30709981362   45,7000 	11/6/2019","125","169.5","45.7","7746.15","2190","2","1997","2019-05-02 22:46:55","1","2019-06-21 17:26:47","1",
"398","10","2019-05-02","2019-05","32","929","1342","1-2019","1-2019","1","Cuit: 30715863193","385","385","63.25","24351.25","2668","2","2460","2019-05-02 23:06:30","1","2020-02-19 14:47:36","1",
"399","11","2019-06-03","2019-06","32","869","1342","1-2019","1-2019","1","Cuit: 30626391385","375","375","45.7","17137.5","2153","2","1960","2019-06-03 15:06:16","1","2019-06-03 15:08:20",,
"400","12","2019-06-10","2019-06","4","347","1342","1-2019","1-2019","1","Cuit: 30516868119","485","485",,,,,,"2019-06-10 16:13:49","1","2019-09-19 10:04:29","1",
"401","13","2019-06-10","2019-06","32","797","1342","1-2019","1-2019","1","Cuit: 30-70951349-0    DDJJ ANUAL 2018","200","200","59","11800","2363","2","2163","2019-06-10 16:14:37","1","2019-09-29 20:15:05","1",
"402","14","2019-06-10","2019-06","4","853","1342","1-2019","1-2019","1","Cuit: 30602756773","525","525",,,,,,"2019-06-10 21:30:11","1","2019-10-19 09:06:39","1",
"403","15","2019-06-24","2019-07","32","891","1342","1-2019","1-2019","1","Cuit: 30711917779   DDJJ ANUAL 2017","349.2","349.2","58.5","20428.2","2342","2","2144","2019-06-24 20:11:05","1","2019-09-23 01:19:53","1",
"404","16","2019-06-24","2019-07","32","892","1342","1-2019","1-2019","1","Cuit: 33584584179","129.57","129.57","57.5","7450.28","2333","2","2135","2019-06-24 20:17:27","1","2019-09-17 00:01:04","1",
"405","17","2019-06-24","2019-07","32","721","1342","1-2017","1-2017","1","Cuit: 30-62971795-8","319.5","319.5","59.5","19010.25","2378","2","2178","2019-06-24 20:25:31","1","2019-10-16 18:56:07","1",
"406","18","2019-06-24","2019-07","32","840","1342","1-2019","1-2019","1","Cuit: 33-70882963-9","600","600","43.4","26040","2192","2","1999","2019-06-24 20:26:31","1","2019-06-26 19:22:44","1",
"407","19","2019-06-24","2019-07","32","435","1342","1-2019","1-2019","1","Cuit: 30-61709119-0","125","125","63","7875","2280","2","2084","2019-06-24 20:27:01","1","2019-08-16 21:57:29","1",
"408","20","2019-06-24","2019-07","32","873","1342","1-2019","1-2019","1","Cuit: 30709981362","395.5","395.5","42.7","16887.85","2201","2","2006","2019-06-24 20:28:13","1","2019-07-16 09:28:15","1",
"409","21","2019-06-26","2019-07","32","893","1342","1-2019","1-2019","1","Cuit: 30666049450","112.5","112.5","43.4","4882.5","2191","2","1998","2019-06-26 16:19:51","1","2019-06-26 19:20:58",,
"410","22","2019-06-26","2019-07","32","893","1342","1-2019","1-2019","1","Cuit: 30666049450","262.5","262.5","43","11287.5","2200","2","2005","2019-06-26 16:20:33","1","2019-07-10 14:03:48","1",
"411","23","2019-12-02","2019-12","32","906","1342","1-2018","1-2018","1","Cuit: 30711060959   DDJJ ANUAL 2018","375","375","62.25","23343.75","2518","2","2313","2019-06-26 16:29:40","1","2019-12-03 13:36:25","1",
"412","24","2019-07-14","2019-07","32","873","1342","1-2019","1-2019","1","Cuit: 30709981362","395.5","395.5","42.7","16887.85","2201","2","2006","2019-07-14 21:16:52","1","2019-07-16 09:28:15","1",
"413","25","2019-07-16","2019-07","32","894","1342","1-2019","1-2019","1","Cuit: 30527196112   515 a 43.40","515","515","43.4","22351","2203","2","2008","2019-07-16 11:32:13","1","2019-07-16 12:10:38",,
"414","26","2019-07-16","2019-07","32","873","1342","1-2019","1-2019","1","Cuit: 30709981362","395.5","395.5","42.7","16887.85","2204","2","2009","2019-07-16 12:06:07","1","2019-07-16 12:13:16",,
"415","27","2019-08-14","2019-08","32","103","1342","1-2019","1-2019","1","Cuit: 30707202560","100","100","30","3000","2279","2","2083","2019-08-14 16:31:44","1","2019-08-16 21:55:30",,
"416","28","2019-09-09","2019-09","32","435","1342","1-2019","1-2019","1","Cuit: 30-61709119-0  1.	Unilan: USD 125 + IVA A TC $57. Concepto Validacion 6401 2°TRIM 2018","125","125","57","7125","2301","2","2103","2019-09-09 13:18:56","1","2019-09-10 13:10:35",,
"417","29","2019-09-09","2019-09","32","228","1342","1-2019","1-2019","1","Cuit: 30501579471","150","150","57","8550","2300","2","2102","2019-09-09 17:04:58","1","2019-09-10 13:09:02",,
"418","30","2019-09-12","2019-09","32","898","1342","1-2019","1-2019","1","Cuit: 30695092233","698.4","698.4","57","39808.8","2302","2","2104","2019-09-12 22:44:19","1","2019-09-13 17:22:16",,
"419","31","2019-09-12","2019-09","32","843","1342","1-2019","1-2019","1","Cuit: 30543349085   DDJJ ANUAL 2018","465","465","58.5","27202.5","2360","2","2160","2019-09-12 22:46:11","1","2019-09-26 09:40:22","1",
"420","32","2019-09-16","2019-09","32","899","1342","1-2019","1-2019","1","Cuit: 30592724541   ANUAL DDJJ 2017","492","492","57.5","28290","2332","2","2134","2019-09-16 17:56:33","1","2019-09-16 23:57:54",,
"421","33","2019-09-16","2019-09","32","228","1342","1-2019","1-2019","1","Cuit: 30501579471   DDJJ 4TO 2018","600","600","58","34800","2338","2","2140","2019-09-16 17:57:36","1","2019-09-18 20:20:18","1",
"422","34","2019-09-18","2019-10","4","228","1342","1-2019","1-2019","1","Cuit: 30501579471","150","150","57.5","8625",,,,"2019-09-18 11:47:02","1","2019-09-18 20:21:33","1",
"423","35","2019-09-18","2019-10","32","228","1342","1-2019","1-2019","1","Cuit: 30501579471   4to trimestre","150","150","57.5","8625","2339","2","2141","2019-09-18 20:16:02","1","2019-09-18 20:24:03","1",
"424","36","2019-09-19","2019-10","32","899","1342","1-2018","1-2018","1","Cuit: 30592724541","120","120","58.5","7020","2340","2","2142","2019-09-19 10:04:16","1","2019-09-19 22:41:06",,
"425","37","2019-09-23","2019-10","32","891","1342","1-2019","1-2019","1","Cuit: 30711917779   DDJJ COM A 2018","349.2","349.2","58.5","20428.2","2342","2","2144","2019-09-23 01:09:30","1","2019-09-23 01:19:53",,
"426","38","2019-09-23","2019-10","32","899","1342","1-2019","1-2019","1","Cuit: 30592724541    DDJJ 2° TRIMESTRE 2018","120","120","58.5","7020","2341","2","2143","2019-09-23 01:12:02","1","2019-09-23 01:17:17",,
"427","39","2019-09-24","2019-10","32","892","1342","1-2019","1-2019","1","Cuit: 33584584179  DDJJ ANUAL 2018","8940.3","8940.3","1","8940.3","2357","2","2157","2019-09-24 10:21:20","1","2019-09-24 16:38:01",,
"428","40","2019-09-24","2019-10","32","899","1342","1-2019","1-2019","1","Cuit: 30592724541   DDJJ COM A 6401 3° TRIMESTRE 2018","120","120","58.5","7020","2356","2","2156","2019-09-24 10:22:43","1","2019-09-24 16:35:44",,
"429","41","2019-09-26","2019-10","32","899","1342","1-2018","1-2018","1","Cuit: 30592724541   DDJJ 4° trimestre 2018","120","120","58.5","7020","2361","2","2161","2019-09-26 09:38:07","1","2019-09-26 09:42:24",,
"430","42","2019-09-29","2019-10","32","899","1342","1-2019","1-2019","1","Cuit: 30592724541   DDJJ ANUAL 2018","492","492","59","29028","2362","2","2162","2019-09-29 20:03:35","1","2019-09-29 20:12:42",,
"431","43","2019-09-29","2019-10","32","900","1342","1-2019","1-2019","1","Cuit: 30638611097   DDJJ ANUAL 2018","531","531","59","31329","2365","2","2165","2019-09-29 20:04:29","1","2019-09-29 20:20:23","1",
"432","44","2019-09-29","2019-10","32","526","1342","1-2019","1-2019","1","Cuit: 30686241749   DDJJ 2° TRIMESTRES 2018","9000","9000","1","9000","2366","2","2166","2019-09-29 20:05:36","1","2019-09-29 20:22:24",,
"433","45","2019-09-29","2019-10","32","902","1342","1-2019","1-2019","1","Cuit: 30712022368","8940.3","8940.3","1","8940.3","2364","2","2164","2019-09-29 20:09:10","1","2019-09-29 20:18:16",,
"434","46","2019-09-30","2019-10","32","902","1342","1-2019","1-2019","1","Cuit: 30712022368   DDJJ ANUAL 2018","8940.3","8940.3","1","8940.3","2367","2","2167","2019-09-30 21:39:33","1","2019-09-30 21:50:10",,
"435","47","2019-10-02","2019-10","32","866","1342","1-2018","1-2018","1","Cuit: 30590162279   DDJJ ANUAL 2018","485","485","59.5","28857.5","2370","2","2170","2019-10-02 23:33:38","1","2019-10-02 23:40:06",,
"436","48","2019-10-04","2019-10","32","900","1342","1-2019","1-2019","1","Cuit: 30638611097  DDJJ 1° TRIMESTRE 2019","130.5","130.5","59.4","7751.7","2372","2","2172","2019-10-04 16:29:07","1","2019-10-04 16:31:13",,
"437","49","2019-10-07","2019-10","32","904","1342","1-2017","1-2017","1","Cuit: 30504437546","435","435","59.4","25839","2373","2","2173","2019-10-07 13:00:37","1","2019-10-07 16:55:44",,
"438","50","2019-10-07","2019-10","32","904","1342","1-2018","1-2018","1","Cuit: 30504437546","435","435","59.4","25839","2373","2","2173","2019-10-07 13:01:20","1","2019-10-07 16:55:44","1",
"439","51","2019-10-08","2019-10","32","899","1342","1-2019","1-2019","1","Cuit: 30592724541  DDJJ 1° trimestre 2019","120","120","59.4","7128","2374","2","2174","2019-10-08 14:41:00","1","2019-10-08 16:33:40",,
"440","52","2019-10-08","2019-10","32","900","1342","1-2019","1-2019","1","Cuit: 30638611097   DDJJ 1° Trimestre 2019","130.5","130.5","59.4","7751.7","2375","2","2175","2019-10-08 14:43:17","1","2019-10-08 16:35:17",,
"441","53","2019-10-08","2019-10","32","879","1342","1-2017","1-2017","1","Cuit: 30506357841   DDJJ COM A 6401   ANULA 2017","325.5","325.5","59.4","19334.7","2376","2","2176","2019-10-08 18:57:07","1","2019-10-08 18:59:50",,
"442","54","2019-10-09","2019-10","32","526","1342","3-2018","3-2018","1","Cuit: 30686241749","9000","9000","1","9000","2377","2","2177","2019-10-09 07:33:57","1","2019-10-09 07:42:27","1",
"443","55","2019-10-10","2019-10","32","526","1342","4-2018","4-2018","1","Cuit: 30686241749","9000","9000","1","9000","2441","2","2239","2019-10-10 11:00:14","1","2019-11-04 22:05:26",,
"444","56","2019-10-16","2019-10","32","435","1342","3-2018","3-2018","1","Cuit: 30617091190","125","125","59.5","7437.5","2379","2","2179","2019-10-16 09:10:09","1","2019-10-16 18:59:14",,
"445","57","2019-10-16","2019-10","32","138","1342","1-2017","2-2017","2","Cuit: 30700762668   DDJJ ANUAL 2017 y 2018","283.5","567","59.5","33736.5","2380","2","2180","2019-10-16 18:31:51","1","2019-10-16 18:59:55",,
"446","58","2019-10-16","2019-10","32","721","1342","1-2018","1-2018","1","Cuit: 30629717958   DDJJ ANUAL 2018","319.5","319.5","59.5","19010.25","2378","2","2178","2019-10-16 18:32:58","1","2019-10-16 18:56:07",,
"447","59","2019-10-17","2019-11","4","843","1342","1-2019","1-2019","1","Cuit: 30543349085","1","1","1","1",,,,"2019-10-17 16:48:29","1","2019-10-17 17:25:56","1",
"448","60","2019-10-19","2019-11","32","435","1342","4-2018","4-2018","1","Cuit: 30617091190   DDJJ  4° trimestre 2018","125","125","59.5","7437.5","2416","2","2216","2019-10-19 09:06:27","1","2019-10-19 09:20:28",,
"449","61","2019-10-19","2019-11","32","435","1342","1-2018","1-2018","1","Cuit: 30617091190   DDJJ ANUAL 2018","500","500","59.5","29750","2416","2","2216","2019-10-19 09:07:54","1","2019-10-19 09:20:28","1",
"450","62","2019-10-21","2019-11","32","908","1342","1-2017","1-2017","1","Cuit: 30643748688  DDJJ ANUAL 2017","375","375","60","22500","2417","2","2217","2019-10-21 13:26:31","1","2019-10-21 13:31:06",,
"451","63","2019-10-21","2019-11","32","908","1342","1-2018","1-2018","1","Cuit: 30643748688  DDJJ ANUAL 2018","375","375","60","22500","2417","2","2217","2019-10-21 13:27:03","1","2019-10-21 13:31:06",,
"452","64","2019-11-04","2019-11","32","526","1342","1-2019","2-2019","2","Cuit: 30686241749","18000","36000","1","36000","2441","2","2239","2019-11-04 13:57:41","1","2019-11-04 22:05:26",,
"453","65","2019-11-04","2019-11","32","526","1342","1-2018","1-2018","1","Cuit: 30686241749","25700","25700","1","25700","2441","2","2239","2019-11-04 13:58:17","1","2019-11-04 22:05:26",,
"454","66","2019-11-04","2019-11","32","866","1342","1-2019","2-2019","2","Cuit: 30590162279","150","300","63.5","19050","2440","2","2238","2019-11-04 14:00:03","1","2019-11-04 22:03:07",,
"455","67","2019-11-06","2019-11","32","911","1342","1-2019","1-2019","1","Cuit: 30632072917","425","425","63.5","26987.5","2447","2","2245","2019-11-06 11:23:06","1","2019-11-06 11:33:23",,
"456","68","2019-11-06","2019-11","32","899","1342","2-2019","2-2019","1","Cuit: 30592724541","120","120","63.5","7620","2446","2","2244","2019-11-06 11:24:36","1","2019-11-06 11:30:43",,
"457","69","2019-11-08","2019-11","32","905","1342","1-2017","1-2017","1","Cuit: 30715468294","385","385","62.5","24062.5","2448","2","2246","2019-11-08 06:55:56","1","2019-11-08 08:47:31","1",
"458","70","2019-11-08","2019-11","32","905","1342","1-2018","1-2018","1","Cuit: 30715468294","385","385","62.5","24062.5","2448","2","2246","2019-11-08 06:56:54","1","2019-11-08 08:47:31",,
"459","71","2019-11-08","2019-11","32","860","1342","1-2018","1-2018","1","Cuit: 30694753201","600","600","63.5","38100","2449","2","2247","2019-11-08 06:57:49","1","2019-11-08 08:57:34","1",
"460","72","2019-11-11","2019-11","32","435","1342","1-2019","2-2019","2","Cuit: 30617091190","125","250","63","15750","2450","2","2248","2019-11-11 23:35:55","1","2019-11-11 23:38:04",,
"461","73","2019-11-16","2019-11","32","435","1342","3-2019","3-2019","1","Cuit: 30617091190  3° trimestre 2019","125","125","62.75","7843.75","2452","2","2250","2019-11-16 10:00:35","1","2019-11-16 10:28:45",,
"462","74","2019-11-16","2019-11","32","900","1342","3-2019","3-2019","1","Cuit: 30638611097    3° trimestre 2019","130.5","130.5","62.75","8188.88","2451","2","2249","2019-11-16 10:02:07","1","2019-11-16 10:25:24",,
"463","75","2019-11-19","2019-12","32","912","1342","1-2019","1-2019","1","Cuit: 30651957830","375","375","62.5","23437.5","2486","2","2284","2019-11-19 21:57:51","1","2019-11-19 22:23:06",,
"464","76","2019-11-19","2019-12","32","913","1342","1-2018","1-2018","1","Cuit: 30504023377","500","500","62.5","31250","2484","2","2282","2019-11-19 22:03:21","1","2019-11-19 22:19:02",,
"465","77","2019-11-19","2019-12","32","866","1342","3-2019","3-2019","1","Cuit: 30590162279","150","150","62.5","9375","2485","2","2283","2019-11-19 22:04:16","1","2019-11-19 22:20:54",,
"466","78","2019-11-22","2019-12","32","899","1342","3-2019","3-2019","1","Cuit: 30592724541","120","120","62.5","7500","2510","2","2305","2019-11-22 00:08:56","1","2019-11-22 00:11:20",,
"467","79","2019-11-27","2019-12","32","915","1342","1-2018","1-2018","1","Cuit: 30674287085   DDJJ COM A 6401   ANUAL 2018","300","300","62.5","18750","2511","2","2306","2019-11-27 09:12:39","1","2019-11-27 09:15:03",,
"468","80","2019-11-28","2019-12","32","916","1342","1-2018","1-2018","1","Cuit: 27215509287   DDJJ ANULA 2018","125","125","62.25","7781.25","2512","2","2307","2019-11-28 12:42:08","1","2019-11-28 12:44:59",,
"469","81","2019-12-04","2019-12","32","878","1342","3-2018","4-2018","2","Cuit: 30688938208  DDJJ 3°  y 4° del 2018","75","150","62.25","9337.5","2519","2","2314","2019-12-04 19:05:32","1","2019-12-04 19:12:29",,
"470","82","2019-12-04","2019-12","32","878","1342","1-2018","1-2018","1","Cuit: 30688938208   DDJJ ANUAL 2018","300","300","62.25","18675","2519","2","2314","2019-12-04 19:06:19","1","2019-12-04 19:12:29",,
"471","83","2019-12-09","2019-12","32","839","1342","1-2018","1-2018","1","Cuit: 30712138161   DDJJ ANUAL 2018","325","325","62.25","20231.25","2520","2","2315","2019-12-09 11:37:27","1","2019-12-09 15:44:52",,
"472","84","2019-12-09","2019-12","32","917","1342","1-2017","1-2017","1","Cuit: 30602173638","595","595","62.25","37038.75","2521","2","2316","2019-12-09 15:40:01","1","2019-12-09 15:47:21",,
"473","85","2019-12-09","2019-12","32","917","1342","1-2018","1-2018","1","Cuit: 30602173638","595","595","62.25","37038.75","2521","2","2316","2019-12-09 15:40:34","1","2019-12-09 15:47:21",,
"474","86","2019-12-17","2020-01","32","919","1342","1-2018","1-2018","1","Cuit: 30709276685   DDJJ ANUAL 2018","175","175","63","11025","2552","2","2347","2019-12-17 19:50:28","1","2019-12-17 19:52:47",,
"475","1","2020-01-30","2020-02","32","879","1342","1-2020","1-2020","1","Cuit: 30506357841 USD 375,00	$ 63,00","375","375","63","23625","2616","2","2408","2020-01-30 16:49:57","1","2020-01-30 16:55:51",,
"476","2","2020-01-31","2020-02","32","924","1342","1-2019","1-2019","1","Cuit: 30661117202   ANUAL 2019","175","175","63","11025","2617","2","2409","2020-01-31 15:34:50","1","2020-02-03 16:12:29","1",
"477","3","2020-02-05","2020-02","32","904","1342","1-2019","1-2019","1","Cuit: 30504437546   USD 435,00	$ 63,00","435","435","63","27405","2625","2","2417","2020-02-05 16:45:17","1","2020-02-05 16:54:19",,
"478","4","2020-02-05","2020-02","32","915","1342","1-2019","1-2019","1","Cuit: 30674287085   Anual 2019	USD 300,00	$ 63,00","300","300","63","18900","2624","2","2416","2020-02-05 16:46:09","1","2020-02-05 16:52:33",,
"479","5","2020-02-07","2020-02","32","925","1342","1-2018","1-2018","1","Cuit: 30585948817   USD 318,75	$ 63,00","318.75","318.75","63","20081.25","2626","2","2418","2020-02-07 13:39:42","1","2020-02-07 13:42:40",,
"480","6","2020-02-07","2020-02","32","925","1342","1-2019","1-2019","1","Cuit: 30585948817   USD 318,75	$ 63,00","318.75","318.75","63","20081.25","2626","2","2418","2020-02-07 13:40:16","1","2020-02-07 13:42:40",,
"481","7","2020-02-13","2020-02","32","902","1342","1-2020","1-2020","1","Cuit: 30712022368","10281","10281","1","10281","2629","2","2421","2020-02-13 21:27:30","1","2020-02-13 21:32:40","1",
"482","8","2020-02-13","2020-02","32","869","1342","1-2020","1-2020","1","Cuit: 30626391385","375","375","63.25","23718.75","2631","2","2423","2020-02-13 21:28:28","1","2020-02-13 21:36:08","1",
"483","9","2020-02-13","2020-02","32","721","1342","1-2020","1-2020","1","Cuit: 30629717958","355","355","63.25","22453.75","2632","2","2424","2020-02-13 21:29:13","1","2020-02-13 21:37:47","1",
"484","10","2020-02-13","2020-02","32","892","1342","1-2020","1-2020","1","Cuit: 33584584179","10281","10281","1","10281","2630","2","2422","2020-02-13 21:29:47","1","2020-02-13 21:34:27","1",
"485","11","2020-02-19","2020-03","32","893","1342","1-2019","1-2019","1","Cuit: 30666049450","375","375","63.25","23718.75","2664","2","2456","2020-02-19 13:40:05","1","2020-02-19 14:37:49",,
"486","12","2020-02-19","2020-03","32","916","1342","1-2019","1-2019","1","Cuit: 27215509287","125","125","63.25","7906.25","2665","2","2457","2020-02-19 13:41:05","1","2020-02-19 14:41:00",,
"487","13","2020-02-19","2020-03","32","927","1342","1-2020","1-2020","1","Cuit: 30697642664","325","325","63.25","20556.25","2667","2","2459","2020-02-19 13:53:41","1","2020-02-19 14:45:14","1",
"488","14","2020-02-19","2020-03","32","928","1342","1-2017","3-2017","3","Cuit: 30709151041   USD 292,50","292.5","877.5","63.25","55501.88","2663","2","2455","2020-02-19 14:24:37","1","2020-02-19 14:35:03",,
"489","15","2020-02-20","2020-03","32","931","1342","1-2020","1-2020","1","Cuit: 30504469138","235","235","63.25","14863.75","2689","2","2480","2020-02-20 16:55:40","1","2020-02-20 23:10:49","1",
"490","16","2020-02-20","2020-03","32","843","1342","1-2020","1-2020","1","Cuit: 30543349085","465","465","63.25","29411.25","2688","2","2479","2020-02-20 16:56:21","1","2020-02-20 23:08:54","1",
"491","17","2020-02-20","2020-03","32","930","1342","1-2020","1-2020","1","Cuit: 30611766277","225","225","63.25","14231.25","2690","2","2481","2020-02-20 16:57:00","1","2020-02-20 23:12:20","1",
"492","18","2020-02-20","2020-03","32","873","1342","1-2020","1-2020","1","Cuit: 30709981362","5700","5700","1","5700","2706","2","2497","2020-02-20 16:58:30","1","2020-03-02 19:14:43","1",
"493","19","2020-02-27","2020-03","32","917","1342","1-2020","1-2020","1","Cuit: 30602173638","595","595","63.5","37782.5","2693","2","2484","2020-02-27 10:43:25","1","2020-02-27 11:14:05",,
"494","20","2020-02-27","2020-03","32","899","1342","4-2019","4-2019","1","Cuit: 30592724541","120","120","63.5","7620","2691","2","2482","2020-02-27 10:45:04","1","2020-02-27 11:07:08",,
"495","21","2020-02-27","2020-03","32","805","1342","1-2018","1-2018","1","Cuit: 30662519746","190","190","63.5","12065","2696","2","2487","2020-02-27 10:53:54","1","2020-02-27 11:24:37",,
"496","22","2020-02-27","2020-03","32","805","1342","1-2019","1-2019","1","Cuit: 30662519746","190","190","63.5","12065","2696","2","2487","2020-02-27 10:54:18","1","2020-02-27 11:24:37","1",
"497","23","2020-02-27","2020-03","32","900","1342","4-2019","4-2019","1","Cuit: 30638611097","130.5","130.5","63.5","8286.75","2695","2","2486","2020-02-27 10:55:38","1","2020-02-27 11:18:54",,
"498","24","2020-02-27","2020-03","32","878","1342","1-2019","4-2019","4","Cuit: 30688938208","75","300","63.5","19050","2694","2","2485","2020-02-27 10:58:04","1","2020-02-27 11:16:21",,
"499","25","2020-02-27","2020-03","32","797","1342","1-2019","1-2019","1","Cuit: 30-70951349-0","200","200","63.5","12700","2692","2","2483","2020-02-27 10:59:02","1","2020-02-27 11:10:31",,
"500","26","2020-02-27","2020-03","32","840","1342","1-2019","1-2019","1","Cuit: 33-70882963-9","600","600","63.5","38100","2697","2","2488","2020-02-27 11:00:12","1","2020-02-27 11:28:51",,
"501","27","2020-02-27","2020-03","32","435","1342","4-2019","4-2019","1","Cuit: 30617091190","125","125","63.5","7937.5","2698","2","2489","2020-02-27 11:01:31","1","2020-02-27 11:33:04",,
"502","28","2020-03-02","2020-03","32","926","1342","1-2019","1-2019","1","Cuit: 30662117346   30662117346","485","485","64","31040","2703","2","2494","2020-03-02 18:41:59","1","2020-03-02 19:05:20",,
"503","29","2020-03-02","2020-03","32","866","1342","4-2019","4-2019","1","Cuit: 30590162279","150","150","64","9600","2705","2","2496","2020-03-02 18:42:41","1","2020-03-02 19:12:00",,
"504","30","2020-03-02","2020-03","32","873","1342","1-2019","1-2019","1","Cuit: 30709981362","565","565","64","36160","2706","2","2497","2020-03-02 18:43:22","1","2020-03-02 19:14:43",,
"505","31","2020-03-02","2020-03","32","894","1342","1-2019","1-2019","1","Cuit: 30527196112","515","515","64","32960","2704","2","2495","2020-03-02 18:44:31","1","2020-03-02 19:07:52",,
"506","32","2020-03-09","2020-03","32","908","1342","1-2019","1-2019","1","Cuit: 30643748688","375","375","64","24000","2711","2","2502","2020-03-09 22:31:34","1","2020-03-09 22:45:13",,
"507","33","2020-03-09","2020-03","32","918","1342","1-2017","1-2017","1","Cuit: 30700544288","375","375","64","24000","2708","2","2499","2020-03-09 22:32:21","1","2020-03-09 22:39:12",,
"508","34","2020-03-09","2020-03","32","918","1342","1-2018","1-2018","1","Cuit: 30700544288","375","375","64","24000","2708","2","2499","2020-03-09 22:33:04","1","2020-03-09 22:39:12",,
"509","35","2020-03-09","2020-03","32","918","1342","1-2019","1-2019","1","Cuit: 30700544288","375","375","64","24000","2708","2","2499","2020-03-09 22:33:28","1","2020-03-09 22:39:12",,
"510","36","2020-03-09","2020-03","32","933","1342","1-2019","1-2019","1","Cuit: 30708063629","285","285","64","18240","2710","2","2501","2020-03-09 22:34:08","1","2020-03-09 22:42:43",,
"511","37","2020-03-09","2020-03","32","934","1342","1-2019","1-2019","1","Cuit: 30575096111","125","125","64","8000","2709","2","2500","2020-03-09 22:35:23","1","2020-03-09 22:40:48",,
"512","38","2020-03-09","2020-03","32","932","1342","1-2019","1-2019","1","Cuit: 30716102188|","275","275","64","17600","2712","2","2503","2020-03-09 22:36:09","1","2020-03-09 22:47:05",,
"513","39","2020-03-17","2020-04","32","913","1342","1-2019","1-2019","1","Cuit: 30504023377","500","500","64.5","32250","2748","2","2539","2020-03-17 20:27:28","1","2020-03-17 20:33:11",,
"514","40","2020-03-17","2020-04","32","936","1342","1-2019","1-2019","1","Cuit: 30709922412","285","285","64","18240","2747","2","2538","2020-03-17 20:28:23","1","2020-03-17 20:31:02",,
"515","41","2020-04-10","2020-04","32","526","1342","4-2019","4-2019","1","Cuit: 30686241749","10462.5","10462.5","1","10462.5","2760","2","2551","2020-04-10 10:36:51","1","2020-04-10 10:46:02",,
"516","42","2020-04-10","2020-04","32","504","1342","1-2020","1-2020","1","Cuit: 33-53487696-9","10800","10800","1","10800","2759","2","2550","2020-04-10 10:39:42","1","2020-04-10 10:44:18",,
"517","43","2020-04-14","2020-04","32","938","1342","3-2019","1-2020","3","Cuit: 30604456475","492","1476","66.25","97785","2762","2","2553","2020-04-14 20:18:40","1","2020-04-14 20:24:28",,
"518","44","2020-04-20","2020-05","32","937","1342","1-2020","1-2020","1","Cuit: 30714838411","292.5","292.5","66.75","19524.38","2792","2","2583","2020-04-20 19:22:52","1","2020-04-20 19:25:39",,
"519","45","2020-04-23","2020-05","32","937","1342","1-2020","1-2020","1","Cuit: 30714838411","292.5","292.5","67.75","19816.88","2793","2","2584","2020-04-23 16:35:40","1","2020-04-23 17:42:33",,
"520","46","2020-04-23","2020-05","32","860","1342","1-2020","1-2020","1","Cuit: 30694753201","600","600","67.5","40500","2794","2","2585","2020-04-23 16:36:37","1","2020-04-23 17:44:47","1",
"521","47","2020-04-23","2020-05","32","939","1342","1-2020","1-2020","1","Cuit: 30650242056","315","315","67.75","21341.25","2795","2","2586","2020-04-23 16:42:32","1","2020-04-23 17:47:18",,
"522","48","2020-05-06","2020-05","32","940","1342","1-2020","1-2020","1","Cuit: 20323350885   67,50 mas iva al tc de 68.75","67.5","67.5","68.74","4639.95","2818","2","2607","2020-05-06 18:06:09","1","2020-05-06 18:13:02",,
"523","49","2020-05-12","2020-05","32","937","1342","1-2020","1-2020","1","Cuit: 30714838411","125","125","68.5","8562.5","2820","2","2609","2020-05-12 20:21:44","1","2020-05-12 20:32:46",,
"524","50","2020-05-12","2020-05","32","228","1342","1-2020","1-2020","1","Cuit: 30501579471","600","600","68.75","41250","2822","2","2611","2020-05-12 20:22:34","1","2020-05-12 20:36:25","1",
"525","51","2020-05-12","2020-05","32","942","1342","1-2020","1-2020","1","Cuit: 30708146621","125","125","68.75","8593.75","2821","2","2610","2020-05-12 20:29:06","1","2020-05-12 20:34:42",,
"526","52","2020-05-13","2020-05","32","902","1342","1-2020","1-2020","1","Cuit: 30712022368","10281","10281","1","10281","2823","2","2612","2020-05-13 10:54:40","1","2020-05-13 12:37:59","1",
"527","53","2020-05-13","2020-05","32","721","1342","1-2020","1-2020","1","Cuit: 30629717958","125","125","69.25","8656.25","2831","2","2620","2020-05-13 10:55:24","1","2020-05-13 12:51:07","1",
"528","54","2020-05-13","2020-05","32","869","1342","1-2020","1-2020","1","Cuit: 30626391385","125","125","69.25","8656.25","2830","2","2619","2020-05-13 10:56:06","1","2020-05-13 12:49:28","1",
"529","55","2020-05-13","2020-05","32","915","1342","1-2020","1-2020","1","Cuit: 30674287085","100","100","68.75","6875","2824","2","2613","2020-05-13 10:57:00","1","2020-05-13 12:39:29","1",
"530","56","2020-05-13","2020-05","32","916","1342","1-2020","1-2020","1","Cuit: 27215509287","60","60","68.75","4125","2825","2","2614","2020-05-13 10:57:29","1","2020-05-13 12:41:14","1",
"531","57","2020-05-13","2020-05","32","894","1342","1-2020","1-2020","1","Cuit: 30527196112","150","150","69.25","10387.5","2829","2","2618","2020-05-13 10:59:31","1","2020-05-13 12:47:53","1",
"532","58","2020-05-13","2020-05","32","892","1342","1-2020","1-2020","1","Cuit: 33584584179","10281","10281","1","10281","2828","2","2617","2020-05-13 11:00:15","1","2020-05-13 12:46:05","1",
"533","59","2020-05-13","2020-05","32","942","1342","1-2020","1-2020","1","Cuit: 30708146621","100","100","69.25","6925","2826","2","2615","2020-05-13 11:01:52","1","2020-05-13 12:42:48","1",
"534","60","2020-05-13","2020-05","32","936","1342","1-2020","1-2020","1","Cuit: 30709922412","125","125","69.25","8656.25","2827","2","2616","2020-05-13 11:02:55","1","2020-05-13 12:44:26","1",
"535","61","2020-05-13","2020-05","32","840","1342","1-2020","1-2020","1","Cuit: 33708829639","150","150","69.25","10387.5","2832","2","2621","2020-05-13 11:06:46","1","2020-05-13 12:53:19","1",
"536","62","2020-05-20","2020-06","32","917","1342","1-2020","1-2020","1","Cuit: 30602173638","150","150","69.25","10387.5","2863","2","2652","2020-05-20 19:06:40","1","2020-05-20 20:38:46",,
"537","63","2020-05-20","2020-06","32","893","1342","1-2020","1-2020","1","Cuit: 30666049450","125","125","69.25","8656.25","2861","2","2650","2020-05-20 19:08:39","1","2020-05-20 20:34:41",,
"538","64","2020-05-20","2020-06","32","927","1342","1-2020","1-2020","1","Cuit: 30697642664","125","125","69.75","8718.75","2868","2","2657","2020-05-20 19:10:06","1","2020-05-20 20:47:03",,
"539","65","2020-05-20","2020-06","32","873","1342","1-2020","1-2020","1","Cuit: 30709981362","150","150","69.75","10462.5","2865","2","2654","2020-05-20 19:10:51","1","2020-05-20 20:42:26",,
"540","66","2020-05-20","2020-06","32","873","1342","1-2020","1-2020","1","Cuit: 30709981362","5700","5700","1","5700","2865","2","2654","2020-05-20 19:15:59","1","2020-05-20 20:42:26",,
"541","67","2020-05-20","2020-06","32","797","1342","1-2020","1-2020","1","Cuit: 30709513490","125","125","69.75","8718.75","2860","2","2649","2020-05-20 19:16:51","1","2020-05-20 20:33:09","1",
"542","68","2020-05-20","2020-06","32","943","1342","1-2020","1-2020","1","Cuit: 30708911212","125","125","70","8750","2871","2","2660","2020-05-20 19:33:11","1","2020-05-20 20:54:47","1",
"543","69","2020-05-20","2020-06","32","943","1342","1-2019","1-2019","1","Cuit: 30708911212","175","175","70","12250","2871","2","2660","2020-05-20 19:33:49","1","2020-05-20 20:54:47","1",
"544","70","2020-05-20","2020-06","32","890","1342","1-2020","1-2020","1","Cuit: 30710873808","125","125","70","8750","2862","2","2651","2020-05-20 20:08:53","1","2020-05-20 20:36:54","1",
"545","71","2020-05-20","2020-06","32","929","1342","1-2020","1-2020","1","Cuit: 30715863193","125","125","70","8750","2867","2","2656","2020-05-20 20:09:22","1","2020-05-20 20:45:21","1",
"546","72","2020-05-20","2020-06","32","843","1342","1-2020","1-2020","1","Cuit: 30543349085","125","125","70","8750","2859","2","2648","2020-05-20 20:09:51","1","2020-05-20 20:31:29","1",
"547","73","2020-05-20","2020-06","32","899","1342","1-2020","1-2020","1","Cuit: 30592724541","120","120","70","8400","2858","2","2647","2020-05-20 20:10:26","1","2020-05-20 20:29:02","1",
"548","74","2020-05-20","2020-06","32","805","1342","1-2020","1-2020","1","Cuit: 30662519746","125","125","70","8750","2870","2","2659","2020-05-20 20:10:55","1","2020-05-20 20:50:33","1",
"549","75","2020-05-20","2020-06","32","905","1342","1-2020","1-2020","1","Cuit: 30715468294","125","125","70","8750","2866","2","2655","2020-05-20 20:11:22","1","2020-05-20 20:43:46","1",
"550","76","2020-05-20","2020-06","32","944","1342","1-2020","1-2020","1","Cuit: 30708784164","100","100","70","7000","2872","2","2661","2020-05-20 20:16:09","1","2020-05-20 20:58:11","1",
"551","77","2020-05-20","2020-06","32","944","1342","1-2017","1-2017","1","Cuit: 30708784164","308","308","70","21560","2872","2","2661","2020-05-20 20:16:50","1","2020-05-20 20:58:11","1",
"552","78","2020-05-20","2020-06","32","944","1342","1-2018","1-2018","1","Cuit: 30708784164","308","308","70","21560","2872","2","2661","2020-05-20 20:17:24","1","2020-05-20 20:58:11","1",
"553","79","2020-05-20","2020-06","32","944","1342","1-2019","1-2019","1","Cuit: 30708784164","308","308","70","21560","2872","2","2661","2020-05-20 20:18:08","1","2020-05-20 20:58:11","1",
"554","80","2020-05-20","2020-06","32","878","1342","1-2020","1-2020","1","Cuit: 30688938208","75","75","70","5250","2864","2","2653","2020-05-20 20:20:19","1","2020-05-20 20:40:25","1",
"555","81","2020-05-20","2020-06","32","900","1342","1-2020","1-2020","1","Cuit: 30638611097","130.5","130.5","70","9135","2869","2","2658","2020-05-20 20:20:55","1","2020-05-20 20:48:58","1",
"556","82","2020-05-22","2020-06","32","945","1342","1-2019","1-2019","1","Cuit: 30582981341","125","125","70","8750","2873","2","2662","2020-05-22 12:00:47","1","2020-05-22 12:04:36",,
"557","83","2020-05-26","2020-06","32","866","1342","1-2020","1-2020","1","Cuit: 30590162279","150","150","70","10500","2876","2","2665","2020-05-26 11:23:55","1","2020-05-26 11:44:27","1",
"558","84","2020-05-26","2020-06","32","908","1342","1-2020","1-2020","1","Cuit: 30643748688","125","125","70","8750","2877","2","2666","2020-05-26 11:24:28","1","2020-05-26 11:46:05","1",
"559","85","2020-05-26","2020-06","32","526","1342","1-2020","1-2020","1","Cuit: 30686241749","10462.5","10462.5","1","10462.5","2878","2","2667","2020-05-26 11:25:12","1","2020-05-26 11:47:30","1",
"560","86","2020-05-26","2020-06","32","228","1342","1-2020","1-2020","1","Cuit: 30501579471","150","150","70.25","10537.5","2875","2","2664","2020-05-26 11:25:52","1","2020-05-26 11:42:25","1",
"561","87","2020-05-26","2020-06","32","932","1342","1-2020","1-2020","1","Cuit: 30716102188","125","125","70.25","8781.25","2879","2","2668","2020-05-26 11:26:21","1","2020-05-26 11:48:57","1",
"562","88","2020-05-26","2020-06","32","946","1342","1-2017","1-2017","1","Cuit: 30518801453","225","225","70.25","15806.25","2874","2","2663","2020-05-26 11:34:54","1","2020-05-26 11:40:37","1",
"563","89","2020-05-26","2020-06","32","946","1342","1-2018","1-2018","1","Cuit: 30518801453","225","225","70.25","15806.25","2874","2","2663","2020-05-26 11:35:45","1","2020-05-26 11:40:37","1",
"564","90","2020-05-26","2020-06","32","946","1342","1-2019","1-2019","1","Cuit: 30518801453","225","225","70.25","15806.25","2874","2","2663","2020-05-26 11:36:13","1","2020-05-26 11:40:37","1",
"565","91","2020-05-26","2020-06","32","946","1342","1-2020","1-2020","1","Cuit: 30518801453","125","125","70.25","8781.25","2874","2","2663","2020-05-26 11:36:40","1","2020-05-26 11:40:37","1",
"566","92","2020-06-01","2020-06","4","950","1342","1-2020","1-2020","1","Cuit: 20163982510","429.5","429.5","71.5","30709.25",,,,"2020-06-01 18:36:49","1","2020-07-27 20:41:44","1",
"567","93","2020-06-02","2020-06","32","891","1342","1-2019","1-2019","1","Cuit: 30711917779","349.2","349.2","65","22698","2893","2","2681","2020-06-02 20:36:03","1","2020-06-03 14:55:36","1",
"568","94","2020-06-02","2020-06","32","898","1342","1-2019","1-2019","1","Cuit: 30695092233","349.2","349.2","65","22698","2894","2","2682","2020-06-02 20:37:12","1","2020-06-03 14:57:33",,
"569","95","2020-06-02","2020-06","32","879","1342","1-2019","1-2019","1","Cuit: 30506357841","375","375","65","24375","2895","2","2683","2020-06-02 20:37:51","1","2020-06-03 14:59:43","1",
"570","96","2020-06-03","2020-06","32","904","1342","1-2020","1-2020","1","Cuit: 30504437546","125","125","70.25","8781.25","2891","2","2679","2020-06-03 14:15:55","1","2020-06-03 14:40:47",,
"571","97","2020-06-03","2020-06","32","940","1342","1-2020","1-2020","1","Cuit: 20323350885","157.5","157.5","70.25","11064.38","2903","2","2691","2020-06-03 14:16:39","1","2020-06-10 15:52:47",,
"572","98","2020-06-03","2020-06","32","879","1342","1-2020","1-2020","1","Cuit: 30506357841","125","125","70.25","8781.25","2895","2","2683","2020-06-03 14:17:36","1","2020-06-03 14:59:43",,
"573","99","2020-06-03","2020-06","32","933","1342","1-2020","1-2020","1","Cuit: 30708063629","125","125","70.25","8781.25","2892","2","2680","2020-06-03 14:18:09","1","2020-06-03 14:42:35",,
"574","100","2020-06-10","2020-06","32","952","1342","1-2019","1-2019","1","Cuit: 30710282842","175","175","71.5","12512.5","2902","2","2690","2020-06-10 15:18:11","1","2020-06-10 15:50:36",,
"575","101","2020-06-10","2020-06","32","952","1342","1-2020","1-2020","1","Cuit: 30710282842","175","175","71.5","12512.5","2902","2","2690","2020-06-10 15:18:38","1","2020-06-10 15:50:36",,
"576","102","2020-06-10","2020-06","32","758","1342","1-2019","1-2019","1","Cuit: 30708441887","275","275","71.5","19662.5","2905","2","2693","2020-06-10 15:31:21","1","2020-06-12 19:02:55","1",
"577","103","2020-06-10","2020-06","32","758","1342","1-2020","1-2020","1","Cuit: 30708441887","125","125","71.5","8937.5","2905","2","2693","2020-06-10 15:31:44","1","2020-06-12 19:02:55","1",
"578","104","2020-06-10","2020-06","32","945","1342","1-2020","1-2020","1","Cuit: 30582981341","125","125","70.5","8812.5","2907","2","2695","2020-06-10 15:34:09","1","2020-06-12 19:07:42","1",
"579","105","2020-06-10","2020-06","32","953","1342","1-2018","1-2018","1","Cuit: 30711416028","125","125","70.5","8812.5","2904","2","2692","2020-06-10 15:46:24","1","2020-06-12 19:00:03","1",
"580","106","2020-06-10","2020-06","32","953","1342","1-2019","1-2019","1","Cuit: 30711416028","125","125","70.5","8812.5","2904","2","2692","2020-06-10 15:46:54","1","2020-06-12 19:00:03","1",
"581","107","2020-06-10","2020-06","32","953","1342","1-2020","1-2020","1","Cuit: 30711416028","125","125","70.5","8812.5","2904","2","2692","2020-06-10 15:47:16","1","2020-06-12 19:00:03","1",
"582","108","2020-06-12","2020-06","32","928","1342","1-2020","1-2020","1","Cuit: 30709151041","125","125","70.75","8843.75","2908","2","2696","2020-06-12 18:40:37","1","2020-06-12 19:09:32","1",
"583","109","2020-06-12","2020-06","32","931","1342","1-2020","1-2020","1","Cuit: 30504469138","125","125","71.5","8937.5","2909","2","2697","2020-06-12 18:41:12","1","2020-06-12 19:11:28","1",
"584","110","2020-06-12","2020-06","32","860","1342","1-2020","1-2020","1","Cuit: 30694753201","150","150","71.5","10725","2910","2","2698","2020-06-12 18:41:56","1","2020-06-12 19:13:22","1",
"585","111","2020-06-12","2020-06","32","955","1342","1-2018","1-2018","1","Cuit: 30503865455","200","200","71.5","14300","2912","2","2699","2020-06-12 18:43:35","1","2020-06-12 20:20:04","1",
"586","112","2020-06-12","2020-06","32","955","1342","1-2019","1-2019","1","Cuit: 30503865455","200","200","71.5","14300","2912","2","2699","2020-06-12 18:44:05","1","2020-06-12 20:20:04","1",
"587","113","2020-06-12","2020-06","32","955","1342","1-2020","1-2020","1","Cuit: 30503865455","125","125","71.5","8937.5","2912","2","2699","2020-06-12 18:44:43","1","2020-06-12 20:20:04","1",
"588","114","2020-06-12","2020-06","32","956","1342","1-2019","1-2019","1","Cuit: 30716144867","19387.5","19387.5","1","19387.5","2906","2","2694","2020-06-12 18:46:06","1","2020-06-12 19:05:24","1",
"589","115","2020-06-12","2020-06","32","956","1342","1-2020","1-2020","1","Cuit: 30716144867","8812.5","8812.5","1","8812.5","2906","2","2694","2020-06-12 18:46:41","1","2020-06-12 19:05:24","1",
"590","116","2020-06-26","2020-07","32","959","1342","1-2020","1-2020","1","Cuit: 30710578482","150","150","73","10950","2962","2","2747","2020-06-26 10:13:35","1","2020-06-26 10:19:08",,
"591","117","2020-07-16","2020-07","32","866","1342","1-2019","1-2019","1","Cuit: 30590162279","485","485","73.5","35647.5","2992","2","2777","2020-07-16 19:19:57","1","2020-07-16 20:26:59","1",
"592","118","2020-07-16","2020-07","32","435","1342","1-2019","1-2019","1","Cuit: 30617091190","500","500","75","37500","2993","2","2778","2020-07-16 19:20:38","1","2020-07-16 20:28:32","1",
"593","119","2020-07-16","2020-07","32","435","1342","1-2020","1-2020","1","Cuit: 30617091190","125","125","75","9375","2993","2","2778","2020-07-16 19:21:07","1","2020-07-16 20:28:32","1",
"594","120","2020-07-16","2020-07","32","892","1342","1-2020","1-2020","1","Cuit: 33584584179","15500","15500","1","15500","2991","2","2776","2020-07-16 19:21:42","1","2020-07-16 20:25:04","1",
"595","121","2020-07-20","2020-08","32","960","1342","1-2018","1-2018","1","Cuit: 30577752210","275","275","70.87","19489.25","2994","2","2779","2020-07-20 13:31:13","1","2020-07-20 13:36:06",,
"596","122","2020-07-20","2020-08","32","960","1342","1-2019","1-2019","1","Cuit: 30577752210","275","275","71.66","19706.5","2994","2","2779","2020-07-20 13:32:04","1","2020-07-20 13:36:06",,
"597","123","2020-07-20","2020-08","32","960","1342","1-2020","1-2020","1","Cuit: 30577752210","125","125","71.66","8957.5","2994","2","2779","2020-07-20 13:32:44","1","2020-07-20 13:36:06",,
"598","124","2020-07-22","2020-08","32","962","1342","1-2020","1-2020","1","Cuit: 30711860807","125","125","71.72","8965","2996","2","2781","2020-07-22 13:13:30","1","2020-07-22 13:26:06","1",
"599","125","2020-07-27","2020-08","32","902","1342","1-2018","1-2018","1","Cuit: 30712022368","15500","15500","1","15500","2998","2","2783","2020-07-27 19:31:36","1","2020-07-27 21:27:41",,
"600","126","2020-07-27","2020-08","32","942","1342","2-2020","2-2020","1","Cuit: 30708146621","100","100","75.5","7550","3001","2","2786","2020-07-27 20:31:21","1","2020-07-27 21:34:41",,
"601","127","2020-07-27","2020-08","32","927","1342","2-2020","2-2020","1","Cuit: 30697642664","125","125","75.5","9437.5","3004","2","2789","2020-07-27 20:32:13","1","2020-07-27 21:44:13",,
"602","128","2020-07-27","2020-08","32","913","1342","1-2020","1-2020","1","Cuit: 30504023377","125","125","75.5","9437.5","3002","2","2787","2020-07-27 20:36:17","1","2020-07-27 21:37:18","1",
"603","129","2020-07-27","2020-08","32","873","1342","1-2020","1-2020","1","Cuit: 30709981362","5700","5700","1","5700","3003","2","2788","2020-07-27 20:37:04","1","2020-07-27 21:40:30",,
"604","130","2020-07-27","2020-08","32","937","1342","2-2020","2-2020","1","Cuit: 30714838411","125","125","75.75","9468.75","3000","2","2785","2020-07-27 20:37:52","1","2020-07-27 21:32:32","1",
"605","131","2020-07-27","2020-08","32","915","1342","2-2020","2-2020","1","Cuit: 30674287085","100","100","75.75","7575","2999","2","2784","2020-07-27 20:38:55","1","2020-07-27 21:30:27",,
"606","132","2020-08-19","2020-09","32","971","1342","1-2020","1-2020","1","Cuit: 20108971747","125","125","1","125","3082","2","2863","2020-08-02 20:23:53","1","2020-08-21 21:16:25","1",
"607","133","2020-08-04","2020-08","32","942","1342","1-2020","1-2020","1","Cuit: 30708146621","185","185","1","185","3021","2","2802","2020-08-04 13:03:16","1","2020-08-04 23:20:29","1",
"608","134","2020-08-04","2020-08","32","916","1342","1-2020","1-2020","1","Cuit: 27215509287","60","60","1","60","3020","2","2801","2020-08-04 13:03:42","1","2020-08-04 23:18:19","1",
"609","135","2020-08-04","2020-08","32","938","1342","1-2020","1-2020","1","Cuit: 30604456475","120","120","1","120","3023","2","2804","2020-08-04 13:04:56","1","2020-08-04 23:24:31","1",
"610","136","2020-08-04","2020-08","32","504","1342","1-2020","2-2020","2","Cuit: 33534876969","5400","10800","1","10800","3026","2","2807","2020-08-04 13:05:38","1","2020-08-04 23:30:39","1",
"611","137","2020-08-04","2020-08","32","840","1342","2-2020","2-2020","1","Cuit: 33708829639","150","150","1","150","3025","2","2806","2020-08-04 13:06:25","1","2020-08-04 23:28:20","1",
"612","138","2020-08-04","2020-08","32","908","1342","2-2020","2-2020","1","Cuit: 30643748688","125","125","1","125","3024","2","2805","2020-08-04 13:06:56","1","2020-08-04 23:26:30","1",
"613","139","2020-08-04","2020-08","32","892","1342","2-2020","2-2020","1","Cuit: 33584584179","140","140","1","140","3022","2","2803","2020-08-04 23:12:23","1","2020-08-04 23:22:18",,
"614","140","2020-08-04","2020-08","32","902","1342","2-2020","2-2020","1","Cuit: 30712022368","140","140","1","140","3019","2","2800","2020-08-04 23:12:49","1","2020-08-04 23:15:53","1",
"615","141","2020-08-05","2020-08","32","969","1342","1-2020","1-2020","1","Cuit: 27220067586","120","120","71.84","8620.8","3027","2","2808","2020-08-05 19:42:36","1","2020-08-05 19:45:32",,
"616","142","2020-08-05","2020-08","32","911","1342","1-2020","1-2020","1","Cuit: 30632072917","225","225","1","225","3028","2","2809","2020-08-05 20:35:09","1","2020-08-06 14:17:18","1",
"617","143","2020-08-05","2020-08","32","945","1342","2-2020","2-2020","1","Cuit: 30582981341","125","125","1","125","3030","2","2811","2020-08-05 20:38:14","1","2020-08-06 14:22:09",,
"618","144","2020-08-05","2020-08","32","940","1342","2-2020","2-2020","1","Cuit: 20323350885","150","150","1","150","3083","2","2864","2020-08-05 21:16:13","1","2020-08-21 21:19:00","1",
"619","145","2020-08-06","2020-08","32","970","1342","1-2020","1-2020","1","Cuit: 33711994209","125","125","1","125","3029","2","2810","2020-08-06 14:04:20","1","2020-08-06 14:19:58",,
"620","146","2020-08-06","2020-08","32","970","1342","1-2019","1-2019","1","Cuit: 33711994209","125","125","1","125","3029","2","2810","2020-08-06 14:09:57","1","2020-08-06 14:19:58","1",
"621","147","2020-08-06","2020-08","32","970","1342","1-2018","1-2018","1","Cuit: 33711994209","125","125","1","125","3029","2","2810","2020-08-06 14:10:42","1","2020-08-06 14:19:58",,
"622","148","2020-08-10","2020-08","32","936","1342","2-2020","2-2020","1","Cuit: 30709922412","125","125","1","125","3032","2","2813","2020-08-10 19:24:27","1","2020-08-10 19:45:17","1",
"623","149","2020-08-10","2020-08","32","899","1342","1-2019","1-2019","1","Cuit: 30592724541","492","492","1","492","3031","2","2812","2020-08-10 19:25:02","1","2020-08-10 19:43:33","1",
"624","150","2020-08-10","2020-08","32","721","1342","2-2020","2-2020","1","Cuit: 30629717958","125","125","1","125","3034","2","2815","2020-08-10 19:25:31","1","2020-08-10 19:48:50","1",
"625","151","2020-08-10","2020-08","32","938","1342","2-2020","2-2020","1","Cuit: 30604456475","120","120","1","120","3033","2","2814","2020-08-10 19:26:34","1","2020-08-10 19:47:06","1",
"626","152","2020-08-10","2020-08","32","927","1342","1-2020","1-2020","1","Cuit: 30697642664","375","375","1","375","3035","2","2816","2020-08-10 19:29:19","1","2020-08-10 19:50:22","1",
"627","153","2020-08-14","2020-08","32","946","1342","2-2020","2-2020","1","Cuit: 30518801453","125","125","73.11","9138.75","3074","2","2855","2020-08-14 09:05:11","1","2020-08-19 01:34:52","1",
"628","154","2020-08-18","2020-09","32","955","1342","2-2020","2-2020","1","Cuit: 30503865455","125","125","1","125","3079","2","2860","2020-08-18 20:23:56","1","2020-08-21 20:59:22","1",
"629","155","2020-08-18","2020-09","32","869","1342","2-2020","2-2020","1","Cuit: 30626391385","125","125","1","125","3072","2","2853","2020-08-18 20:29:30","1","2020-08-19 01:31:20",,
"630","156","2020-08-18","2020-09","32","890","1342","2-2020","2-2020","1","Cuit: 30710873808","125","125","1","125","3069","2","2850","2020-08-18 20:30:03","1","2020-08-19 01:26:02",,
"631","157","2020-08-18","2020-09","32","917","1342","2-2020","2-2020","1","Cuit: 30602173638","250","250","1","250","3070","2","2851","2020-08-18 20:30:38","1","2020-08-19 01:28:14",,
"632","158","2020-08-18","2020-09","4","873","1342","2-2020","2-2020","1","Cuit: 30709981362","150","150","1","150",,,,"2020-08-18 20:31:10","1",,,
"633","159","2020-08-18","2020-09","32","904","1342","2-2020","2-2020","1","Cuit: 30504437546","125","125","1","125","3071","2","2852","2020-08-18 20:31:34","1","2020-08-19 01:29:59",,
"634","160","2020-08-18","2020-09","32","805","1342","2-2020","2-2020","1","Cuit: 30662519746","125","125","1","125","3073","2","2854","2020-08-18 20:32:58","1","2020-08-19 01:32:36",,
"635","161","2020-08-21","2020-09","32","944","1342","2-2020","2-2020","1","Cuit: 30708784164","125","125","1","125","3078","2","2859","2020-08-21 19:29:01","1","2020-08-21 20:56:44",,
"636","162","2020-08-21","2020-09","32","264","1342","2-2020","2-2020","1","Cuit: 30-63557228-7","125","125","1","125","3076","2","2857","2020-08-21 19:30:15","1","2020-08-21 20:52:36",,
"637","163","2020-08-21","2020-09","32","843","1342","2-2020","2-2020","1","Cuit: 30543349085","125","125","1","125","3075","2","2856","2020-08-21 19:30:41","1","2020-08-21 20:50:46",,
"638","164","2020-08-21","2020-09","32","900","1342","2-2020","2-2020","1","Cuit: 30638611097","130.5","130.5","1","130.5","3080","2","2861","2020-08-21 19:31:20","1","2020-08-21 21:04:49",,
"639","165","2020-08-21","2020-09","32","893","1342","2-2020","2-2020","1","Cuit: 30666049450","125","125","1","125","3077","2","2858","2020-08-21 19:31:48","1","2020-08-21 20:54:50",,
"640","166","2020-08-21","2020-09","32","504","1342","1-2020","1-2020","1","Cuit: 33534876969","5400","5400","1","5400","3081","2","2862","2020-08-21 19:32:14","1","2020-08-21 21:07:01",,
"641","167","2020-08-25","2020-09","32","879","1342","2-2020","2-2020","1","Cuit: 30506357841","125","125","1","125","3089","2","2870","2020-08-25 17:33:44","1","2020-08-25 17:54:45",,
"642","168","2020-08-25","2020-09","32","933","1342","2-2020","2-2020","1","Cuit: 30708063629","125","125","1","125","3087","2","2868","2020-08-25 17:35:39","1","2020-08-25 17:51:44",,
"643","169","2020-08-25","2020-09","32","891","1342","1-2020","2-2020","2","Cuit: 30711917779","125","250","1","250","3090","2","2871","2020-08-25 17:36:13","1","2020-08-25 17:56:36",,
"644","170","2020-08-25","2020-09","32","898","1342","1-2020","2-2020","2","Cuit: 30695092233","125","250","1","250","3091","2","2872","2020-08-25 17:36:42","1","2020-08-25 17:57:56",,
"645","171","2020-08-25","2020-09","32","866","1342","2-2020","2-2020","1","Cuit: 30590162279","150","150","1","150","3092","2","2873","2020-08-25 17:37:21","1","2020-08-25 17:59:08",,
"646","172","2020-08-25","2020-09","32","860","1342","2-2020","2-2020","1","Cuit: 30694753201","150","150","1","150","3093","2","2874","2020-08-25 17:37:47","1","2020-08-25 18:00:41",,
"647","173","2020-08-25","2020-09","32","931","1342","2-2020","2-2020","1","Cuit: 30504469138","125","125","1","125","3086","2","2867","2020-08-25 17:38:24","1","2020-08-25 17:50:23",,
"648","174","2020-08-25","2020-09","32","913","1342","2-2020","2-2020","1","Cuit: 30504023377","125","125","1","125","3088","2","2869","2020-08-25 17:44:40","1","2020-08-25 17:53:13",,
"649","175","2020-08-26","2020-09","32","960","1342","2-2020","2-2020","1","Cuit: 30577752210","125","125","1","125","3098","2","2879","2020-08-26 17:46:26","1","2020-08-27 13:51:47",,
"650","176","2020-08-26","2020-09","32","962","1342","2-2020","2-2020","1","Cuit: 30711860807","125","125","1","125","3099","2","2880","2020-08-26 17:52:23","1","2020-08-27 13:55:27",,
"651","177","2020-09-03","2020-09","32","976","1342","2-2020","2-2020","1","Cuit: 33712472559","325","325","1","325","3126","2","2896","2020-09-03 14:30:46","1","2020-09-04 18:38:25",,
"652","178","2020-09-04","2020-09","32","943","1342","2-2020","2-2020","1","Cuit: 30708911212","125","125","1","125","3127","2","2897","2020-09-04 14:24:15","1","2020-09-04 18:39:52",,
"653","179","2020-09-04","2020-09","32","911","1342","2-2020","2-2020","1","Cuit: 30632072917","500","500","1","500","3124","2","2894","2020-09-04 14:24:48","1","2020-09-04 18:35:15",,
"654","180","2020-09-04","2020-09","32","970","1342","2-2020","2-2020","1","Cuit: 33711994209","125","125","1","125","3125","2","2895","2020-09-04 14:25:33","1","2020-09-04 18:37:03",,
"655","181","2020-09-04","2020-09","32","972","1342","2-2020","2-2020","1","Cuit: 20106672890","105","105","1","105","3123","2","2893","2020-09-04 14:26:29","1","2020-09-04 18:33:28",,
"656","182","2020-09-15","2020-09","32","899","1342","2-2020","2-2020","1","Cuit: 30592724541","120","120","75.12","9014.4","3134","2","2903","2020-09-15 12:19:09","1","2020-09-15 12:37:05",,"5"
"657","183","2020-09-15","2020-09","32","435","1342","2-2020","2-2020","1","Cuit: 30617091190","125","125","75.12","9390","3139","2","2908","2020-09-15 12:24:38","1","2020-09-15 12:56:11",,"5"
"658","184","2020-09-15","2020-09","32","932","1342","2-2020","2-2020","1","Cuit: 30716102188","125","125","75.12","9390","3140","2","2909","2020-09-15 12:25:12","1","2020-09-15 12:59:48",,"5"
"659","185","2020-09-15","2020-09","32","905","1342","2-2020","2-2020","1","Cuit: 30715468294","125","125","75.12","9390","3137","2","2906","2020-09-15 12:25:43","1","2020-09-15 12:50:04",,"0"
"660","186","2020-09-15","2020-09","32","929","1342","2-2020","2-2020","1","Cuit: 30715863193","125","125","75.12","9390","3138","2","2907","2020-09-15 12:26:18","1","2020-09-15 12:53:27",,"0"
"661","187","2020-09-15","2020-09","32","228","1342","2-2020","2-2020","1","Cuit: 30501579471","150","150","75.12","11268","3136","2","2905","2020-09-15 12:26:45","1","2020-09-15 12:46:33",,"0"
"662","188","2020-09-15","2020-09","32","917","1342","1-2020","2-2020","2","Cuit: 30602173638","125","250","75.12","18780","3135","2","2904","2020-09-15 12:27:28","1","2020-09-15 12:42:58",,"5"
"663","189","2020-09-15","2020-09","6","526","1342","2-2020","2-2020","1","Cuit: 30686241749","140","140","75.12","10516.8",,,,"2020-09-15 12:28:02","1","2021-09-14 19:17:14","1","1"
"664","190","2020-09-16","2020-09","6","899","1342","2-2020","2-2020","1","Cuit: 30592724541","150","150","1","150",,,,"2020-09-16 14:11:57","5","2021-09-14 19:16:13","1","5"
"665","191","2020-09-16","2020-09","6","869","1342","1-2020","1-2020","1","Cuit: 30626391385","125","125",,,,,,"2020-09-16 14:19:57","5","2021-09-14 19:17:19","1","5"
"666","192","2020-09-18","2020-10","32","976","1342","2-2020","2-2020","1","Cuit: 33712472559","125","125","1","125","3169","2","2938","2020-09-18 19:05:19","1","2020-09-18 19:17:54","1","6"
"667","193","2020-09-18","2020-10","32","962","1342","1-2020","2-2020","2","Cuit: 30711860807","125","250","1","250","3170","2","2939","2020-09-18 19:06:08","1","2020-09-18 19:20:09",,"6"
"668","194","2020-09-23","2020-10","32","873","1342","2-2020","2-2020","1","Cuit: 30709981362","150","150","1","150","3171","2","2940","2020-09-23 17:42:35","1","2020-09-23 17:46:39",,"4"
"669","195","2020-10-05","2020-10","32","962","1342","3-2020","3-2020","1","Cuit: 30711860807","125","125","1","125","3174","2","2943","2020-10-05 17:15:18","1","2020-10-05 17:27:38",,"5"
"670","196","2020-10-08","2020-10","6","959","1342","2-2020","3-2020","2","Cuit: 30710578482","75","150","0","0",,,,"2020-10-08 11:32:13","1","2021-09-14 19:14:52","1","6"
"671","197","2020-10-08","2020-10","32","952","1342","2-2020","3-2020","2","Cuit: 30710282842","175","350","88","30800","3385","2","3154","2020-10-08 12:33:46","1","2020-12-19 10:40:28","1","6"
"672","198","2020-10-08","2020-10","32","758","1342","2-2020","2-2020","1","Cuit: 30708441887","125","125","84.25","10531.25","3250","2","3019","2020-10-08 12:35:36","1","2020-11-06 17:03:32","1","6"
"673","199","2020-10-20","2020-11","6","869","1342","1-2020","1-2020","1","Cuit: 30626391385","125","125","1","125",,,,"2020-10-20 18:41:05","5","2021-09-14 19:17:25","1","5"
"674","200","2020-10-20","2020-11","32","980","1342","1-2020","1-2020","1","Cuit: 30716696142","210","210","82.75","17377.5","3227","2","2996","2020-10-20 19:26:29","1","2020-10-20 19:30:23",,"6"
"675","201","2020-10-20","2020-11","32","979","1342","1-2020","1-2020","1","Cuit: 30600738379","232.5","232.5","82.75","19239.38","3228","2","2997","2020-10-20 19:27:49","1","2020-10-20 19:32:08",,"6"
"676","202","2020-10-21","2020-11","32","981","1342","1-2020","1-2020","1","Cuit: 30549297443","105","105","82.75","8688.75","3236","2","3005","2020-10-21 12:28:01","1","2020-10-21 13:55:50",,"6"
"677","203","2020-10-21","2020-11","32","942","1342","3-2020","3-2020","1","Cuit: 30708146621","100","100","82.75","8275","3232","2","3001","2020-10-21 12:49:25","1","2020-10-21 13:48:17",,"5"
"678","204","2020-10-21","2020-11","32","927","1342","3-2020","3-2020","1","Cuit: 30697642664","125","125","82.75","10343.75","3234","2","3003","2020-10-21 12:50:05","1","2020-10-21 13:52:04",,"5"
"679","205","2020-10-21","2020-11","32","721","1342","3-2020","3-2020","1","Cuit: 30629717958","125","125","82.75","10343.75","3235","2","3004","2020-10-21 12:50:46","1","2020-10-21 13:54:17",,"5"
"680","206","2020-10-21","2020-11","32","892","1342","3-2020","3-2020","1","Cuit: 33584584179","140","140","82.75","11585","3233","2","3002","2020-10-21 12:51:25","1","2020-10-21 13:50:37",,"5"
"681","207","2020-10-21","2020-11","32","937","1342","3-2020","3-2020","1","Cuit: 30714838411","125","125","82.75","10343.75","3231","2","3000","2020-10-21 12:52:13","1","2020-10-21 13:46:33",,"5"
"682","208","2020-10-21","2020-11","32","915","1342","3-2020","3-2020","1","Cuit: 30674287085","100","100","82.75","8275","3229","2","2998","2020-10-21 12:52:58","1","2020-10-21 13:42:00",,"5"
"683","209","2020-10-21","2020-11","32","916","1342","3-2020","3-2020","1","Cuit: 27215509287","60","60","82.75","4965","3230","2","2999","2020-10-21 12:53:25","1","2020-10-21 13:43:39",,"5"
"684","210","2020-10-30","2020-11","32","526","1342","2-2020","2-2020","1","Cuit: 30686241749","140","140","83.5","11690","3241","2","3010","2020-10-30 09:13:26","1","2020-11-02 14:30:34","1","5"
"685","211","2020-10-30","2020-11","32","873","1342","1-2020","1-2020","1","Cuit: 30709981362","8700","8700","1","8700","3237","2","3006","2020-10-30 09:14:16","1","2020-11-02 14:21:57","1","5"
"686","212","2020-10-30","2020-11","32","840","1342","3-2020","3-2020","1","Cuit: 33708829639","150","150","85.3","12795","3242","2","3011","2020-10-30 09:15:50","1","2020-11-02 15:03:33",,"5"
"687","213","2020-10-30","2020-11","32","902","1342","3-2020","3-2020","1","Cuit: 30712022368","140","140","83.5","11690","3238","2","3007","2020-10-30 09:17:13","1","2020-11-02 14:24:05",,"4"
"688","214","2020-10-30","2020-11","32","936","1342","3-2020","3-2020","1","Cuit: 30709922412","125","125","83.5","10437.5","3240","2","3009","2020-10-30 09:17:58","1","2020-11-02 14:28:34",,"5"
"689","215","2020-10-30","2020-11","32","904","1342","3-2020","3-2020","1","Cuit: 30504437546","125","125","83.5","10437.5","3239","2","3008","2020-10-30 09:18:30","1","2020-11-02 14:25:47",,"5"
"690","216","2020-10-30","2020-11","32","981","1342","1-2019","1-2019","1","Cuit: 30549297443","87.5","87.5","84.25","7371.88","3254","2","3023","2020-10-30 19:24:31","1","2020-11-06 17:10:03","1","6"
"691","217","2020-10-30","2020-11","32","981","1342","1-2020","2-2020","2","Cuit: 30549297443","175","350","83.75","29312.5","3243","2","3012","2020-10-30 19:24:56","1","2020-11-02 15:05:34","1","6"
"692","218","2020-11-06","2020-11","32","976","1342","3-2020","3-2020","1","Cuit: 33712472559","125","125","85","10625","3269","2","3038","2020-11-06 16:44:29","1","2020-11-13 16:42:59","1","6"
"693","219","2020-11-06","2020-11","32","946","1342","3-2020","3-2020","1","Cuit: 30518801453","125","125","84.25","10531.25","3252","2","3021","2020-11-06 16:51:20","1","2020-11-06 17:06:33",,"6"
"694","220","2020-11-06","2020-11","32","971","1342","3-2020","3-2020","1","Cuit: 20108971747","125","125","84.25","10531.25","3251","2","3020","2020-11-06 16:52:24","1","2020-11-06 17:05:09",,"6"
"695","221","2020-11-06","2020-11","32","945","1342","3-2020","3-2020","1","Cuit: 30582981341","125","125","84.25","10531.25","3253","2","3022","2020-11-06 16:52:53","1","2020-11-06 17:07:52",,"6"
"696","222","2020-11-17","2020-12","32","869","1342","3-2020","3-2020","1","Cuit: 30626391385","125","125","84.75","10593.75","3306","2","3075","2020-11-17 13:52:44","5","2020-11-17 14:56:45","5","5"
"697","223","2020-11-17","2020-12","32","931","1342","3-2020","3-2020","1","Cuit: 30504469138","125","125","84.75","10593.75","3300","2","3069","2020-11-17 13:53:47","5","2020-11-17 14:39:07","5","5"
"698","224","2020-11-17","2020-12","32","929","1342","3-2020","3-2020","1","Cuit: 30715863193","125","125","84.75","10593.75","3305","2","3074","2020-11-17 13:54:30","5","2020-11-17 14:53:40","5","5"
"699","225","2020-11-17","2020-12","32","905","1342","3-2020","3-2020","1","Cuit: 30715468294","125","125","84.75","10593.75","3304","2","3073","2020-11-17 13:55:01","5","2020-11-17 14:51:34","5","5"
"700","226","2020-11-17","2020-12","32","873","1342","3-2020","3-2020","1","Cuit: 30709981362","150","150","1","150","3310","2","3079","2020-11-17 13:56:29","5","2020-11-19 08:41:43","5","5"
"701","227","2020-11-17","2020-12","32","908","1342","3-2020","3-2020","1","Cuit: 30643748688","125","125","85","10625","3307","2","3076","2020-11-17 13:57:22","5","2020-11-17 14:58:31","5","5"
"702","228","2020-11-17","2020-12","32","944","1342","3-2020","3-2020","1","Cuit: 30708784164","125","125","85","10625","3303","2","3072","2020-11-17 13:57:57","5","2020-11-17 14:49:11","5","5"
"703","229","2020-11-17","2020-12","32","797","1342","3-2020","3-2020","1","Cuit: 30709513490","125","125","85","10625","3299","2","3068","2020-11-17 13:58:45","5","2020-11-17 14:36:56","5","5"
"704","230","2020-11-17","2020-12","32","435","1342","3-2020","3-2020","1","Cuit: 30617091190","125","125","85","10625","3308","2","3077","2020-11-17 13:59:17","5","2020-11-17 15:00:04","5","5"
"705","231","2020-11-17","2020-12","32","899","1342","3-2020","3-2020","1","Cuit: 30592724541","120","120","85","10200","3298","2","3067","2020-11-17 13:59:48","5","2020-11-17 14:34:14","5","5"
"706","232","2020-11-17","2020-12","32","893","1342","3-2020","3-2020","1","Cuit: 30666049450","125","125","85","10625","3301","2","3070","2020-11-17 14:00:25","5","2020-11-17 14:43:51","5","5"
"707","233","2020-11-17","2020-12","32","890","1342","3-2020","3-2020","1","Cuit: 30710873808","125","125","85","10625","3302","2","3071","2020-11-17 14:00:44","5","2020-11-17 14:47:03","5","5"
"708","234","2020-11-17","2020-12","32","899","1342","1-2020","1-2020","1","Cuit: 30592724541","21600","21600","1","21600","3311","2","3080","2020-11-17 14:18:31","1","2020-11-19 08:45:04","5","5"
"709","235","2020-11-17","2020-12","6","873","1342","1-2020","1-2020","1","CERTIF. CONTABLE . 800 de gastos","7200","7200","1","7200",,,,"2020-11-17 14:19:25","1","2021-09-14 19:17:08","1","5"
"710","236","2020-11-17","2020-12","32","942","1342","1-2020","1-2020","1","Cuit: 30708146621","375","375","84.75","31781.25","3312","2","3081","2020-11-17 15:08:25","5","2020-11-19 08:47:20","5","5"
"711","237","2020-11-19","2020-12","32","979","1342","1-2017","1-2017","1","Cuit: 30600738379","75","75","85.25","6393.75","3309","2","3078","2020-11-19 08:24:58","6","2020-11-19 08:38:38",,"6"
"712","238","2020-12-15","2020-12","32","979","1342","1-2017","1-2017","1","Cuit: 30600738379  es por 70","175","175","87.5","15312.5","3352","2","3121","2020-11-19 08:26:07","6","2020-12-15 16:25:25","1","6"
"713","239","2020-11-19","2020-12","32","979","1342","1-2018","1-2018","1","Cuit: 30600738379","75","75","85.25","6393.75","3309","2","3078","2020-11-19 08:27:01","6","2020-11-19 08:38:38",,"6"
"714","240","2020-12-15","2020-12","32","979","1342","1-2018","1-2018","1","Cuit: 30600738379","175","175","87.5","15312.5","3352","2","3121","2020-11-19 08:27:25","6","2020-12-15 16:25:25","1","6"
"715","241","2020-11-19","2020-12","32","979","1342","1-2019","1-2019","1","Cuit: 30600738379","75","75","85.25","6393.75","3309","2","3078","2020-11-19 08:28:12","6","2020-11-19 08:38:38",,"6"
"716","242","2020-12-15","2020-12","32","979","1342","1-2019","1-2019","1","Cuit: 30600738379","175","175","87.5","15312.5","3352","2","3121","2020-11-19 08:29:32","6","2020-12-15 16:25:25","1","6"
"717","243","2020-12-15","2020-12","32","979","1342","1-2020","3-2020","3","Cuit: 30600738379","122.5","367.5","87.5","32156.25","3352","2","3121","2020-11-19 08:31:06","6","2020-12-15 16:25:25","1","6"
"718","244","2020-11-19","2020-12","32","979","1342","1-2020","3-2020","3","Cuit: 30600738379","52.5","157.5","85.25","13426.88","3309","2","3078","2020-11-19 08:32:15","6","2020-11-19 08:38:38","6","6"
"719","245","2020-11-19","2020-12","32","953","1342","2-2020","2-2020","1","Cuit: 30711416028","125","125","85.25","10656.25","3313","2","3082","2020-11-19 09:24:03","6","2020-11-19 09:27:29",,"6"
"720","246","2020-11-19","2020-12","32","960","1342","3-2020","3-2020","1","Cuit: 30577752210","125","125","85.25","10656.25","3314","2","3083","2020-11-19 10:34:36","6","2020-11-19 10:36:34",,"6"
"721","247","2020-11-24","2020-12","32","932","1342","3-2020","3-2020","1","Cuit: 30716102188","125","125","85.25","10656.25","3324","2","3093","2020-11-24 13:09:52","5","2020-11-24 17:28:10",,"5"
"722","248","2020-11-24","2020-12","32","805","1342","3-2020","3-2020","1","Cuit: 30662519746","125","125","85.25","10656.25","3323","2","3092","2020-11-24 13:10:27","5","2020-11-24 17:26:52",,"5"
"723","249","2020-11-24","2020-12","32","843","1342","3-2020","3-2020","1","Cuit: 30543349085","125","125","85.25","10656.25","3315","2","3084","2020-11-24 13:10:59","5","2020-11-24 17:15:51",,"5"
"724","250","2020-11-24","2020-12","32","866","1342","3-2020","3-2020","1","Cuit: 30590162279","125","125","85.25","10656.25","3320","2","3089","2020-11-24 13:11:32","5","2020-11-24 17:22:50",,"5"
"725","251","2020-11-24","2020-12","32","955","1342","3-2020","3-2020","1","Cuit: 30503865455","125","125","85.25","10656.25","3322","2","3091","2020-11-24 13:14:21","5","2020-11-24 17:25:35","5","5"
"726","252","2020-11-24","2020-12","32","933","1342","3-2020","3-2020","1","Cuit: 30708063629","125","125","85.5","10687.5","3317","2","3086","2020-11-24 13:15:08","5","2020-11-24 17:18:44","5","5"
"727","253","2020-11-24","2020-12","32","913","1342","3-2020","3-2020","1","Cuit: 30504023377","125","125","85.5","10687.5","3318","2","3087","2020-11-24 13:16:35","5","2020-11-24 17:19:59","5","5"
"728","254","2020-11-24","2020-12","32","879","1342","3-2020","3-2020","1","Cuit: 30506357841","125","125","85.5","10687.5","3319","2","3088","2020-11-24 13:17:31","5","2020-11-24 17:21:28",,"5"
"729","255","2020-11-24","2020-12","32","917","1342","3-2020","3-2020","1","Cuit: 30602173638","250","250","85.25","21312.5","3316","2","3085","2020-11-24 13:19:14","5","2020-11-24 17:17:19",,"5"
"730","256","2020-11-24","2020-12","32","900","1342","3-2020","3-2020","1","Cuit: 30638611097","130.5","130.5","85.5","11157.75","3321","2","3090","2020-11-24 13:19:55","5","2020-11-24 17:24:11",,"5"
"731","257","2020-12-02","2020-12","32","938","1342","3-2020","3-2020","1","Cuit: 30604456475","120","120","85.75","10290","3330","2","3099","2020-12-02 13:50:13","5","2020-12-02 20:34:06","5","5"
"732","258","2020-12-02","2020-12","32","938","1342","2-2020","2-2020","1","Cuit: 30604456475","120","120","85.75","10290","3330","2","3099","2020-12-02 13:54:16","5","2020-12-02 20:34:06","5","5"
"733","259","2020-12-02","2020-12","32","898","1342","3-2020","3-2020","1","Cuit: 30695092233","125","125","85.75","10718.75","3329","2","3098","2020-12-02 13:55:15","5","2020-12-02 20:30:37","5","5"
"734","260","2020-12-02","2020-12","32","891","1342","3-2020","3-2020","1","Cuit: 30711917779","125","125","85.75","10718.75","3328","2","3097","2020-12-02 13:55:41","5","2020-12-02 20:27:58","5","5"
"735","261","2020-12-02","2020-12","32","228","1342","3-2020","3-2020","1","Cuit: 30501579471","150","150","85.75","12862.5","3327","2","3096","2020-12-02 13:56:29","5","2020-12-02 20:26:37","5","5"
"736","262","2020-12-02","2020-09","32","860","1342","3-2020","3-2020","1","Cuit: 30694753201","150","150","86","12900","3466","2","3235","2020-12-02 13:56:58","5","2021-02-08 20:56:02","5","5"
"737","263","2020-12-15","2020-12","32","983","1342","1-2020","1-2020","1","Cuit: 27228624042","0","0","0","0","3351","2","3120","2020-12-02 14:31:05","6","2020-12-15 16:22:33","1","6"
"738","264","2020-12-02","2020-12","32","983","1342","2-2020","3-2020","2","Cuit: 27228624042","125","250","87.5","21875","3351","2","3120","2020-12-02 14:31:35","6","2020-12-15 16:22:33","1","6"
"739","265","2020-12-02","2020-12","6","980","1342","3-2020","3-2020","1","Cuit: 30716696142","150","150",,,,,,"2020-12-02 14:41:18","6","2021-09-14 19:13:41","1","6"
"740","266","2020-12-15","2020-12","32","940","1342","3-2020","3-2020","1","Cuit: 20323350885","125","125","86.75","10843.75","3353","2","3122","2020-12-02 15:07:58","6","2020-12-17 12:37:02","1","6"
"741","267","2020-12-02","2020-09","32","943","1342","3-2020","3-2020","1","Cuit: 30708911212","125","125","86.25","10781.25","3333","2","3102","2020-12-02 15:22:46","6","2020-12-09 14:54:24","6","6"
"742","268","2020-12-02","2020-12","6","959","1342","3-2020","3-2020","1","Cuit: 30710578482   hola","125","125","0","0",,,,"2020-12-02 15:28:58","6","2021-09-14 19:15:00","1","6"
"743","269","2020-12-02","2020-12","6","948","1342","1-2020","3-2020","3","Cuit: 30716081237","125","375","0","0",,,,"2020-12-02 15:29:30","6","2021-09-14 19:15:16","1","6"
"744","270","2020-12-03","2020-12","32","986","1342","1-2018","1-2018","1","Cuit: 30646015355","175","175","86.75","15181.25","3331","2","3100","2020-12-03 14:06:49","1","2020-12-03 14:19:56","1","6"
"745","271","2020-12-03","2020-12","32","986","1342","1-2019","1-2019","1","Cuit: 30646015355","175","175","86.75","15181.25","3331","2","3100","2020-12-03 14:07:34","1","2020-12-03 14:19:56","1","6"
"746","272","2020-12-03","2020-12","32","986","1342","1-2020","3-2020","3","Cuit: 30646015355","125","375","86.75","32531.25","3331","2","3100","2020-12-03 14:09:37","1","2020-12-03 14:19:56","1","6"
"750","276","2020-12-04","2020-12","6","945","1342","4-2020","4-2020","1","CUIT: 30582981341","125","125","0","0",,,,"2020-12-04 18:05:56","6","2021-09-14 19:15:07","1","6"
"748","274","2020-12-04","2020-12","6","797","1342","4-2020","4-2020","1","CUIT: 30709513490","125","125","86","10750",,,,"2020-12-04 16:54:46","5","2021-09-14 19:16:24","1","5"
"749","275","2020-12-04","2020-09","32","879","1342","3-2020","3-2020","1","CUIT: 30506357841   RECTIFFICACION","125","125","86.5","10812.5","3332","2","3101","2020-12-04 16:59:52","5","2020-12-09 14:52:08","5","5"
"751","277","2020-12-28","2020-09","32","526","1342","3-2020","3-2020","1","CUIT: 30686241749","140","140","87.75","12285","3403","2","3172","2020-12-28 11:46:13","5","2020-12-28 21:49:26",,"5"
"752","278","2020-12-28","2020-09","32","938","1342","3-2020","3-2020","1","CUIT: 30604456475","120","120","88.25","10590","3402","2","3171","2020-12-28 11:52:07","5","2020-12-28 21:47:28",,"5"
"753","279","2020-12-28","2020-09","32","228","1342","3-2020","3-2020","1","CUIT: 30501579471","75","75","88.25","6618.75","3401","2","3170","2020-12-28 11:53:08","5","2020-12-28 21:45:18",,"5"
"754","280","2020-12-28","2020-09","32","873","1342","1-2020","1-2020","1","CERTIF CONTABLE   800 de gastos","7900","7900","1","7900","3440","2","3209","2020-12-28 11:55:44","5","2021-01-18 10:37:26","5","5"
"755","281","2020-12-28","2020-09","32","902","1342","1-2020","1-2020","1","PRECIOS DE TRANSFERENCIA","29450","29450","1","29450","3404","2","3173","2020-12-28 11:57:44","4","2020-12-28 21:53:43","4","4"
"756","282","2020-12-28","2020-09","32","892","1342","1-2020","1-2020","1","PRECIOS DE TRANSFERENCIA","29450","29450","1","29450","3405","2","3174","2020-12-28 11:58:08","5","2020-12-28 21:55:14","5","5"
"757","283","2020-12-28","2020-09","32","915","1342","1-2020","1-2020","1","PRECIOS DE TRANSFERENCIA","475","475","87","41325","3406","2","3175","2020-12-28 12:00:49","5","2020-12-28 21:56:37","5","5"
"758","284","2020-12-28","2021-01","6","899","1342","1-2020","1-2020","1","CUIT: 30592724541   PRUIEBA","29450","29450","1","29450",,,,"2020-12-28 13:05:39","5","2021-09-14 19:16:19","1","5"
"759","1","2021-01-05","2020-09","32","984","1342","2-2020","3-2020","2","CUIT: 30662162589","125","250","89.25","22312.5","3407","2","3176","2021-01-05 16:32:41","6","2021-01-08 08:48:49","6","6"
"760","2","2021-01-07","2020-09","32","899","1342","1-2020","4-2020","4","CERTIF CONTABLE   2400 DE GASTOS","7200","28800","1","28800","3439","2","3208","2021-01-07 10:09:22","5","2021-01-18 10:30:53","5","5"
"761","3","2021-01-07","2020-09","32","962","1342","4-2020","4-2020","1","CUIT: 30711860807","125","125","83.75","10468.75","3408","2","3177","2021-01-07 15:34:05","6","2021-01-08 08:50:44","6","6"
"762","4","2021-01-15","2021-01","32","990","1342","1-2020","3-2020","3","CUIT: 30709784060","125","375","90.5","33937.5","3412","2","3181","2021-01-15 13:47:55","6","2021-01-18 15:42:24","1","6"
"763","5","2021-01-18","2020-09","32","899","1342","1-2020","4-2020","4","CUIT: 30592724541","800","3200","1","3200","3460","2","3229","2021-01-18 10:29:57","5","2021-02-08 12:09:57","5","5"
"764","6","2021-01-18","2021-02","32","873","1342","1-2020","1-2020","1","Cuit: 30709981362","800","800","1","800","3461","2","3230","2021-01-18 10:41:30","1","2021-02-08 12:29:11",,"5"
"765","7","2021-01-21","2020-09","32","984","1342","3-2020","3-2020","1","CUIT: 30662162589","125","125","90.75","11343.75","3449","2","3218","2021-01-21 19:23:53","6","2021-01-25 18:20:29","6","6"
"766","8","2021-01-22","2020-09","32","937","1342","4-2020","4-2020","1","CUIT: 30714838411","125","125","91","11375","3451","2","3220","2021-01-22 09:42:56","5","2021-01-26 14:33:44","5","5"
"767","9","2021-01-22","2020-09","32","937","1342","3-2019","3-2020","5","CUIT: 30714838411","106.25","531.25","91","48343.75","3451","2","3220","2021-01-22 09:43:44","5","2021-01-26 14:33:44","5","5"
"768","10","2021-01-22","2020-09","32","927","1342","4-2020","4-2020","1","CUIT: 30697642664","125","125","91.25","11406.25","3447","2","3216","2021-01-22 09:44:34","5","2021-01-22 19:04:39",,"5"
"769","11","2021-01-22","2020-09","32","721","1342","4-2020","4-2020","1","CUIT: 30629717958","125","125","91.25","11406.25","3446","2","3215","2021-01-22 09:45:08","5","2021-01-22 19:00:22",,"5"
"770","12","2021-01-22","2020-09","32","944","1342","4-2020","4-2020","1","CUIT: 30708784164","125","125","91.5","11437.5","3448","2","3217","2021-01-22 09:45:30","5","2021-01-22 19:09:35","5","5"
"771","13","2021-01-22","2020-09","32","892","1342","4-2020","4-2020","1","CUIT: 33584584179","140","140","91.5","12810","3463","2","3232","2021-01-22 09:46:08","5","2021-02-08 20:44:59",,"5"
"772","14","2021-01-27","2020-09","32","68","1342","1-2019","1-2019","1","CUIT: 30-70828666-0","31040","31040","1","31040","3453","2","3222","2021-01-27 19:00:47","5","2021-01-27 19:08:57","5","5"
"773","15","2021-02-02","2021-02","32","945","1342","4-2020","4-2020","1","CUIT: 30582981341","125","125","92.5","11562.5","3459","2","3228","2021-02-02 16:37:37","6","2021-02-08 11:54:43","1","6"
"774","16","2021-02-08","2020-09","32","840","1342","3-2020","3-2020","1","RECTIFICACIÓN 3º TRIM 2020","150","150","91.75","13762.5","3465","2","3234","2021-02-08 14:02:39","5","2021-02-08 20:52:31",,"5"
"775","17","2021-02-08","2020-09","32","938","1342","3-2020","3-2020","1","RECTIFICACIÓN 3º TRIM 2020","120","120","92","11040","3464","2","3233","2021-02-08 14:05:16","5","2021-02-08 20:47:58",,"5"
"776","18","2021-02-08","2020-09","32","902","1342","4-2020","4-2020","1","PRESENTACIÓN 4º TRIM 2020","140","140","92","12880","3467","2","3236","2021-02-08 14:05:53","5","2021-02-08 20:58:44",,"5"
"777","19","2021-02-08","2020-09","32","936","1342","4-2020","4-2020","1","PRESENTACION 4º TRIM 2020","125","125","92.5","11562.5","3462","2","3231","2021-02-08 14:34:10","5","2021-02-08 20:35:08",,"5"
"778","20","2021-02-09","2020-09","32","904","1342","4-2020","4-2020","1","PRESENTACION 4º TRIM 2020","125","125","93.25","11656.25","3469","2","3238","2021-02-09 09:20:22","5","2021-02-09 09:31:24",,"5"
"779","21","2021-02-09","2020-09","32","942","1342","4-2020","4-2020","1","PRESENTACION 4º TRIM 2020","100","100","93.25","9325","3470","2","3239","2021-02-09 09:20:40","5","2021-02-09 09:33:01",,"5"
"780","22","2021-02-09","2020-09","32","869","1342","4-2020","4-2020","1","PRESENTACION 4º TRIM 2020","125","125","93.25","11656.25","3472","2","3241","2021-02-09 09:21:03","5","2021-02-09 09:36:52",,"5"
"781","23","2021-02-09","2020-09","32","955","1342","4-2020","4-2020","1","PRESENTACION 4º TRIM 2020","125","125","93.25","11656.25","3471","2","3240","2021-02-09 09:21:26","5","2021-02-09 09:34:48",,"5"
"782","24","2021-02-09","2020-09","32","915","1342","4-2020","4-2020","1","PRESENTACION 4º TRIM 2020","100","100","93.25","9325","3468","2","3237","2021-02-09 09:21:53","5","2021-02-09 09:29:47",,"5"
"783","25","2021-02-09","2020-09","32","979","1342","4-2020","4-2020","1","CUIT: 30600738379","175","175","93.25","16318.75","3473","2","3242","2021-02-09 18:54:21","6","2021-02-09 21:57:14","6","6"
"784","26","2021-02-10","2020-09","32","971","1342","4-2020","4-2020","1","CUIT: 20108971747","125","125","93.25","11656.25","3474","2","3243","2021-02-10 13:09:22","6","2021-02-10 14:42:17","6","6"
"785","27","2021-02-16","2020-09","32","797","1342","4-2020","4-2020","1","DDJJ 4º TRIM 2020","125","125","93.5","11687.5","3511","2","3280","2021-02-16 16:08:24","5","2021-02-16 17:11:04",,"5"
"786","28","2021-02-16","2020-09","32","873","1342","4-2020","4-2020","1","DDJJ 4º TRIM 2020","150","150","93.5","14025","3514","2","3283","2021-02-16 16:09:04","5","2021-02-16 17:17:44",,"5"
"787","29","2021-02-16","2020-09","32","898","1342","4-2020","4-2020","1","DDJJ 4º TRIM 2020","125","125","93.5","11687.5","3513","2","3282","2021-02-16 16:09:46","5","2021-02-16 17:15:45",,"5"
"788","30","2021-02-16","2020-09","32","995","1342","3-2020","4-2020","2","CORRECCION DE ERRORES APLICATIVO","125","250","93.5","23375","3512","2","3281","2021-02-16 16:10:20","5","2021-02-16 17:13:41",,"5"
"789","31","2021-02-17","2020-09","32","972","1342","3-2020","4-2020","2","CUIT: 20106672890","125","250","93.75","23437.5","3516","2","3285","2021-02-17 13:05:12","6","2021-02-22 16:53:25","6","6"
"790","32","2021-02-18","2020-09","32","926","1342","1-2019","1-2019","1","CUIT: 30662117346","31040","31040","1","31040","3515","2","3284","2021-02-18 17:37:26","5","2021-02-18 17:45:25","5","5"
"791","33","2021-02-22","2020-09","32","946","1342","4-2020","4-2020","1","CUIT: 30518801453","125","125","94.25","11781.25","3518","2","3287","2021-02-22 10:54:11","6","2021-02-22 16:57:32","6","6"
"792","34","2021-02-22","2020-09","32","994","1342","1-2020","4-2020","4","CUIT: 30711954046","125","500","94.25","47125","3517","2","3286","2021-02-22 10:54:55","6","2021-02-22 16:58:21","6","6"
"793","35","2021-02-24","2020-09","32","891","1342","4-2020","4-2020","1","4º TRIM 2020","125","125","93.75","11718.75","3525","2","3294","2021-02-24 08:10:44","5","2021-02-24 18:10:20",,"5"
"794","36","2021-02-24","2020-09","32","843","1342","4-2020","4-2020","1","4º TRIM 2020","125","125","93.75","11718.75","3519","2","3288","2021-02-24 08:11:11","5","2021-02-24 17:55:30",,"5"
"795","37","2021-02-24","2020-09","32","805","1342","4-2020","4-2020","1","4º TRIM 2020","125","125","93.75","11718.75","3527","2","3296","2021-02-24 08:11:48","5","2021-02-24 18:18:38",,"5"
"796","38","2021-02-24","2020-09","32","893","1342","4-2020","4-2020","1","4º TRIM 2020","125","125","93.75","11718.75","3521","2","3290","2021-02-24 08:12:24","5","2021-02-24 17:59:12",,"5"
"797","39","2021-02-24","2020-09","32","917","1342","4-2020","4-2020","1","4º TRIM 2020","250","250","94.25","23562.5","3523","2","3292","2021-02-24 08:14:37","5","2021-02-24 18:02:52",,"5"
"798","40","2021-02-24","2020-09","32","840","1342","4-2020","4-2020","1","4º TRIM 2020","150","150","94.25","14137.5","3530","2","3299","2021-02-24 08:15:12","5","2021-02-24 18:26:54",,"5"
"799","41","2021-02-24","2020-09","32","908","1342","4-2020","4-2020","1","4º TRIM 2020","125","125","94.25","11781.25","3528","2","3297","2021-02-24 08:16:39","5","2021-02-24 18:20:16",,"5"
"800","42","2021-02-24","2020-09","32","931","1342","4-2020","4-2020","1","4º TRIM 2020","125","125","94.25","11781.25","3520","2","3289","2021-02-24 08:18:37","5","2021-02-24 17:57:25",,"5"
"801","43","2021-02-24","2020-09","32","913","1342","4-2020","4-2020","1","4º TRIM 2020","125","125","94.25","11781.25","3524","2","3293","2021-02-24 08:19:14","5","2021-02-24 18:05:08",,"5"
"802","44","2021-02-24","2020-09","32","435","1342","4-2020","4-2020","1","CUIT: 30617091190","125","125","94.25","11781.25","3529","2","3298","2021-02-24 08:19:32","5","2021-02-24 18:24:51",,"5"
"803","45","2021-02-24","2020-09","32","890","1342","4-2020","4-2020","1","CUIT: 30710873808","125","125","94.25","11781.25","3522","2","3291","2021-02-24 17:34:14","5","2021-02-24 18:01:15","5","5"
"804","46","2021-02-24","2020-09","32","932","1342","4-2020","4-2020","1","CUIT: 30716102188","125","125","94.25","11781.25","3531","2","3300","2021-02-24 17:36:05","5","2021-02-24 18:28:40","5","5"
"805","47","2021-02-24","2020-09","32","866","1342","4-2020","4-2020","1","CUIT: 30590162279","125","125","94.25","11781.25","3526","2","3295","2021-02-24 17:37:27","5","2021-02-24 18:11:58","5","5"
"806","48","2021-02-24","2020-09",,"908","1342","4-2020","4-2020","1","CUIT: 30643748688","0","0","0","0",,,,"2021-02-24 17:37:53","5",,,"5"
"807","49","2021-02-24","2021-03","6","908","1342","4-2020","4-2020","1","CUIT: 30643748688","125","125","1","125",,,,"2021-02-24 17:38:37","5","2021-09-14 19:17:30","1","5"
"808","50","2021-03-02","2020-09","32","873","1342","4-2020","4-2020","1","CERT. CONTABLE PO: 8100263974 (SUMAR $800 DE GASTOS)","9300","9300","1","9300","3553","2","3322","2021-03-02 10:21:13","5","2021-03-05 16:32:44","5","5"
"809","51","2021-03-02","2020-09","32","900","1342","4-2020","4-2020","1","4º PERIODO 2020","130.5","130.5","94.5","12332.25","3551","2","3320","2021-03-02 10:22:41","5","2021-03-05 16:24:45",,"5"
"810","52","2021-03-02","2020-09","32","899","1342","4-2020","4-2020","1","4º TRIM 2020","120","120","94.5","11340","3550","2","3319","2021-03-02 10:23:14","5","2021-03-05 16:20:13",,"5"
"811","53","2021-03-02","2020-09","32","504","1342","4-2020","4-2020","1","CERTIF CONTABLE (SUMAR $800 DE GASTOS)","9300","9300","1","9300","3552","2","3321","2021-03-02 10:23:56","5","2021-03-15 13:27:20","5","5"
"812","54","2021-03-10","2020-09","32","952","1342","4-2020","4-2020","1","CUIT: 30710282842","175","175","95","16625","3558","2","3327","2021-03-10 13:15:16","6","2021-03-11 09:34:14","6","6"
"813","55","2021-03-10","2020-09","32","943","1342","4-2020","4-2020","1","CUIT: 30708911212","125","125","95","11875","3559","2","3328","2021-03-10 13:17:20","6","2021-03-11 09:36:17","6","6"
"814","56","2021-03-12","2020-09","32","970","1342","3-2020","4-2020","2","CUIT: 33711994209","125","250","95.75","23937.5","3560","2","3329","2021-03-12 11:13:55","6","2021-03-12 13:53:15","6","6"
"815","57","2021-03-15","2020-09","32","908","1342","4-2020","4-2020","1","4º TRIM 2020","125","125","95","11875","3565","2","3334","2021-03-14 21:33:21","5","2021-03-15 12:54:06","5","5"
"816","58","2021-03-15","2020-09","32","908","1342","4-2020","4-2020","1","4º TRIM 2020","125","125","95","11875","3564","2","3333","2021-03-14 21:33:50","5","2021-03-15 12:52:32","5","5"
"817","59","2021-03-15","2020-09","32","908","1342","4-2020","4-2020","1","RECTIFICATIVA 4º TRIM 2020","125","125","95","11875","3570","2","3339","2021-03-14 21:34:28","5","2021-03-16 17:09:16",,"5"
"818","60","2021-03-15","2020-09","32","942","1342","4-2020","4-2020","1","RECTIFICATIVA 4º TRIM 2020","100","100","95.25","9525","3566","2","3335","2021-03-14 21:35:06","5","2021-03-15 13:02:07","5","5"
"819","61","2021-03-15","2020-09","32","504","1342","4-2020","4-2020","1","CERTIF. CONTABLE SUMAR LOS $800. OC 3000718555","9300","9300","1","9300","3571","2","3340","2021-03-14 21:36:22","5","2021-03-16 17:14:09","5","5"
"820","62","2021-03-15","2021-03","6","908","1342","2-2020","4-2020","3","CUIT: 30709151041","125","375","95.5","35812.5",,,,"2021-03-14 21:37:00","5","2021-09-14 19:17:38","1","5"
"821","63","2021-03-15","2020-09","32","893","1342","4-2020","4-2020","1","PRECIOS DE TRANSFERENCIA 2018","475","475","95.75","45481.25","3567","2","3336","2021-03-14 21:37:39","5","2021-03-15 13:09:45","5","5"
"822","64","2021-03-15","2020-09","32","905","1342","4-2020","4-2020","1","4º TRIM 2020","125","125","95.75","11968.75","3568","2","3337","2021-03-15 16:33:37","5","2021-03-16 17:04:19",,"5"
"823","65","2021-03-15","2020-09","32","929","1342","4-2020","4-2020","1","4º TRIM 2020","125","125","95.75","11968.75","3569","2","3338","2021-03-15 16:34:01","5","2021-03-16 17:06:59",,"5"
"824","66","2021-03-23","2020-09","32","860","1342","4-2020","4-2020","1","DDJJ 4º TRIM 2020","150","150","96","14400","3605","2","3374","2021-03-22 23:20:05","5","2021-04-08 19:39:41","5","5"
"825","67","2021-03-23","2020-09","32","228","1342","4-2020","4-2020","1","DDJJ 4º TRIM 2020","150","150","96.25","14437.5","3608","2","3377","2021-03-22 23:20:43","5","2021-03-29 13:57:17",,"5"
"826","68","2021-03-23","2020-09","32","915","1342","4-2020","4-2020","1","DDJJ F2668 OPERACIONES INTERNAC 2020","475","475","95.5","45362.5","3610","2","3379","2021-03-22 23:21:24","5","2021-03-29 14:07:39",,"5"
"827","69","2021-03-23","2020-09","32","504","1342","3-2020","4-2020","2","CERTIF CONTABLE DEUDA. SUMAR $1600 DE GASTOS","9300","18600","1","18600","3609","2","3378","2021-03-22 23:22:19","5","2021-03-29 14:01:53",,"5"
"828","70","2021-03-23","2020-09","32","721","1342","4-2019","3-2020","4","RECTIF 4 PERIODOS AL 50","62.5","250","96.75","24187.5","3606","2","3375","2021-03-22 23:23:07","5","2021-03-29 13:53:30",,"5"
"829","71","2021-03-23","2020-09","32","938","1342","4-2020","4-2020","1","DDJJ 4º TRIM 2020","120","120","96.75","11610","3607","2","3376","2021-03-22 23:23:41","5","2021-03-29 13:55:16",,"5"
"830","72","2021-03-26","2020-09","32","997","1342","1-2018","1-2018","1","CUIT: 30711776008","250","250","97","24250","3604","2","3373","2021-03-26 14:50:41","6","2021-03-29 13:44:21","6","6"
"831","73","2021-03-26","2020-09","32","997","1342","1-2020","4-2020","4","CUIT: 30711776008","125","500","97","48500","3604","2","3373","2021-03-26 14:51:10","6","2021-03-29 13:44:21","6","6"
"832","74","2021-03-26","2020-09","32","948","1342","4-2020","4-2020","1","Cuit: 30716081237","125","125","97.25","12156.25","3616","2","3385","2021-03-26 14:52:12","6","2021-04-08 19:16:28","6","6"
"833","75","2021-03-26","2020-09","32","997","1342","1-2019","1-2019","1","CUIT: 30711776008","250","250","97","24250","3604","2","3373","2021-03-26 15:50:42","6","2021-03-29 13:44:21","6","6"
"834","76","2021-03-30","2020-09","32","948","1342","3-2020","3-2020","1","CUIT: 30716081237","125","125","89.25","11156.25","3616","2","3385","2021-03-30 18:50:49","6","2021-04-08 19:16:28","6","6"
"835","77","2021-04-05","2020-09","32","960","1342","4-2020","4-2020","1","CUIT: 30577752210","125","125","97.75","12218.75","3615","2","3384","2021-04-05 16:10:39","6","2021-04-08 19:12:37","6","6"
"836","78","2021-04-07","2020-09","32","931","1342","4-2020","4-2020","1","DDJJ 4º TRIM 2020","125","125","97","12125","3620","2","3389","2021-04-07 09:04:59","5","2021-04-08 19:38:50",,"5"
"837","79","2021-04-07","2020-09","32","927","1342","4-2020","4-2020","1","RECTIF 4º TRIM 2020","125","125","97.25","12156.25","3618","2","3387","2021-04-07 09:05:34","5","2021-04-08 19:26:02",,"5"
"838","80","2021-04-07","2020-09","32","526","1342","4-2020","4-2020","1","DDJJ 4º TRIM 2020","140","140","97.75","13685","3619","2","3388","2021-04-07 09:06:09","5","2021-04-08 19:35:00",,"5"
"839","81","2021-04-07","2020-09","32","938","1342","4-2020","4-2020","1","RECTIF 4º TRIM 2020","120","120","97.75","11730","3617","2","3386","2021-04-07 09:06:34","5","2021-04-08 19:23:46",,"5"
"840","82","2021-04-07","2020-09","32","892","1342","1-2020","1-2020","1","OPERACIONES INTERNACIONALES F2668 EJ. 2020","33867","33867","1","33867","3622","2","3391","2021-04-07 09:07:28","5","2021-04-09 12:31:00",,"5"
"841","83","2021-04-07","2020-09","32","902","1342","1-2020","1-2020","1","OPERACIONES INTERNAC. F2668 EJ. 2020","33867","33867","1","33867","3621","2","3390","2021-04-07 09:08:14","5","2021-04-09 12:29:23",,"5"
"842","84","2021-04-21","2020-09","32","893","1342","4-2020","4-2020","1","Cuit: 30666049450","125","125","98.25","12281.25","3661","2","3430","2021-04-21 23:05:53","5","2021-05-03 12:19:23","5","5"
"843","85","2021-04-21","2020-09","32","879","1342","4-2020","4-2020","1","Cuit: 30506357841","125","125","98.25","12281.25","3663","2","3432","2021-04-21 23:06:28","5","2021-05-03 12:23:47","5","5"
"844","86","2021-04-21","2021-05","32","937","1342","1-2021","1-2021","1","CUIT: 30714838411","125","125","98.25","12281.25","3655","2","3424","2021-04-21 23:07:15","5","2021-04-22 11:39:59","1","5"
"845","87","2021-04-21","2021-05","32","892","1342","1-2021","1-2021","1","CUIT: 33584584179","140","140","98.25","13755","3654","2","3423","2021-04-21 23:07:41","5","2021-04-22 11:38:07","1","5"
"846","88","2021-04-21","2020-09","32","902","1342","1-2021","1-2021","1","Cuit: 30712022368","140","140","98.25","13755","3660","2","3429","2021-04-21 23:08:05","5","2021-05-03 12:17:18","5","5"
"847","89","2021-04-21","2021-05","32","915","1342","1-2021","1-2021","1","CUIT: 30674287085","100","100","98.25","9825","3653","2","3422","2021-04-21 23:08:32","5","2021-04-22 11:25:09","1","5"
"848","90","2021-04-21","2020-09","32","927","1342","1-2021","1-2021","1","CUIT: 30697642664","125","125","98.25","12281.25","3664","2","3433","2021-04-21 23:09:08","5","2021-05-03 12:25:28",,"5"
"849","91","2021-04-21","2020-09","32","942","1342","1-2021","1-2021","1","CUIT: 30708146621","100","100","98.25","9825","3662","2","3431","2021-04-21 23:09:25","5","2021-05-03 12:21:12","5","5"
"850","92","2021-04-29","2020-09","32","976","1342","1-2021","1-2021","1","CUIT: 33712472559","125","125","98.5","12312.5","3658","2","3427","2021-04-29 15:16:52","6","2021-05-03 12:08:37","6","6"
"851","93","2021-04-29","2020-09","32","994","1342","1-2021","1-2021","1","CUIT: 30711954046","125","125","98.5","12312.5","3657","2","3426","2021-04-29 15:17:25","6","2021-05-03 12:06:35","6","6"
"852","94","2021-04-29","2020-09","32","943","1342","1-2021","1-2021","1","CUIT: 30708911212","125","125","98.5","12312.5","3659","2","3428","2021-04-29 15:17:55","6","2021-05-03 12:11:03","6","6"
"853","95","2021-05-14","2020-09","32","869","1342","1-2021","1-2021","1","CUIT: 30626391385","125","125","98.75","12343.75","3696","2","3465","2021-05-14 11:45:40","5","2021-05-15 14:26:47",,"5"
"854","96","2021-05-14","2020-09","32","904","1342","1-2021","1-2021","1","CUIT: 30504437546","125","125","98.75","12343.75","3691","2","3460","2021-05-14 11:46:10","5","2021-05-15 14:03:41",,"5"
"855","97","2021-05-14","2020-09","32","900","1342","4-2020","4-2020","1","RECTIFICATIVA 4º TRIM 2020","130.5","130.5","98.75","12886.88","3694","2","3463","2021-05-14 11:47:14","5","2021-05-15 14:16:28",,"5"
"856","98","2021-05-14","2020-09","32","721","1342","1-2021","1-2021","1","CUIT: 30629717958","125","125","98.75","12343.75","3697","2","3466","2021-05-14 11:47:46","5","2021-05-15 14:44:58",,"5"
"857","99","2021-05-14","2020-09","32","931","1342","1-2021","1-2021","1","CUIT: 30504469138","125","125","98.75","12343.75","3689","2","3458","2021-05-14 11:48:18","5","2021-05-15 13:59:49",,"5"
"858","100","2021-05-14","2020-09","32","890","1342","1-2021","1-2021","1","CUIT: 30710873808","125","125","99","12375","3690","2","3459","2021-05-14 11:48:42","5","2021-05-15 14:01:33",,"5"
"859","101","2021-05-14","2020-09","32","944","1342","1-2021","1-2021","1","CUIT: 30708784164","125","125","99","12375","3693","2","3462","2021-05-14 11:49:13","5","2021-05-15 14:10:19",,"5"
"860","102","2021-05-14","2020-09","32","900","1342","1-2021","1-2021","1","CUIT: 30638611097","130.5","130.5","99","12919.5","3694","2","3463","2021-05-14 11:49:37","5","2021-05-15 14:16:28",,"5"
"861","103","2021-05-14","2020-09","32","955","1342","1-2021","1-2021","1","CUIT: 30503865455","125","125","99","12375","3695","2","3464","2021-05-14 11:50:01","5","2021-05-15 14:19:38",,"5"
"862","104","2021-05-14","2020-09","32","860","1342","1-2021","1-2021","1","CUIT: 30694753201","150","150","99","14850","3699","2","3468","2021-05-14 11:50:25","5","2021-05-15 14:59:28",,"5"
"863","105","2021-05-14","2020-09","32","797","1342","1-2021","1-2021","1","CUIT: 30709513490","125","125","99","12375","3688","2","3457","2021-05-14 11:50:55","5","2021-05-15 13:57:19",,"5"
"864","106","2021-05-14","2020-09","32","936","1342","4-2020","1-2021","2","CUIT: 30709922412","125","250","99","24750","3692","2","3461","2021-05-14 11:51:13","5","2021-05-15 14:07:27",,"5"
"865","107","2021-05-14","2020-09","32","721","1342","4-2020","1-2021","2","RECTIFICATIVA 4º TRIM 2020 Y 1º TRIM 2021","62.5","125","99","12375","3697","2","3466","2021-05-14 11:52:12","5","2021-05-15 14:44:58",,"5"
"866","108","2021-05-14","2020-09","32","840","1342","1-2021","1-2021","1","CUIT: 33708829639","150","150","99","14850","3698","2","3467","2021-05-14 12:01:39","5","2021-05-15 14:55:22",,"5"
"867","109","2021-05-14","2020-09","32","956","1342","1-2021","1-2021","1","Cuit: 30716144867","125","125","99","12375","3727","2","3496","2021-05-14 17:27:45","6","2021-05-16 12:10:21","6","6"
"868","110","2021-05-14","2020-09","32","956","1342","1-2019","1-2019","1","CUIT: 30716144867 - RECTIFICACIÓN","125","125","99","12375","3727","2","3496","2021-05-14 17:28:37","6","2021-05-16 12:10:21","6","6"
"869","111","2021-05-14","2020-09","32","956","1342","1-2020","1-2020","1","CUIT: 30716144867 - RECTIFICACION","125","125","99","12375","3727","2","3496","2021-05-14 17:29:09","6","2021-05-16 12:10:21","6","6"
"870","112","2021-05-14","2021-05","32","956","1342","2-2020","4-2020","3","CUIT: 30716144867","125","500","99","49500","3727","2","3496","2021-05-14 17:29:35","6","2021-05-16 12:10:21","1","6"
"871","113","2021-05-14","2020-09","32","945","1342","1-2021","1-2021","1","CUIT: 30582981341","125","125","99","12375","3726","2","3495","2021-05-14 17:30:20","6","2021-05-15 16:39:03","6","6"
"872","114","2021-05-14","2020-09","32","962","1342","1-2021","1-2021","1","CUIT: 30711860807","125","125","99","12375","3728","2","3497","2021-05-14 17:30:43","6","2021-05-16 12:12:09","6","6"
"873","115","2021-05-21","2020-09","32","893","1342","1-2021","1-2021","1","CUIT: 30666049450","125","125","99.25","12406.25","3732","2","3501","2021-05-21 00:05:34","5","2021-05-21 17:33:28",,"5"
"874","116","2021-05-21","2020-09","32","898","1342","1-2021","1-2021","1","CUIT: 30695092233","125","125","99.25","12406.25","3736","2","3505","2021-05-21 00:05:54","5","2021-05-21 17:42:49",,"5"
"875","117","2021-05-21","2020-09","32","891","1342","1-2021","1-2021","1","CUIT: 30711917779","125","125","99.25","12406.25","3735","2","3504","2021-05-21 00:06:12","5","2021-05-21 17:41:23",,"5"
"876","118","2021-05-21","2020-09","32","899","1342","1-2021","1-2021","1","CUIT: 30592724541","120","120","99.25","11910","3731","2","3500","2021-05-21 00:06:35","5","2021-05-21 17:31:13",,"5"
"877","119","2021-05-21","2020-09","32","879","1342","1-2021","1-2021","1","CUIT: 30506357841","125","125","99.25","12406.25","3734","2","3503","2021-05-21 00:07:06","5","2021-05-21 17:39:51",,"5"
"878","120","2021-05-21","2020-09","32","873","1342","1-2021","1-2021","1","CUIT: 30709981362:OC 8100265830","150","150","99.25","14887.5","3738","2","3507","2021-05-21 00:07:22","5","2021-05-21 17:46:36","5","5"
"879","121","2021-05-21","2020-09","32","866","1342","1-2021","1-2021","1","CUIT: 30590162279","125","125","99.25","12406.25","3737","2","3506","2021-05-21 00:07:40","5","2021-05-21 17:44:34",,"5"
"880","122","2021-05-21","2020-09","32","908","1342","1-2021","1-2021","1","CUIT: 30643748688","125","125","99.25","12406.25","3743","2","3512","2021-05-21 00:07:58","5","2021-05-21 17:55:59",,"5"
"881","123","2021-05-21","2020-09","32","805","1342","1-2021","1-2021","1","CUIT: 30662519746","125","125","99.25","12406.25","3741","2","3510","2021-05-21 00:08:21","5","2021-05-21 17:51:35",,"5"
"882","124","2021-05-21","2020-09","32","843","1342","1-2021","1-2021","1","CUIT: 30543349085","125","125","99.25","12406.25","3744","2","3513","2021-05-21 00:08:41","5","2021-05-21 18:05:49",,"5"
"883","125","2021-05-21","2020-09","32","843","1342","1-2021","1-2021","1","CUIT: 30543349085","62.5","62.5","99.25","6203.13","3744","2","3513","2021-05-21 00:08:55","5","2021-05-21 18:05:49","5","5"
"884","126","2021-05-21","2020-09","32","905","1342","1-2021","1-2021","1","CUIT: 30715468294","125","125","99.25","12406.25","3739","2","3508","2021-05-21 00:09:42","5","2021-05-21 17:48:19",,"5"
"885","127","2021-05-21","2020-09","32","929","1342","1-2021","1-2021","1","CUIT: 30715863193","125","125","99.25","12406.25","3740","2","3509","2021-05-21 00:09:57","5","2021-05-21 17:50:03",,"5"
"886","128","2021-05-21","2020-09","32","932","1342","1-2021","1-2021","1","CUIT: 30716102188","125","125","99.25","12406.25","3742","2","3511","2021-05-21 00:10:35","5","2021-05-21 17:53:16",,"5"
"887","129","2021-05-21","2020-09","32","933","1342","1-2021","1-2021","1","CUIT: 30708063629","125","125","99.25","12406.25","3733","2","3502","2021-05-21 00:11:04","5","2021-05-21 17:38:04",,"5"
"888","130","2021-05-26","2021-06","32","990","1342","1-2021","1-2021","1","CUIT: 30709784060","125","125","99.25","12406.25","3748","2","3517","2021-05-26 11:03:11","6","2021-05-26 20:16:19","1","6"
"889","131","2021-05-26","2020-09","32","946","1342","1-2021","1-2021","1","CUIT: 30518801453","125","125","99.5","12437.5","3747","2","3516","2021-05-26 11:03:39","6","2021-05-26 20:14:32","6","6"
"890","132","2021-05-26","2020-09","32","972","1342","1-2021","1-2021","1","CUIT: 20106672890","125","125","99.25","12406.25","3745","2","3514","2021-05-26 11:04:10","6","2021-05-26 20:10:55","6","6"
"891","133","2021-05-26","2020-09","32","971","1342","1-2021","1-2021","1","CUIT: 20108971747","65","65","99.25","6451.25","3746","2","3515","2021-05-26 11:04:59","6","2021-05-26 20:12:49","6","6"
"892","134","2021-05-26","2021-06","32","948","1342","1-2021","1-2021","1","CUIT: 30716081237","125","125","99.5","12437.5","3749","2","3518","2021-05-26 11:05:35","6","2021-05-26 20:18:09","1","6"
"893","135","2021-05-28","2020-09","32","998","1342","1-2019","1-2019","1","CUIT: 30715717766","250","250","99.5","24875","3759","2","3528","2021-05-28 13:53:48","6","2021-06-01 09:30:07","6","6"
"894","136","2021-05-28","2020-09","32","998","1342","1-2020","1-2021","5","CUIT: 30715717766","125","625","99.5","62187.5","3759","2","3528","2021-05-28 13:54:12","6","2021-06-01 09:30:07","6","6"
"895","137","2021-05-28","2020-09","32","952","1342","1-2021","1-2021","1","CUIT: 30710282842","175","175","99.75","17456.25","3757","2","3526","2021-05-28 13:54:37","6","2021-06-01 09:21:52","6","6"
"896","138","2021-05-28","2020-09","32","945","1342","1-2021","1-2021","1","CUIT: 30582981341 - RECTIFICACION URGENTE","125","125","99.75","12468.75","3758","2","3527","2021-05-28 13:55:17","6","2021-06-01 09:39:00","6","6"
"897","139","2021-05-31","2020-09","32","917","1342","1-2021","1-2021","1","CUIT: 30602173638","250","250","99.25","24812.5","3754","2","3523","2021-05-31 10:37:54","5","2021-06-01 09:07:42",,"5"
"898","140","2021-05-31","2020-09","32","999","1342","1-2020","1-2021","5","CUIT: 30540938322","85","425","99.75","42393.75","3755","2","3524","2021-05-31 10:39:18","5","2021-06-01 09:13:28",,"5"
"899","141","2021-05-31","2020-09","32","900","1342","4-2019","4-2019","1","DDJJ ANUAL 2019","531","531","99.75","52967.25","3756","2","3525","2021-05-31 10:46:41","5","2021-06-01 09:17:34",,"5"
"900","142","2021-06-10","2020-09","32","899","1342","1-2021","1-2021","1","RECTIFICATIVA 1º TRIM 2021","120","120","99.75","11970","3773","2","3542","2021-06-10 11:27:41","5","2021-06-16 14:59:02",,"5"
"901","143","2021-06-10","2020-09","32","908","1342","1-2021","1-2021","1","RECTIFICATIVA 1º TRIM 2021","125","125","99.75","12468.75","3774","2","3543","2021-06-10 11:28:18","5","2021-06-16 15:01:28",,"5"
"902","144","2021-05-10","2020-09","32","526","1342","1-2021","1-2021","1","CUIT: 30686241749","140","140","100","14000","3771","2","3540","2021-06-10 11:28:52","5","2021-06-16 14:54:49",,"5"
"903","145","2021-05-10","2020-09","32","228","1342","1-2021","1-2021","1","CUIT: 30501579471","150","150","100","15000","3772","2","3541","2021-06-10 11:29:25","5","2021-06-16 14:56:37",,"5"
"904","146","2021-06-29","2020-09","32","900","1342","4-2020","4-2020","1","DDJJ ANUAL 2020","531","531","100.75","53498.25","3802","2","3571","2021-06-29 19:39:24","5","2021-07-01 14:38:27",,"5"
"905","147","2021-06-29","2020-09","32","913","1342","1-2021","1-2021","1","CUIT: 30504023377","125","125","100.75","12593.75","3801","2","3570","2021-06-29 19:39:43","5","2021-07-01 14:35:57",,"5"
"906","148","2021-07-20","2020-09","32","866","1342","1-2021","1-2021","1","RECTIFICATIVA 1º TRIM 2021","125","125","100.25","12531.25","3847","2","3616","2021-07-20 16:34:39","5","2021-07-20 21:03:11","5","5"
"907","149","2021-07-20","2020-09","32","908","1342","1-2021","1-2021","1","SEGUNDA RECTIFICATIVA 1º TRIM 2020","125","125","100.25","12531.25","3848","2","3617","2021-07-20 16:35:17","5","2021-07-20 21:05:55","5","5"
"908","150","2021-07-20","2020-09","32","942","1342","2-2021","2-2021","1","CUIT: 30708146621","100","100","101","10100","3845","2","3614","2021-07-20 16:35:40","5","2021-07-20 20:58:34",,"5"
"909","151","2021-07-20","2020-09","32","927","1342","2-2021","2-2021","1","CUIT: 30697642664","125","125","101.25","12656.25","3849","2","3618","2021-07-20 16:36:08","5","2021-07-20 21:07:57",,"5"
"910","152","2021-07-20","2020-09","32","937","1342","4-2020","2-2021","3","RECTIF   2º TRIM 2021","125","375","101.25","37968.75","3855","2","3624","2021-07-20 16:37:29","5","2021-07-27 11:40:15",,"5"
"911","153","2021-07-20","2020-09","32","892","1342","2-2021","2-2021","1","CUIT: 33584584179","140","140","101.5","14210","3846","2","3615","2021-07-20 16:37:49","5","2021-07-20 21:00:52","5","5"
"912","154","2021-07-20","2020-09","32","902","1342","2-2021","2-2021","1","CUIT: 30712022368","140","140","101.5","14210","3844","2","3613","2021-07-20 16:38:09","5","2021-07-20 20:54:09",,"5"
"913","155","2021-07-22","2020-09","32","979","1342","1-2021","1-2021","1","CUIT: 30600738379","125","125","99","12375","3850","2","3619","2021-07-21 22:31:42","6","2021-07-27 11:08:36","6","6"
"914","156","2021-07-25","2020-09","32","944","1342","2-2021","2-2021","1","CUIT: 30708784164","125","125","101.5","12687.5","3857","2","3626","2021-07-25 18:50:05","5","2021-07-27 11:44:05",,"5"
"915","157","2021-07-25","2020-09","32","869","1342","2-2021","2-2021","1","CUIT: 30626391385","125","125","101.5","12687.5","3859","2","3628","2021-07-25 18:50:29","5","2021-07-27 11:48:08",,"5"
"916","158","2021-07-25","2020-09","32","936","1342","2-2021","2-2021","1","CUIT: 30709922412","125","125","101.5","12687.5","3856","2","3625","2021-07-25 18:50:50","5","2021-07-27 11:42:16",,"5"
"917","159","2021-07-25","2020-09","32","866","1342","4-2020","4-2020","1","DDJJ ANUAL 2020","485","485","101.5","49227.5","3858","2","3627","2021-07-25 18:51:24","5","2021-07-27 11:46:20",,"5"
"918","160","2021-07-25","2020-09","32","899","1342","4-2020","4-2020","1","DDJJ ANUAL 2020","495","495","101.5","50242.5","3853","2","3622","2021-07-25 18:51:49","5","2021-07-27 11:33:01",,"5"
"919","161","2021-07-25","2020-09","32","915","1342","2-2021","2-2021","1","CUIT: 30674287085","100","100","101.5","10150","3854","2","3623","2021-07-25 18:52:07","5","2021-07-27 11:37:34",,"5"
"920","162","2021-07-30","2020-09","32","962","1342","2-2021","2-2021","1","CUIT: 30711860807","125","125","101.75","12718.75","3874","2","3643","2021-07-30 13:40:45","6","2021-08-03 22:24:29","6","6"
"921","163","2021-07-30","2020-09","32","990","1342","2-2021","2-2021","1","Cuit: 30709784060","125","125","101.75","12718.75","3873","2","3642","2021-07-30 13:41:18","6","2021-08-03 22:22:52","6","6"
"922","164","2021-08-03","2020-09","32","435","1342","4-2020","4-2020","1","DDJJ ANUAL 2020","500","500","101.75","50875","3870","2","3639","2021-08-03 17:05:30","5","2021-08-03 21:44:46",,"5"
"923","165","2021-08-03","2020-09","32","435","1342","1-2021","1-2021","1","CUIT: 30617091190","125","125","101.75","12718.75","3870","2","3639","2021-08-03 17:06:24","5","2021-08-03 21:44:46",,"5"
"924","166","2021-08-03","2020-09","32","526","1342","4-2019","4-2019","1","ANUAL 2019","550","550","101.75","55962.5","3868","2","3637","2021-08-03 17:06:55","5","2021-08-03 21:40:47",,"5"
"925","167","2021-08-03","2020-09","32","526","1342","4-2020","4-2020","1","ANUAL 2020","550","550","101.75","55962.5","3868","2","3637","2021-08-03 17:07:19","5","2021-08-03 21:40:47",,"5"
"926","168","2021-08-03","2020-09","32","955","1342","2-2021","2-2021","1","CUIT: 30503865455","125","125","101.75","12718.75","3869","2","3638","2021-08-03 17:07:43","5","2021-08-03 21:42:39",,"5"
"927","169","2021-08-03","2020-09","32","904","1342","2-2021","2-2021","1","CUIT: 30504437546","125","125","101.75","12718.75","3867","2","3636","2021-08-03 17:08:04","5","2021-08-03 21:37:33",,"5"
"928","170","2021-08-04","2021-08","6","1002","1342","1-2019","1-2019","1","CUIT: 30716483777","250","250","101.75","25437.5",,,,"2021-08-04 13:20:17","6","2021-09-14 19:16:29","1","6"
"929","171","2021-08-04","2021-08","6","1002","1342","1-2020","2-2021","6","CUIT: 30716483777","125","750","101.75","76312.5",,,,"2021-08-04 13:20:49","6","2021-09-14 19:17:02","1","6"
"930","172","2021-08-16","2020-09","32","526","1342","2-2021","2-2021","1","CUIT: 30686241749","140","140","102","14280","3943","2","3712","2021-08-16 11:57:29","5","2021-08-25 12:32:29",,"5"
"931","173","2021-08-16","2020-09","32","1003","1342","2-2021","2-2021","1","REGULARIZACION DE DDJJ BCRA","325","325","102","33150","3919","2","3688","2021-08-16 11:58:38","5","2021-08-17 00:56:54",,"5"
"932","174","2021-08-16","2020-09","32","721","1342","2-2021","2-2021","1","CUIT: 30629717958","125","125","102","12750","3917","2","3686","2021-08-16 11:59:06","5","2021-08-17 00:52:16",,"5"
"933","175","2021-08-16","2020-09","32","938","1342","1-2021","2-2021","2","CUIT: 30604456475","120","240","102","24480","3920","2","3689","2021-08-16 11:59:34","5","2021-08-17 00:58:49",,"5"
"934","176","2021-08-16","2020-09","32","899","1342","2-2021","2-2021","1","CUIT: 30592724541","120","120","102","12240","3913","2","3682","2021-08-16 11:59:56","5","2021-08-17 00:42:23",,"5"
"935","177","2021-08-16","2020-09","32","860","1342","2-2021","2-2021","1","CUIT: 30694753201","150","150","102.25","15337.5","3918","2","3687","2021-08-16 12:00:25","5","2021-08-17 00:54:11",,"5"
"936","178","2021-08-16","2020-09","32","797","1342","2-2021","2-2021","1","CUIT: 30709513490","125","125","102.25","12781.25","3914","2","3683","2021-08-16 12:00:48","5","2021-08-17 00:44:16",,"5"
"937","179","2021-08-16","2020-09","32","898","1342","2-2021","2-2021","1","CUIT: 30695092233","125","125","102.25","12781.25","3916","2","3685","2021-08-16 12:01:12","5","2021-08-17 00:47:13",,"5"
"938","180","2021-08-16","2020-09","32","891","1342","2-2021","2-2021","1","CUIT: 30711917779","125","125","102.25","12781.25","3915","2","3684","2021-08-16 12:01:33","5","2021-08-17 00:45:38",,"5"
"939","181","2021-08-18","2020-09","32","970","1342","1-2021","2-2021","2","Cuit: 33711994209","125","250","102","25500","3927","2","3696","2021-08-18 15:53:16","6","2021-08-18 21:34:20","6","6"
"940","182","2021-08-18","2020-09","32","952","1342","2-2021","2-2021","1","CUIT: 30710282842","175","175","102.25","17893.75","3922","2","3691","2021-08-18 15:53:53","6","2021-08-18 20:41:46","6","6"
"941","183","2021-08-18","2020-09","32","948","1342","2-2021","2-2021","1","CUIT: 30716081237","125","125","102","12750","3928","2","3697","2021-08-18 15:54:35","6","2021-08-18 21:36:12","6","6"
"942","184","2021-08-18","2020-09","32","946","1342","4-2020","1-2021","2","Cuit: 30518801453","125","250","102","25500","3926","2","3695","2021-08-18 15:55:31","6","2021-08-18 21:31:30","6","6"
"943","185","2021-08-18","2020-09","32","946","1342","2-2021","2-2021","1","CUIT: 30518801453","125","125","102.25","12781.25","3926","2","3695","2021-08-18 15:55:53","6","2021-08-18 21:31:30","6","6"
"944","186","2021-08-18","2020-09","32","971","1342","2-2021","2-2021","1","Cuit: 20108971747","65","65","102","6630","3925","2","3694","2021-08-18 15:56:31","6","2021-08-18 21:18:14","6","6"
"945","187","2021-08-18","2020-09","32","945","1342","2-2021","2-2021","1","CUIT: 30582981341","125","125","102.25","12781.25","3924","2","3693","2021-08-18 15:57:16","6","2021-08-18 20:46:47","6","6"
"946","188","2021-08-18","2020-09","32","979","1342","1-2021","1-2021","1","CUIT: 30600738379 - RECTIFICATIVA SALDO PROVEEDOR","125","125","102.25","12781.25","3923","2","3692","2021-08-18 15:59:13","6","2021-08-18 20:44:04","6","6"
"947","189","2021-08-18","2020-09","32","979","1342","2-2021","2-2021","1","CUIT: 30600738379","125","125","102.25","12781.25","3923","2","3692","2021-08-18 15:59:47","6","2021-08-18 20:44:04","6","6"
"948","190","2021-08-18","2020-09","32","976","1342","2-2021","2-2021","1","CUIT: 33712472559","125","125","102.25","12781.25","3921","2","3690","2021-08-18 16:00:19","6","2021-08-18 20:38:38","6","6"
"949","191","2021-08-23","2020-09","32","893","1342","2-2021","2-2021","1","CUIT: 30666049450","125","125","102.25","12781.25","3930","2","3699","2021-08-23 12:08:43","5","2021-08-23 18:09:11",,"5"
"950","192","2021-08-23","2020-09","32","843","1342","2-2021","2-2021","1","CUIT: 30543349085","125","125","102.25","12781.25","3929","2","3698","2021-08-23 12:10:17","5","2021-08-23 18:07:01",,"5"
"951","193","2021-08-23","2020-09","32","805","1342","2-2021","2-2021","1","CUIT: 30662519746","125","125","102.25","12781.25","3937","2","3706","2021-08-23 12:10:43","5","2021-08-23 18:23:44",,"5"
"952","194","2021-08-23","2020-09","32","873","1342","2-2021","2-2021","1","OC: 8100265830","150","150","102.5","15375","3935","2","3704","2021-08-23 12:12:14","5","2021-08-23 18:20:07",,"5"
"953","195","2021-08-23","2020-09","32","866","1342","2-2021","2-2021","1","CUIT: 30590162279","125","125","102.5","12812.5","3933","2","3702","2021-08-23 12:13:10","5","2021-08-23 18:15:27",,"5"
"954","196","2021-08-23","2020-09","32","900","1342","2-2021","2-2021","1","CUIT: 30638611097","130.5","130.5","102.5","13376.25","3936","2","3705","2021-08-23 12:13:36","5","2021-08-23 18:21:58",,"5"
"955","197","2021-08-23","2020-09","32","908","1342","2-2021","2-2021","1","CUIT: 30643748688","125","125","102.5","12812.5","3934","2","3703","2021-08-23 12:14:05","5","2021-08-23 18:17:07",,"5"
"956","198","2021-08-23","2020-09","32","917","1342","2-2021","2-2021","1","CUIT: 30602173638","250","250","102.5","25625","3932","2","3701","2021-08-23 12:14:26","5","2021-08-23 18:13:41",,"5"
"957","199","2021-08-23","2020-09","32","840","1342","2-2021","2-2021","1","CUIT: 33708829639","150","150","102.5","15375","3939","2","3708","2021-08-23 12:14:50","5","2021-08-23 18:27:08",,"5"
"958","200","2021-08-23","2020-09","32","890","1342","2-2021","2-2021","1","CUIT: 30710873808","125","125","102.5","12812.5","3931","2","3700","2021-08-23 12:15:13","5","2021-08-23 18:11:08",,"5"
"959","201","2021-08-23","2020-09","32","929","1342","2-2021","2-2021","1","CUIT: 30715863193","125","125","102.5","12812.5","3938","2","3707","2021-08-23 12:15:44","5","2021-08-23 18:25:38",,"5"
"960","202","2021-08-24","2020-09","32","965","1342","2-2021","2-2021","1","CUIT: 30691665433","125","125","102.25","12781.25","3942","2","3711","2021-08-24 08:47:27","5","2021-08-25 12:01:15",,"5"
"961","203","2021-08-24","2020-09","32","1005","1342","2-2020","2-2021","5","CUIT: 30709025755","100","500","102.25","51125","3941","2","3710","2021-08-24 08:48:07","5","2021-08-25 11:58:40",,"5"
"962","204","2021-09-01","2020-09","32","984","1342","4-2020","2-2021","3","Cuit: 30662162589","125","375","102.75","38531.25","3946","2","3715","2021-09-01 10:17:16","6","2021-09-02 14:41:38","6","6"
"963","205","2021-09-01","2020-09","32","943","1342","2-2021","2-2021","1","CUIT: 30708911212","125","125","102.75","12843.75","3947","2","3716","2021-09-01 11:25:16","6","2021-09-02 14:43:40","6","6"
"964","206","2021-09-02","2020-09","32","952","1342","2-2021","2-2021","1","CUIT: 30710282842","175","175","130","22750","3945","2","3714","2021-09-02 13:00:05","6","2021-09-02 14:39:24","6","6"
"965","207","2021-09-03","2020-09","32","892","1342","2-2021","3-2021","2","CUIT: 33584584179","35","70","103","7210","3963","2","3732","2021-09-03 11:40:04","5","2021-09-03 11:43:45",,"5"
"966","208","2021-09-01","2020-09","32","932","1342","2-2021","2-2021","1","Cuit: 30716102188","125","125","102.5","12812.5","3969","2","3738","2021-09-03 11:50:15","5","2021-09-03 13:23:53","5","5"
"967","209","2021-09-01","2020-09","32","913","1342","2-2021","2-2021","1","CUIT: 30504023377","125","125","102.5","12812.5","3965","2","3734","2021-09-03 11:50:50","5","2021-09-03 13:13:42",,"5"
"968","210","2021-09-01","2020-09","32","905","1342","2-2021","2-2021","1","CUIT: 30715468294","125","125","102.5","12812.5","3967","2","3736","2021-09-03 11:51:20","5","2021-09-03 13:19:47",,"5"
"969","211","2021-09-01","2020-09","32","933","1342","2-2021","2-2021","1","CUIT: 30708063629","125","125","102.75","12843.75","3964","2","3733","2021-09-03 11:51:40","5","2021-09-03 13:11:49",,"5"
"970","212","2021-09-01","2020-09","32","435","1342","2-2021","2-2021","1","CUIT: 30617091190","125","125","102.75","12843.75","3968","2","3737","2021-09-03 11:52:00","5","2021-09-03 13:21:12",,"5"
"971","213","2021-09-01","2020-09","32","879","1342","2-2021","2-2021","1","CUIT: 30506357841","125","125","102.75","12843.75","3966","2","3735","2021-09-03 11:52:24","5","2021-09-03 13:18:20",,"5"
"972","214","2021-09-13","2020-09","32","959","1342","3-2020","3-2020","1","CUIT: 30710578482 - RECTIFICACION SALDOS","125","125","103.25","12906.25","3971","2","3740","2021-09-13 12:59:26","6","2021-09-14 19:02:42","6","6"
"973","215","2021-09-13","2020-09","32","959","1342","4-2020","2-2021","3","CUIT: 30710578482","125","375","103.25","38718.75","3971","2","3740","2021-09-13 12:59:50","6","2021-09-14 19:02:42","6","6"
"974","216","2021-09-13","2021-09","32","956","1342","2-2021","2-2021","1","CUIT: 30716144867","125","125","103","12875","3970","2","3739","2021-09-13 13:00:13","5","2021-09-13 17:35:53","1","6"
"975","217","2021-09-15","2020-09","32","960","1342","1-2021","2-2021","2","CUIT: 30577752210","125","250","103.25","25812.5","4000","2","3769","2021-09-15 09:21:53","5","2021-09-28 14:20:41",,"5"
"976","218","2021-09-23","2020-09","32","972","1342","2-2021","2-2021","1","CUIT: 20106672890","125","125","103.75","12968.75","3997","2","3766","2021-09-23 13:28:56","6","2021-09-28 14:13:10","6","6"
"977","219","2021-09-23","2020-09","32","994","1342","2-2021","2-2021","1","CUIT: 30711954046","125","125","103.75","12968.75","3998","2","3767","2021-09-23 13:29:32","6","2021-09-28 14:15:04","6","6"
"978","220","2021-09-24","2020-09","32","1007","1342","1-2020","2-2021","6","CUIT: 30711965110","64.17","385.02","103.25","39753.32","4002","2","3771","2021-09-24 07:42:58","5","2021-09-28 14:26:53",,"5"
"979","221","2021-09-24","2020-09","32","1008","1342","1-2020","2-2021","6","CUIT: 30707822917","83.35","500.1","103.25","51635.33","4001","2","3770","2021-09-24 07:43:48","5","2021-09-28 14:23:53",,"5"
"980","222","2021-09-28","2020-09","32","153","1342","1-2019","1-2019","1","OPERACIONES INTERNACIONALES","375","375","103.75","38906.25","3999","2","3768","2021-09-28 13:04:10","5","2021-09-28 14:18:30",,"5"
"981","223","2021-10-13","2020-09","32","153","1342","1-2020","1-2020","1","OPERACIONES INTERNACIONALES EJERCICIO 2020","375","375","104","39000","4010","2","3779","2021-10-13 08:12:59","5","2021-10-18 23:46:27",,"5"
"982","224","2021-10-13","2020-09","32","442","1342","1-2021","1-2021","1","ANTICIPO ASESORAMIENTO NORMATIVO COMEX","700","700","104","72800","4011","2","3780","2021-10-13 08:13:35","5","2021-10-18 23:49:23",,"5"
"983","225","2021-10-25","2020-09","32","228","1342","1-2021","2-2021","2","SE INCLUYE LA FC DEL 1º TRIM QUE SE HIZO NC","150","300","104.25","31275","4048","2","3817","2021-10-25 10:21:47","5","2021-10-25 18:34:26",,"5"
"984","226","2021-10-25","2020-09","32","879","1342","2-2021","2-2021","1","RECTIFICATIVA 2º TRIM 2021","125","125","104.25","13031.25","4047","2","3816","2021-10-25 10:23:54","5","2021-10-25 18:31:54",,"5"
"985","227","2021-10-25","2020-09","32","892","1342","1-2021","1-2021","1","SERVICIO DE CONSULTA","75","75","104.5","7837.5","4052","2","3821","2021-10-25 10:25:55","5","2021-10-25 18:43:04","5","5"
"986","228","2021-10-25","2020-09","32","902","1342","1-2021","1-2021","1","SERVICIO DE CONSULTA","75","75","104.5","7837.5","4051","2","3820","2021-10-25 10:26:28","5","2021-10-25 18:40:59","5","5"
"987","229","2021-10-25","2020-09","32","927","1342","3-2021","3-2021","1","CUIT: 30697642664","125","125","104.75","13093.75","4049","2","3818","2021-10-25 10:28:51","5","2021-10-25 18:36:24",,"5"
"988","230","2021-10-25","2020-09","32","892","1342","3-2021","3-2021","1","CUIT: 33584584179","140","140","104.75","14665","4046","2","3815","2021-10-25 10:29:14","5","2021-10-25 18:29:03",,"5"
"989","231","2021-10-25","2020-09","32","942","1342","3-2021","3-2021","1","CUIT: 30708146621","100","100","104.75","10475","4045","2","3814","2021-10-25 10:29:33","5","2021-10-25 18:25:53",,"5"
"990","232","2021-10-25","2020-09","32","902","1342","3-2021","3-2021","1","CUIT: 30712022368","140","140","104.75","14665","4043","2","3812","2021-10-25 10:29:50","5","2021-10-25 18:16:07",,"5"
"991","233","2021-10-25","2020-09","32","937","1342","3-2021","3-2021","1","CUIT: 30714838411","125","125","104.75","13093.75","4044","2","3813","2021-10-25 17:53:49","5","2021-10-25 18:18:42",,"5"
"992","234","2021-10-25","2020-09","32","869","1342","3-2021","3-2021","1","CUIT: 30626391385","125","125","104.75","13093.75","4050","2","3819","2021-10-25 17:56:45","5","2021-10-25 18:37:53",,"5"
"993","235","2021-11-03","2020-09","32","904","1342","3-2021","3-2021","1","CUIT: 30504437546","125","125","105","13125","4071","5","16","2021-11-03 11:30:29","5","2021-11-04 20:58:21",,"5"
"994","236","2021-11-03","2020-09","32","965","1342","3-2021","3-2021","1","CUIT: 30691665433","125","125","105","13125","4072","5","17","2021-11-03 11:31:22","5","2021-11-04 20:59:47",,"5"
"995","237","2021-11-03","2020-09","32","915","1342","3-2021","3-2021","1","CUIT: 30674287085","100","100","105","10500","4070","5","15","2021-11-03 11:31:41","5","2021-11-04 20:56:20",,"5"
"996","238","2021-11-03","2020-09","32","721","1342","3-2021","3-2021","1","CUIT: 30629717958","125","125","105","13125","4076","5","21","2021-11-03 11:32:02","5","2021-11-04 21:06:48",,"5"
"997","239","2021-11-03","2020-09","32","898","1342","3-2021","3-2021","1","CUIT: 30695092233","125","125","105","13125","4074","5","19","2021-11-03 11:32:25","5","2021-11-04 21:03:34",,"5"
"998","240","2021-11-03","2020-09","32","891","1342","3-2021","3-2021","1","CUIT: 30711917779","125","125","105","13125","4073","5","18","2021-11-03 11:32:39","5","2021-11-04 21:02:02",,"5"
"999","241","2021-11-03","2020-09","32","805","1342","3-2021","3-2021","1","CUIT: 30662519746","125","125","105","13125","4075","5","20","2021-11-03 11:32:57","5","2021-11-04 21:05:15",,"5"
"1000","242","2021-11-03","2020-09","32","504","1342","1-2021","1-2021","1","CERTIFICACION CONTABLE- DEUDA CON NO RESIDENTE- SUMAR $950 COMO GASTOS NO GRAVADOS","14100","14100","1","14100","4077","5","22","2021-11-03 11:51:52","5","2021-11-04 21:11:50",,"5"
"1001","243","2021-11-09","2020-09","32","928","1342","1-2021","3-2021","3","CUIT: 30709151041","125","375","105","39375","4079","5","24","2021-11-09 08:33:30","5","2021-11-09 19:41:48",,"5"
"1002","244","2021-11-09","2020-09","32","1005","1342","1-2020","1-2020","1","OPERACIONES INTERNACIONALES EJERCICIO 2020","475","475","105.25","49993.75","4082","5","27","2021-11-09 08:40:48","5","2021-11-09 19:49:47",,"5"
"1003","245","2021-11-09","2020-09","32","921","1342","1-2020","1-2020","1","ASESORAMIENTO INFORME PRECIOS DE TRANSFERENCIA","495","495","105.25","52098.75","4080","5","25","2021-11-09 08:42:06","5","2021-11-09 19:45:11",,"5"
"1004","246","2021-11-09","2020-09","32","915","1342","1-2021","1-2021","1","OPERACIONES INTERNACIONALES F2668 EJERCICIO 2021","475","475","105.25","49993.75","4081","5","26","2021-11-09 08:42:43","5","2021-11-09 19:47:54",,"5"
"1005","247","2021-11-12","2020-09","32","1008","1342","3-2021","3-2021","1","CUIT: 30707822917","125","125","105.25","13156.25","4092","5","35","2021-11-12 12:11:25","5","2021-11-15 17:25:57",,"5"
"1006","248","2021-11-12","2020-09","32","1005","1342","3-2021","3-2021","1","CUIT: 30709025755","125","125","105.25","13156.25","4096","5","39","2021-11-12 12:12:04","5","2021-11-15 17:35:32",,"5"
"1007","249","2021-11-12","2020-09","32","936","1342","3-2021","3-2021","1","CUIT: 30709922412","125","125","105.25","13156.25","4089","5","32","2021-11-12 12:12:31","5","2021-11-15 17:19:58",,"5"
"1008","250","2021-11-12","2020-09","32","960","1342","3-2021","3-2021","1","CUIT: 30577752210","125","125","105.25","13156.25","4091","5","34","2021-11-12 12:12:58","5","2021-11-15 17:23:51",,"5"
"1009","251","2021-11-12","2020-09","32","932","1342","3-2021","3-2021","1","CUIT: 30716102188","125","125","105.25","13156.25","4093","5","36","2021-11-12 12:13:38","5","2021-11-15 17:27:57",,"5"
"1010","252","2021-11-12","2020-09","32","944","1342","3-2021","3-2021","1","CUIT: 30708784164","125","125","105.25","13156.25","4090","5","33","2021-11-12 12:15:01","5","2021-11-15 17:21:56",,"5"
"1011","253","2021-11-12","2020-09","32","797","1342","3-2021","3-2021","1","CUIT: 30709513490","125","125","105.25","13156.25","4086","5","29","2021-11-12 12:16:26","5","2021-11-15 17:08:36",,"5"
"1012","254","2021-11-12","2020-09","32","873","1342","3-2021","3-2021","1","CUIT: 30709981362","150","150","105.25","15787.5","4094","5","37","2021-11-12 12:16:47","5","2021-11-15 17:30:01",,"5"
"1013","255","2021-11-14","2020-09","32","1004","1342","3-2021","3-2021","1","CUIT: 30716637189","125","125","105.25","13156.25","4087","5","30","2021-11-14 12:13:59","5","2021-11-15 17:12:50",,"5"
"1014","256","2021-11-14","2020-09","32","1014","1342","1-2021","3-2021","3","CUIT: 30709988367","112.5","337.5","105.25","35521.88","4095","5","38","2021-11-14 12:14:33","5","2021-11-15 17:32:08",,"5"
"1015","257","2021-11-14","2020-09","32","1015","1342","1-2021","3-2021","3","CUIT: 30628515502","105","315","105.25","33153.75","4088","5","31","2021-11-14 12:16:41","5","2021-11-15 17:15:48",,"5"
"1016","258","2021-11-14","2020-09","32","1005","1342","1-2019","1-2019","1","OPERACIONES INTERNACIONALES F2668 EJERCICIO 2019","475","475","105.25","49993.75","4097","5","40","2021-11-14 12:17:32","5","2021-11-15 17:37:59","5","5"
"1017","259","2021-11-15","2021-11","32","442","1342","1-2021","1-2021","1","Cuit: 30-50372023-6","700","700","1","700","4085","2","3828","2021-11-15 16:35:50","1","2021-11-15 16:48:33",,"5"
"1018","260","2021-11-18","2020-09","32","971","1342","3-2021","3-2021","1","CUIT: 20108971747","65","65","105.5","6857.5","4127","5","42","2021-11-18 16:10:26","6","2021-11-19 14:44:21","6","6"
"1019","261","2021-11-18","2020-09","32","970","1342","3-2021","3-2021","1","CUIT: 33711994209","125","125","105.5","13187.5","4128","5","43","2021-11-18 16:11:26","6","2021-11-19 14:46:41","6","6"
"1020","262","2021-11-18","2020-09","32","976","1342","3-2021","3-2021","1","CUIT: 33712472559","125","125","105.5","13187.5","4131","5","46","2021-11-18 16:12:15","6","2021-11-19 14:53:17","6","6"
"1021","263","2021-11-18","2020-09","32","945","1342","3-2021","3-2021","1","CUIT: 30582981341","125","125","105.5","13187.5","4130","5","45","2021-11-18 16:12:56","6","2021-11-19 14:51:08","6","6"
"1022","264","2021-11-18","2020-09","4","945","1342","3-2021","3-2021","1","CUIT: 30582981341","175","175","105.5","18462.5",,,,"2021-11-18 16:13:29","6","2021-11-18 16:14:22","6","6"
"1023","265","2021-11-18","2020-09","32","952","1342","3-2021","3-2021","1","CUIT: 30710282842","175","175","105.5","18462.5","4129","5","44","2021-11-18 16:14:03","6","2021-11-19 14:48:40","6","6"
"1024","266","2021-11-18","2020-09","32","979","1342","3-2021","3-2021","1","CUIT: 30600738379","125","125","105.5","13187.5","4132","5","47","2021-11-18 16:15:12","6","2021-11-19 14:58:37","6","6"
"1025","267","2021-11-19","2020-09","32","1016","1342","1-2021","3-2021","3","CUIT: 20351243504","106.25","318.75","105.5","33628.13","4136","5","51","2021-11-19 12:29:44","5","2021-11-19 16:07:39",,"5"
"1026","268","2021-11-19","2020-09","32","893","1342","3-2021","3-2021","1","CUIT: 30666049450","125","125","105.5","13187.5","4138","5","53","2021-11-19 12:30:21","5","2021-11-19 16:12:48",,"5"
"1027","269","2021-11-19","2020-09","32","899","1342","3-2021","3-2021","1","CUIT: 30592724541","120","120","105.5","12660","4134","5","49","2021-11-19 12:30:47","5","2021-11-19 16:00:46",,"5"
"1028","270","2021-11-19","2020-09","32","915","1342","3-2021","3-2021","1","RECTIFICATIVA 3° 2021","100","100","105.5","10550","4137","5","52","2021-11-19 12:31:27","5","2021-11-19 16:09:42",,"5"
"1029","271","2021-11-19","2020-09","32","843","1342","3-2021","3-2021","1","CUIT: 30543349085","125","125","105.5","13187.5","4135","5","50","2021-11-19 12:31:53","5","2021-11-19 16:05:15",,"5"
"1030","272","2021-11-19","2020-09","32","860","1342","3-2021","3-2021","1","CUIT: 30694753201","150","150","105.5","15825","4141","5","56","2021-11-19 12:32:15","5","2021-11-19 16:24:16",,"5"
"1031","273","2021-11-19","2020-09","32","890","1342","3-2021","3-2021","1","CUIT: 30710873808","125","125","105.5","13187.5","4139","5","54","2021-11-19 12:32:36","5","2021-11-19 16:14:48",,"5"
"1032","274","2021-11-19","2020-09","32","933","1342","3-2021","3-2021","1","CUIT: 30708063629","125","125","105.5","13187.5","4140","5","55","2021-11-19 12:32:57","5","2021-11-19 16:22:16",,"5"
"1033","275","2021-11-19","2020-09","32","435","1342","3-2021","3-2021","1","CUIT: 30617091190","125","125","105.5","13187.5","4146","5","61","2021-11-19 17:09:03","5","2021-11-19 17:20:56",,"5"
"1034","276","2021-11-19","2020-09","32","900","1342","3-2021","3-2021","1","CUIT: 30638611097","130.5","130.5","105.5","13767.75","4143","5","58","2021-11-19 17:09:22","5","2021-11-19 17:15:56",,"5"
"1035","277","2021-11-19","2020-09","32","955","1342","3-2021","3-2021","1","CUIT: 30503865455","125","125","105.5","13187.5","4144","5","59","2021-11-19 17:09:44","5","2021-11-19 17:17:44",,"5"
"1036","278","2021-11-19","2020-09","32","840","1342","3-2021","3-2021","1","CUIT: 33708829639","150","150","105.5","15825","4145","5","60","2021-11-19 17:10:03","5","2021-11-19 17:19:34",,"5"
"1037","279","2021-11-24","2020-09","32","946","1342","3-2021","3-2021","1","CUIT: 30518801453","125","125","105.75","13218.75","4147","5","62","2021-11-24 13:31:51","6","2021-11-24 21:02:03","6","6"
"1038","280","2021-11-26","2020-09","32","929","1342","3-2021","3-2021","1","CUIT: 30715863193","125","125","105.75","13218.75","4154","5","69","2021-11-26 17:56:56","5","2021-12-06 07:13:01",,"5"
"1039","281","2021-11-26","2020-09","32","905","1342","3-2021","3-2021","1","CUIT: 30715468294","125","125","105.75","13218.75","4153","5","68","2021-11-26 17:57:19","5","2021-12-06 07:10:25",,"5"
"1040","282","2021-11-26","2020-09","32","938","1342","3-2021","3-2021","1","CUIT: 30604456475","120","120","105.75","12690","4156","5","71","2021-11-26 17:57:44","5","2021-12-06 07:16:29",,"5"
"1041","283","2021-11-26","2020-09","32","908","1342","3-2021","3-2021","1","CUIT: 30643748688","175","175","105.75","18506.25","4152","5","67","2021-11-26 17:58:09","5","2021-12-06 07:08:20",,"5"
"1042","284","2021-11-28","2020-09","32","843","1342","3-2021","3-2021","1","RECTIFICATIVA 3° TRIM 2021","125","125","105.75","13218.75","4148","5","63","2021-11-28 13:47:48","5","2021-12-06 06:36:41",,"5"
"1043","285","2021-11-28","2020-09","32","866","1342","3-2021","3-2021","1","CUIT: 30590162279","175","175","105.75","18506.25","4151","5","66","2021-11-29 07:30:09","5","2021-12-06 06:46:05",,"5"
"1044","286","2021-12-03","2020-09","32","917","1342","3-2021","3-2021","1","CUIT: 30602173638","250","250","106","26500","4149","5","64","2021-12-03 16:32:57","5","2021-12-06 06:39:06",,"5"
"1045","287","2021-12-03","2020-09","32","913","1342","3-2021","3-2021","1","CUIT: 30504023377","125","125","106","13250","4155","5","70","2021-12-03 16:33:18","5","2021-12-06 07:14:49",,"5"
"1046","288","2021-12-03","2020-09","32","526","1342","3-2021","3-2021","1","CUIT: 30686241749","140","140","106","14840","4197","5","80","2021-12-03 16:33:40","5","2021-12-21 16:51:18",,"5"
"1047","289","2021-12-03","2020-09","32","1018","1342","1-2021","3-2021","3","CUIT: 30709254630","175","525","106.25","55781.25","4150","5","65","2021-12-03 16:52:38","5","2021-12-06 06:42:39",,"5"
"1048","290","2021-12-03","2020-09","32","1017","1342","1-2021","3-2021","3","CUIT: 30628395450","135","405","106.25","43031.25","4157","2","3857","2021-12-03 16:53:04","5","2021-12-06 07:19:25",,"5"
"1049","291","2021-12-14","2020-09","32","1021","1342","1-2021","3-2021","3","CUIT: 20292134127","18800","56400","1","56400",,,,"2021-12-14 14:21:52","5","2021-12-29 12:20:54","5","5"
"1050","292","2021-12-14","2020-09","32","1020","1342","1-2021","3-2021","3","CUIT: 20142514851","17500","52500","1","52500",,,,"2021-12-14 14:22:38","5","2021-12-29 12:21:00","5","5"
"1051","293","2021-12-14","2020-09","32","1019","1342","1-2021","3-2021","3","CUIT: 30702179153","125","375","106.5","39937.5","4200","5","83","2021-12-14 14:23:39","5","2021-12-21 17:07:26",,"5"
"1052","294","2021-12-14","2020-09","32","956","1342","1-2021","3-2021","3","CUIT: 30716144867","125","375","106.5","39937.5","4199","5","82","2021-12-14 14:24:22","5","2021-12-21 17:04:47",,"5"
"1053","295","2021-12-14","2020-09","32","902","1342","1-2021","1-2021","1","ASESORAMIENTO NORMATIVO","187.5","187.5","106.75","20015.63","4198","5","81","2021-12-14 14:25:40","5","2021-12-21 17:02:18",,"5"
"1054","296","2021-12-21","2020-09","32","899","1342","1-2021","4-2021","4","SON 4 CERTIFICACIONES SUMAR DE GASTOS NO GRAVADOS $3.800","12000","48000","1","48000","4207","5","90","2021-12-21 18:00:47","5","2021-12-29 12:17:00",,"5"
"1055","297","2021-12-21","2020-09","32","913","1342","3-2021","3-2021","1","RECTIFICATIVA 3°2021","125","125","107","13375","4203","5","86","2021-12-21 18:04:10","5","2021-12-22 13:37:37",,"5"
"1056","298","2021-12-21","2020-09","32","435","1342","3-2021","3-2021","1","RECTIFICATIVA 3°2021","125","125","107","13375","4206","5","89","2021-12-21 18:07:39","5","2021-12-29 09:39:27",,"5"
"1057","299","2021-12-21","2020-09","32","943","1342","3-2021","3-2021","1","CUIT: 30708911212","125","125","107","13375","4205","5","88","2021-12-21 18:08:40","5","2021-12-29 09:34:06",,"5"
"1058","300","2021-12-21","2020-09","32","879","1342","3-2021","3-2021","1","CUIT: 30506357841","125","125","107","13375","4204","5","87","2021-12-21 18:08:57","5","2021-12-29 09:31:40",,"5"
"1059","301","2021-12-31","2020-09","32","1022","1342","1-2020","3-2021","7","CUIT: 30688359127","150","1050","107.75","113137.5","4224","2","3897","2021-12-31 09:06:07","5","2022-01-03 11:41:14",,"5"
"1060","302","2021-12-31","2020-09","32","228","1342","3-2021","3-2021","1","CUIT: 30501579471","150","150","107.75","16162.5","4226","2","3899","2021-12-31 09:06:56","5","2022-01-03 11:45:48",,"5"
"1061","303","2021-12-31","2020-09","32","942","1342","4-2020","4-2020","1","OPERACIONES INTERNACIONALES EJ 2020","375","375","107.75","40406.25","4228","5","97","2021-12-31 09:07:41","5","2022-01-03 11:52:29",,"5"
"1062","304","2021-12-31","2020-09","32","893","1342","4-2019","4-2019","1","OPERACIONES INTERNACIONALES EJERCICIO 2019","425","425","107.75","45793.75","4223","2","3896","2021-12-31 09:10:24","5","2022-01-03 11:36:30",,"5"
"1063","305","2021-12-31","2020-09","32","933","1342","4-2018","4-2018","1","OPERACIONES INTERNACIONALES EJERCICIO 2018","435","435","107.75","46871.25","4229","5","98","2021-12-31 09:10:59","5","2022-01-03 11:54:58",,"5"
"1064","306","2021-12-31","2020-09","32","933","1342","4-2019","4-2019","1","OPERACIONES INTERNACIONALES EJERCICIO 2019","435","435","107.75","46871.25","4229","5","98","2021-12-31 09:11:40","5","2022-01-03 11:54:58",,"5"
"1065","307","2021-12-31","2020-09","32","933","1342","4-2020","4-2020","1","OPERACIONES INTERNACIONALES EJERCICIO 2020","435","435","107.75","46871.25","4229","5","98","2021-12-31 09:12:07","5","2022-01-03 11:54:58",,"5"
"1066","308","2021-12-31","2020-09","32","890","1342","4-2019","4-2019","1","OPERACIONES INTERNACIONALES EJERCICIO 2019","435","435","107.75","46871.25","4225","2","3898","2021-12-31 09:13:00","5","2022-01-03 11:43:33",,"5"
"1067","1","2022-01-03","2020-09","32","1026","1342","4-2019","4-2019","1","OPERACIONES INTERNACIONALES EJERCICIO 2019","380","380","107.75","40945","4227","2","3900","2022-01-03 10:25:32","5","2022-01-03 11:48:03",,"5"
"1068","2","2022-01-03","2020-09","32","1026","1342","4-2020","4-2020","1","OPERACIONES INTERNACIONALES EJERCICIO 2020","380","380","107.75","40945","4227","2","3900","2022-01-03 10:25:59","5","2022-01-03 11:48:03",,"5"
"1069","3","2022-01-07","2020-09","32","997","1342","1-2021","3-2021","3","CUIT: 30711776008","125","375","108.5","40687.5","4235","2","3906","2022-01-07 17:01:38","5","2022-01-10 13:20:07",,"5"
"1070","4","2022-01-07","2020-09","32","898","1342","3-2021","3-2021","1","RECTIFICATIVA 3º TRIM 2021","125","125","108.5","13562.5","4237","5","100","2022-01-07 17:02:26","5","2022-01-10 13:26:34","5","5"
"1071","5","2022-01-10","2022-01","32","903","1342","1-2019","1-2019","1","CUIT: 30598027494 F 2668  ANUAL 2019","420","420","108.25","45465","4236","5","99","2022-01-10 08:18:25","5","2022-01-10 13:23:30","1","5"
"1072","6","2022-01-10","2022-01","32","903","1342","1-2020","1-2020","1","CUIT: 30598027494  F 2668 ANUAL 2020","420","420","108.25","45465","4236","5","99","2022-01-10 08:19:48","5","2022-01-10 13:23:30","1","5"
"1073","7","2022-01-10","2022-01","32","1028","1342","1-2018","1-2018","1","CUIT: 30708000619  F 2668 ANUAL 2018","350","350","108.5","37975","4234","2","3905","2022-01-10 08:21:18","5","2022-01-10 13:17:03","1","5"
"1074","8","2022-01-10","2022-01","32","1028","1342","1-2019","1-2019","1","CUIT: 30708000619  F 2668 ANUAL 2019","350","350","108.5","37975","4234","2","3905","2022-01-10 08:22:18","5","2022-01-10 13:17:03","1","5"
"1075","9","2022-01-10","2022-01","32","1028","1342","1-2020","1-2020","1","CUIT: 30708000619   F 2668 ANUAL 2020","350","350","108.5","37975","4234","2","3905","2022-01-10 08:23:17","5","2022-01-10 13:17:03","1","5"
"1076","10","2022-01-10","2020-09","32","1025","1342","1-2020","3-2021","7","CUIT: 30701255557","150","1050","108.5","113925","4233","2","3904","2022-01-10 09:23:51","5","2022-01-10 13:03:45","5","5"
"1077","11","2022-01-12","2020-09","32","890","1342","1-2020","1-2020","1","OPERACIONES INTERNACIONALES EJERCICIO 2020","435","435","108.5","47197.5","4266","2","3930","2022-01-12 17:06:17","5","2022-01-17 14:59:44",,"5"
"1078","12","2022-01-31","2020-09","32","902","1342","1-2021","1-2021","1","OPERACIONES INTERNACIONALES EJERCICIO 2021","435","435","109","47415","4272","5","107","2022-01-31 10:35:13","5","2022-02-04 16:09:51","5","5"
"1079","13","2022-01-31","2020-09","32","890","1342","1-2021","1-2021","1","OPERACIONES INTERNACIONALES EJERCICIO 2021","435","435","109","47415","4279","2","3938","2022-01-31 10:35:51","5","2022-02-04 16:27:33",,"5"
"1080","14","2022-01-31","2020-09","32","937","1342","4-2021","4-2021","1","CUIT: 30714838411","125","125","109.25","13656.25","4277","2","3936","2022-01-31 10:37:29","5","2022-02-04 16:23:41",,"5"
"1081","15","2022-01-31","2020-09","32","976","1342","4-2021","4-2021","1","CUIT: 33712472559","125","125","109.5","13687.5","4280","2","3939","2022-01-31 10:37:49","5","2022-02-04 16:29:21",,"5"
"1082","16","2022-01-31","2020-09","32","904","1342","4-2021","4-2021","1","CUIT: 30504437546","125","125","109.5","13687.5","4274","5","109","2022-01-31 10:38:09","5","2022-02-04 16:14:30",,"5"
"1083","17","2022-01-31","2020-09","32","869","1342","4-2021","4-2021","1","CUIT: 30626391385","125","125","109.5","13687.5","4282","2","3941","2022-01-31 10:38:30","5","2022-02-04 16:33:15",,"5"
"1084","18","2022-01-31","2020-09","32","843","1342","1-2019","1-2019","1","OPERACIONES INTERNACIONALES EJERCICIO 2019","435","435","109.5","47632.5","4276","2","3935","2022-01-31 10:39:11","5","2022-02-04 16:21:13",,"5"
"1085","19","2022-01-31","2020-09","32","843","1342","1-2020","1-2020","1","OPERACIONES INTERNACIONALES EJERCICIO 2020","435","435","109.5","47632.5","4276","2","3935","2022-01-31 10:39:37","5","2022-02-04 16:21:13",,"5"
"1086","20","2022-01-31","2020-09","32","900","1342","2-2021","3-2021","2","RECTIFICATIVA 2° Y 3° TRIM 2021","130.5","261","109.5","28579.5","4281","2","3940","2022-01-31 10:40:20","5","2022-02-04 16:31:35",,"5"
"1087","21","2022-02-04","2020-09","32","878","1342","1-2020","4-2021","8","CUIT: 30688938208","75","600","110.25","66150","4275","5","110","2022-02-04 08:25:33","5","2022-02-04 16:18:49",,"5"
"1088","22","2022-02-04","2020-09","32","878","1342","1-2019","1-2019","1","DDJJ ANUAL COM A 6401","300","300","110.25","33075","4275","5","110","2022-02-04 08:26:01","5","2022-02-04 16:18:49",,"5"
"1089","23","2022-02-04","2020-09","32","878","1342","1-2020","1-2020","1","DDJJ ANUAL 2020 COM A 6401","300","300","110.25","33075","4275","5","110","2022-02-04 08:26:27","5","2022-02-04 16:18:49",,"5"
"1090","24","2022-02-04","2020-09","32","892","1342","4-2021","4-2021","1","CUIT: 33584584179","140","140","110.25","15435","4273","5","108","2022-02-04 08:31:41","5","2022-02-04 16:12:23",,"5"
"1091","25","2022-02-04","2020-09","32","892","1342","1-2021","1-2021","1","OPERACIONES INTERNACIONALES EJERCICIO 2021","435","435","110.25","47958.75","4273","5","108","2022-02-04 08:32:13","5","2022-02-04 16:12:23",,"5"
"1092","26","2022-02-04","2020-09","32","1004","1342","4-2021","4-2021","1","CUIT: 30716637189","125","125","110.25","13781.25","4278","2","3937","2022-02-04 08:33:35","5","2022-02-04 16:25:33",,"5"
"1093","27","2022-02-04","2020-09","32","902","1342","4-2021","4-2021","1","CUIT: 30712022368","140","140","110.25","15435","4272","5","107","2022-02-04 08:33:54","5","2022-02-04 16:09:51",,"5"
"1094","28","2022-02-08","2020-09","32","1023","1342","1-2021","3-2021","3","CUIT: 30504042894","126","378","109.5","41391","4311","2","3961","2022-02-08 16:14:58","5","2022-02-14 09:48:31",,"5"
"1095","29","2022-02-08","2020-09","32","843","1342","1-2021","1-2021","1","OPERACIONES INTERNACIONALES EJERCICIO 2021","435","435","110.25","47958.75","4289","2","3948","2022-02-08 16:15:36","5","2022-02-14 09:09:09",,"5"
"1096","30","2022-02-08","2020-09","32","994","1342","3-2021","4-2021","2","CUIT: 30711954046","125","250","111","27750","4291","2","3950","2022-02-08 16:21:15","5","2022-02-14 09:15:48",,"5"
"1097","31","2022-02-08","2020-09","32","1017","1342","4-2021","4-2021","1","CUIT: 30628395450","150","150","111","16650",,,,"2022-02-08 16:22:07","5",,,"5"
"1098","32","2022-02-09","2020-09","32","984","1342","3-2021","4-2021","2","CUIT: 30662162589","125","250","111","27750","4306","5","114","2022-02-09 15:55:54","5","2022-02-14 10:01:12",,"5"
"1099","33","2022-02-09","2020-09","32","1015","1342","4-2021","4-2021","1","CUIT: 30628515502","125","125","111","13875","4296","2","3955","2022-02-09 15:56:14","5","2022-02-14 09:27:39",,"5"
"1100","34","2022-02-09","2020-09","32","1030","1342","2-2021","4-2021","3","CUIT: 30710911904","112.5","337.5","111","37462.5","4295","2","3954","2022-02-09 15:56:55","5","2022-02-14 09:25:58",,"5"
"1101","35","2022-02-13","2020-09","32","938","1342","4-2021","4-2021","1","CUIT: 30604456475","120","120","111","13320","4309","5","117","2022-02-13 14:48:32","5","2022-02-14 10:06:00",,"5"
"1102","36","2022-02-13","2020-09","32","797","1342","4-2021","4-2021","1","CUIT: 30709513490","111","111","125","13875","4290","2","3949","2022-02-13 14:48:57","5","2022-02-14 09:11:02",,"5"
"1103","37","2022-02-13","2020-09","32","899","1342","4-2021","4-2021","1","CUIT: 30592724541","120","120","111","13320","4288","2","3947","2022-02-13 14:49:19","5","2022-02-14 09:07:01",,"5"
"1104","38","2022-02-13","2020-09","32","955","1342","4-2021","4-2021","1","CUIT: 30503865455","125","125","111","13875","4299","2","3958","2022-02-13 18:18:22","5","2022-02-14 09:35:40",,"5"
"1105","39","2022-02-13","2020-09","32","944","1342","4-2021","4-2021","1","CUIT: 30708784164","125","125","111","13875","4305","5","113","2022-02-13 18:18:43","5","2022-02-14 09:59:06",,"5"
"1106","40","2022-02-13","2020-09","32","1008","1342","4-2021","4-2021","1","CUIT: 30707822917","125","125","111","13875","4297","2","3956","2022-02-13 18:19:01","5","2022-02-14 09:29:33",,"5"
"1107","41","2022-02-13","2020-09","32","840","1342","4-2021","4-2021","1","CUIT: 33708829639","150","150","111.25","16687.5","4301","2","3960","2022-02-13 18:19:33","5","2022-02-14 09:40:06",,"5"
"1108","42","2022-02-13","2020-09","32","898","1342","4-2021","4-2021","1","CUIT: 30695092233","125","125","111.25","13906.25","4308","5","116","2022-02-13 18:20:11","5","2022-02-14 10:04:16",,"5"
"1109","43","2022-02-13","2020-09","32","942","1342","4-2021","4-2021","1","CUIT: 30708146621","100","100","111.25","11125","4303","5","111","2022-02-13 18:20:37","5","2022-02-14 09:55:14",,"5"
"1110","44","2022-02-13","2020-09","32","915","1342","4-2021","4-2021","1","CUIT: 30674287085","100","100","111.25","11125","4292","2","3951","2022-02-13 18:21:12","5","2022-02-14 09:17:59",,"5"
"1111","45","2022-02-13","2020-09","32","900","1342","4-2021","4-2021","1","CUIT: 30638611097","130.5","130.5","111.25","14518.13","4298","2","3957","2022-02-13 18:21:33","5","2022-02-14 09:31:15",,"5"
"1112","46","2022-02-13","2020-09","32","1005","1342","4-2021","4-2021","1","CUIT: 30709025755","125","125","111.25","13906.25","4304","5","112","2022-02-13 18:22:05","5","2022-02-14 09:57:18",,"5"
"1113","47","2022-02-13","2020-09","32","891","1342","4-2021","4-2021","1","CUIT: 30711917779","125","125","111.25","13906.25","4307","5","115","2022-02-13 18:22:38","5","2022-02-14 10:02:48",,"5"
"1114","48","2022-02-13","2022-02","32","1016","1342","4-2021","4-2021","1","CUIT: 20351243504","125","125","111.25","13906.25","4379","2","4011","2022-02-13 18:22:59","5","2022-03-09 14:35:40","1","5"
"1115","49","2022-02-13","2020-09","32","916","1342","4-2021","4-2021","1","CUIT: 27215509287","60","60","111.25","6675","4294","2","3953","2022-02-13 18:23:21","5","2022-02-14 09:22:10",,"5"
"1116","50","2022-02-13","2020-09","32","979","1342","4-2021","4-2021","1","CUIT: 30600738379","125","125","111.25","13906.25","4311","2","3961","2022-02-13 18:23:40","5","2022-02-14 10:11:36",,"5"
"1117","51","2022-02-13","2020-09","32","721","1342","4-2021","4-2021","1","CUIT: 30629717958","125","125","111.25","13906.25","4300","2","3959","2022-02-13 18:24:01","5","2022-02-14 09:38:05",,"5"
"1118","52","2022-02-13","2020-09","32","893","1342","4-2021","4-2021","1","CUIT: 30666049450","125","125","111.25","13906.25","4293","2","3952","2022-02-13 18:24:25","5","2022-02-14 09:19:40",,"5"
"1119","53","2022-02-13","2020-09","32","805","1342","4-2021","4-2021","1","CUIT: 30662519746","125","125","111.25","13906.25","4310","5","118","2022-02-13 18:24:54","5","2022-02-14 10:09:13",,"5"
"1120","54","2022-02-16","2020-09","32","971","1342","4-2021","4-2021","1","CUIT: 20108971747","65","65","111","7215","4338","2","3985","2022-02-16 10:26:50","5","2022-02-17 18:16:51",,"5"
"1122","55","2022-02-25","2020-09","32","970","1342","4-2021","4-2021","1","CUIT: 33711994209","125","125","111.25","13906.25","4354","2","3996","2022-02-25 16:31:14","5","2022-03-02 14:36:17",,"5"
"1123","56","2022-02-25","2020-09","32","932","1342","4-2021","4-2021","1","CUIT: 30716102188","125","125","112","14000","4357","2","3999","2022-02-25 16:32:21","5","2022-03-02 14:41:53",,"5"
"1124","57","2022-02-25","2020-09","32","843","1342","4-2021","4-2021","1","CUIT: 30543349085","125","125","112","14000","4348","2","3990","2022-02-25 16:32:49","5","2022-03-02 13:42:24",,"5"
"1125","58","2022-02-25","2020-09","32","435","1342","4-2021","4-2021","1","CUIT: 30617091190","125","125","112","14000","4351","2","3993","2022-02-25 16:33:11","5","2022-03-02 14:30:30",,"5"
"1126","59","2022-02-25","2020-09","32","965","1342","4-2021","4-2021","1","CUIT: 30691665433","125","125","112","14000","4360","5","127","2022-02-25 16:33:38","5","2022-03-02 19:58:37",,"5"
"1127","60","2022-02-25","2020-09","32","997","1342","4-2021","4-2021","1","CUIT: 30711776008","125","125","112","14000","4358","2","4000","2022-02-25 16:34:08","5","2022-03-02 14:44:19",,"5"
"1128","61","2022-02-25","2020-09","32","945","1342","4-2021","4-2021","1","CUIT: 30582981341","125","125","112","14000","4362","5","129","2022-02-25 16:38:01","5","2022-03-02 20:04:45",,"5"
"1129","62","2022-02-25","2020-09","32","933","1342","4-2021","4-2021","1","CUIT: 30708063629","125","125","112","14000","4359","5","126","2022-02-25 16:38:24","5","2022-03-02 14:47:43",,"5"
"1130","63","2022-02-25","2020-09","32","890","1342","4-2021","4-2021","1","CUIT: 30710873808","125","125","112.25","14031.25","4349","2","3991","2022-02-25 16:39:00","5","2022-03-02 13:44:40",,"5"
"1131","64","2022-02-25","2020-09","32","952","1342","4-2021","4-2021","1","CUIT: 30710282842","175","175","112.5","19687.5","4355","2","3997","2022-02-25 16:40:40","5","2022-03-02 14:38:41",,"5"
"1132","65","2022-02-25","2020-09","32","1032","1342","4-2021","4-2021","1","CUIT: 30714981613","125","125","112.5","14062.5","4361","5","128","2022-02-25 16:41:13","5","2022-03-02 20:03:25",,"5"
"1133","66","2022-02-25","2020-09","32","526","1342","4-2021","4-2021","1","CUIT: 30686241749","140","140","112.5","15750","4420","2","4044","2022-02-25 16:41:40","5","2022-03-16 23:17:51",,"5"
"1134","67","2022-02-25","2020-09","32","927","1342","4-2021","4-2021","1","CUIT: 30697642664","125","125","112.5","14062.5","4356","2","3998","2022-02-25 16:42:21","5","2022-03-02 14:40:11",,"5"
"1135","68","2022-02-25","2020-09","32","913","1342","4-2021","4-2021","1","CUIT: 30504023377","125","125","112.5","14062.5","4350","2","3992","2022-02-25 16:42:49","5","2022-03-02 14:28:50",,"5"
"1136","69","2022-02-25","2020-09","32","929","1342","4-2021","4-2021","1","CUIT: 30715863193","125","125","112.5","14062.5","4353","2","3995","2022-02-25 16:44:13","5","2022-03-02 14:34:16",,"5"
"1137","70","2022-02-25","2020-09","32","905","1342","4-2021","4-2021","1","CUIT: 30715468294","125","125","112.5","14062.5","4352","2","3994","2022-02-25 16:44:40","5","2022-03-02 14:32:41",,"5"
"1138","71","2022-02-25","2020-09","32","1034","1342","4-2021","4-2021","1","CUIT: 33613803349","125","125","112.5","14062.5","4345","2","3987","2022-02-25 16:45:35","5","2022-02-25 18:43:31",,"5"
"1139","72","2022-02-25","2020-09","32","1035","1342","1-2021","4-2021","4","CUIT: 30709196258","119","476","111.25","52955","4363","5","130","2022-02-25 16:47:30","5","2022-03-02 20:06:39",,"5"
"1140","73","2022-03-07","2020-09","32","873","1342","4-2021","4-2021","1","OP: 8100265830","150","150","112","16800","4390","5","136","2022-03-06 23:02:35","5","2022-03-09 15:04:49",,"5"
"1141","74","2022-03-07","2020-09","32","1036","1342","3-2021","4-2021","2","CUIT: 30709511846","125","250","112.5","28125","4384","2","4016","2022-03-06 23:02:56","5","2022-03-09 14:47:47",,"5"
"1142","75","2022-03-07","2020-09","32","1037","1342","4-2021","4-2021","1","SUMAR $950 COMO NO GRAVADO POR GASTOS DEL CONSEJO","132.5","132.5","112","14840","4389","2","4021","2022-03-06 23:05:22","5","2022-03-09 15:01:44",,"5"
"1143","76","2022-03-07","2020-09","32","1002","1342","3-2021","4-2021","2","CUIT: 30716483777","125","250","112.75","28187.5","4385","2","4017","2022-03-06 23:08:43","5","2022-03-09 14:49:41",,"5"
"1144","77","2022-03-07","2020-09","32","893","1342","1-2020","1-2020","1","OPERACIONES INTERNACIONALES -EJERCICIO 2020-","425","425","112.75","47918.75","4380","2","4012","2022-03-06 23:12:06","5","2022-03-09 14:38:21",,"5"
"1145","78","2022-03-07","2020-09","32","917","1342","4-2021","4-2021","1","CUIT: 30602173638","250","250","113.25","28312.5","4381","2","4013","2022-03-06 23:12:25","5","2022-03-09 14:40:28",,"5"
"1146","79","2022-03-07","2020-09","32","899","1342","1-2021","1-2021","1","CERTIF CONTABLE -SUMAR 950 DE GASTOS CONSEJO NO GRAVADO-","12000","12000","1","12000","4387","2","4019","2022-03-06 23:15:16","5","2022-03-09 14:55:45",,"5"
"1147","80","2022-03-07","2020-09","32","1018","1342","4-2021","4-2021","1","CUIT: 30709254630","175","175","113.25","19818.75","4382","2","4014","2022-03-06 23:15:59","5","2022-03-09 14:43:08",,"5"
"1148","81","2022-03-07","2020-09","32","327","1342","4-2021","4-2021","1","CUIT: 30604320433","175","175","112.75","19731.25","4383","2","4015","2022-03-07 14:52:42","5","2022-03-09 14:45:23",,"5"
"1149","82","2022-03-07","2020-09","32","860","1342","4-2021","4-2021","1","CUIT: 30694753201","150","150","112.75","16912.5","4391","5","137","2022-03-07 14:53:19","5","2022-03-09 15:06:37",,"5"
"1150","83","2022-03-16","2020-09","32","962","1342","4-2021","4-2021","1","CUIT: 30711860807","125","125","114.25","14281.25","4421","2","4045","2022-03-16 13:00:14","5","2022-03-16 23:19:52",,"5"
"1151","84","2022-03-16","2020-09","32","1019","1342","4-2021","4-2021","1","CUIT: 30702179153","125","125","114.25","14281.25","4429","2","4053","2022-03-23 09:46:10","5","2022-03-28 17:18:30",,"5"
"1152","85","2022-03-16","2020-09","32","908","1342","4-2021","4-2021","1","CUIT: 30643748688","175","175","114.25","19993.75","4431","2","4055","2022-03-23 09:46:33","5","2022-03-28 17:22:11",,"5"
"1153","86","2022-03-16","2020-09","32","866","1342","4-2021","4-2021","1","CUIT: 30590162279","175","175","114.25","19993.75","4430","2","4054","2022-03-23 09:46:51","5","2022-03-28 17:20:36",,"5"
"1154","87","2022-03-16","2020-09","32","1022","1342","4-2021","4-2021","1","CUIT: 30688359127","150","150","114","17100","4425","2","4049","2022-03-23 09:47:16","5","2022-03-28 17:07:47",,"5"
"1155","88","2022-03-16","2020-09","32","946","1342","4-2021","4-2021","1","CUIT: 30518801453","125","125","114","14250","4426","2","4050","2022-03-23 09:47:34","5","2022-03-28 17:10:05",,"5"
"1156","89","2022-03-16","2020-09","32","943","1342","4-2021","4-2021","1","CUIT: 30708911212","125","125","113.75","14218.75","4432","2","4056","2022-03-23 09:47:58","5","2022-03-28 17:24:05",,"5"
"1157","90","2022-03-16","2020-09","32","913","1342","4-2019","1-2020","2","RECTIFICATIVA","125","250","114.75","28687.5","4427","2","4051","2022-03-23 09:52:08","5","2022-03-28 17:12:53","5","5"
"1158","91","2022-03-16","2020-09","32","228","1342","4-2021","4-2021","1","CUIT: 30501579471","150","150","114.75","17212.5","4428","2","4052","2022-03-23 09:52:31","5","2022-03-28 17:15:59",,"5"
"1159","92","2022-04-04","2020-09","32","1041","1342","4-2021","4-2021","1","CUIT: 30715923315","125","125","116","14500","4447","2","4068","2022-04-04 14:01:24","5","2022-04-13 17:39:05","5","5"
"1160","93","2022-04-04","2020-09","32","1042","1342","3-2021","4-2021","2","CUIT: 30716051338","125","250","116","29000","4444","2","4065","2022-04-04 14:01:54","5","2022-04-08 19:00:16",,"5"
"1161","94","2022-04-04","2020-09","32","1025","1342","4-2021","4-2021","1","CUIT: 30701255557","150","150","116","17400","4445","2","4066","2022-04-04 14:02:15","5","2022-04-08 19:02:01",,"5"
"1162","95","2022-04-04","2020-09","32","879","1342","4-2021","4-2021","1","CUIT: 30506357841","125","125","116","14500","4446","2","4067","2022-04-04 14:02:39","5","2022-04-08 19:03:43",,"5"
"1163","96","2022-04-13","2020-09","32","952","1342","4-2021","4-2021","1","RECTIFICATIVA 4° TRIM 2021","175","175","116.5","20387.5","4448","2","4069","2022-04-13 14:54:38","5","2022-04-13 17:41:51",,"5"
"1164","97","2022-04-13","2020-09","32","976","1342","4-2021","4-2021","1","RECTIFICATIVA 4° TRIM 2021","100","100","116.5","11650","4449","2","4070","2022-04-13 14:55:02","5","2022-04-13 17:43:55",,"5"
"1165","98","2022-04-19","2020-09","32","869","1342","1-2022","1-2022","1","CUIT: 30626391385","125","125","118.5","14812.5","4487","2","4107","2022-04-19 10:37:00","5","2022-04-22 13:56:26",,"5"
"1166","99","2022-04-19","2020-09","32","937","1342","1-2022","1-2022","1","CUIT: 30714838411","125","125","118.5","14812.5","4486","2","4106","2022-04-19 10:37:18","5","2022-04-22 13:53:16",,"5"
"1167","100","2022-04-19","2020-09","32","942","1342","1-2022","1-2022","1","CUIT: 30708146621","100","100","118.5","11850","4488","5","148","2022-04-19 10:37:36","5","2022-04-22 14:00:43",,"5"
"1168","101","2022-04-19","2020-09","32","945","1342","4-2021","4-2021","1","RECTIFICATIVA 4º TRIM 2021","125","125","118.5","14812.5","4489","5","149","2022-04-19 10:41:09","5","2022-04-22 14:03:06",,"5"
"1169","102","2022-04-19","2020-09","32","1016","1342","1-2022","1-2022","1","CUIT: 20351243504","125","125","118.5","14812.5","4485","2","4105","2022-04-19 10:41:26","5","2022-04-22 13:47:57",,"5"
"1170","103","2022-05-12","2020-09","32","1005","1342","4-2021","4-2021","1","RECTIFICATIVA 4° 2021","125","125","119.25","14906.25","4516","5","158","2022-05-12 08:43:17","5","2022-05-13 19:56:51",,"5"
"1171","104","2022-05-12","2020-09","32","1050","1342","4-2021","4-2021","1","CUIT: 30716719347","125","125","119.75","14968.75","4506","2","4117","2022-05-12 08:43:46","5","2022-05-13 19:30:33",,"5"
"1172","105","2022-05-12","2020-09","32","1049","1342","4-2021","1-2022","2","CUIT: 30716513986","125","250","119.75","29937.5","4510","2","4121","2022-05-12 08:44:13","5","2022-05-13 19:41:34",,"5"
"1173","106","2022-05-12","2020-09","32","1048","1342","4-2021","1-2022","2","CUIT: 30708937785","125","250","119.75","29937.5","4511","2","4122","2022-05-12 08:44:41","5","2022-05-13 19:44:30",,"5"
"1174","107","2022-05-12","2020-09","32","1017","1342","1-2022","1-2022","1","CUIT: 30628395450","150","150","119.75","17962.5","4514","2","4125","2022-05-12 08:45:07","5","2022-05-13 19:51:52",,"5"
"1175","108","2022-05-12","2020-09","32","1023","1342","4-2021","4-2021","1","CUIT: 30504042894","140","140","119.75","16765","4512","2","4123","2022-05-12 08:45:29","5","2022-05-13 19:47:51",,"5"
"1176","109","2022-05-12","2020-09","32","1005","1342","1-2022","1-2022","1","CUIT: 30709025755","125","125","119.75","14968.75","4516","5","158","2022-05-12 08:45:50","5","2022-05-13 19:56:51",,"5"
"1177","110","2022-05-12","2020-09","32","904","1342","1-2022","1-2022","1","CUIT: 30504437546","125","125","120.5","15062.5","4515","5","157","2022-05-12 08:48:54","5","2022-05-13 19:53:58",,"5"
"1178","111","2022-05-12","2020-09","32","970","1342","1-2022","1-2022","1","CUIT: 33711994209","125","125","121.25","15156.25","4519","5","161","2022-05-12 08:49:19","5","2022-05-13 20:02:08",,"5"
"1179","112","2022-05-12","2020-09","32","1015","1342","1-2022","1-2022","1","CUIT: 30628515502","125","125","121.25","15156.25","4507","2","4118","2022-05-12 08:49:41","5","2022-05-13 19:32:27",,"5"
"1180","113","2022-05-12","2020-09","32","805","1342","1-2022","1-2022","1","CUIT: 30662519746","125","125","121.25","15156.25","4523","5","165","2022-05-12 08:49:58","5","2022-05-13 20:08:12",,"5"
"1181","114","2022-05-12","2020-09","32","971","1342","1-2022","1-2022","1","CUIT: 20108971747","65","65","121.25","7881.25","4508","2","4119","2022-05-12 08:50:24","5","2022-05-13 19:34:10",,"5"
"1182","115","2022-05-12","2020-09","32","979","1342","1-2022","1-2022","1","CUIT: 30600738379","125","125","121.75","15218.75","4522","5","164","2022-05-12 08:50:51","5","2022-05-13 20:06:36",,"5"
"1183","116","2022-05-12","2020-09","32","952","1342","4-2021","4-2021","1","RECTIF 4° TRIM 2021","175","175","122","21350","4509","2","4120","2022-05-12 08:51:22","5","2022-05-13 19:38:36",,"5"
"1184","117","2022-05-12","2020-09","32","721","1342","1-2022","1-2022","1","CUIT: 30629717958","125","125","122","15250","4513","2","4124","2022-05-12 08:51:41","5","2022-05-13 19:49:57",,"5"
"1185","118","2022-05-12","2020-09","32","933","1342","1-2022","1-2022","1","CUIT: 30708063629","125","125","122","15250","4518","5","160","2022-05-12 08:51:59","5","2022-05-13 20:00:20",,"5"
"1186","119","2022-05-12","2020-09","32","898","1342","1-2022","1-2022","1","CUIT: 30695092233","125","125","122","15250","4521","5","163","2022-05-12 08:52:21","5","2022-05-13 20:04:55",,"5"
"1187","120","2022-05-12","2020-09","32","891","1342","1-2022","1-2022","1","CUIT: 30711917779","125","125","122","15250","4520","5","162","2022-05-12 08:52:36","5","2022-05-13 20:03:40",,"5"
"1188","121","2022-05-12","2020-09","32","944","1342","1-2022","1-2022","1","CUIT: 30708784164","125","125","122","15250","4517","5","159","2022-05-12 08:53:16","5","2022-05-13 19:58:42",,"5"
"1189","122","2022-05-22","2020-09","32","902","1342","1-2022","1-2022","1","CERTIFICACION CONTABLE SUMAR $950 DE GASTOS","12000","12000","1","12000","4587","5","177","2022-05-22 23:52:47","5","2022-05-27 09:43:02","5","5"
"1190","123","2022-05-22","2020-09","32","946","1342","1-2022","1-2022","1","CUIT: 30518801453","125","125","122","15250","4568","2","4164","2022-05-23 00:02:12","5","2022-05-23 13:36:09",,"5"
"1191","124","2022-05-22","2020-09","32","840","1342","1-2022","1-2022","1","CUIT: 33708829639","150","150","122.5","18375","4579","2","4175","2022-05-23 00:02:34","5","2022-05-23 14:08:28",,"5"
"1192","125","2022-05-22","2020-09","32","945","1342","1-2022","1-2022","1","CUIT: 30582981341","125","125","123","15375","4584","5","174","2022-05-23 00:02:57","5","2022-05-23 21:31:59",,"5"
"1193","126","2022-05-22","2020-09","32","1018","1342","1-2022","1-2022","1","CUIT: 30709254630","175","175","123","21525","4569","2","4165","2022-05-23 00:03:16","5","2022-05-23 13:39:13",,"5"
"1194","127","2022-05-22","2020-09","32","435","1342","1-2022","1-2022","1","CUIT: 30617091190","125","125","123","15375","4580","2","4176","2022-05-23 00:03:38","5","2022-05-23 14:10:13",,"5"
"1195","128","2022-05-22","2020-09","32","893","1342","1-2022","1-2022","1","CUIT: 30666049450","125","125","123","15375","4564","2","4160","2022-05-23 00:03:57","5","2022-05-23 13:27:18",,"5"
"1196","129","2022-05-22","2020-09","32","952","1342","1-2022","1-2022","1","CUIT: 30710282842","175","175","123","21525","4570","2","4166","2022-05-23 00:04:24","5","2022-05-23 13:51:32",,"5"
"1197","130","2022-05-22","2020-09","32","899","1342","4-2021","1-2022","2","CUIT: 30592724541","120","240","123","29520","4561","2","4157","2022-05-23 00:04:57","5","2022-05-23 13:16:57",,"5"
"1198","131","2022-05-22","2020-09","32","1032","1342","1-2022","1-2022","1","CUIT: 30714981613","125","125","123.25","15406.25","4583","5","173","2022-05-23 00:05:27","5","2022-05-23 21:29:31",,"5"
"1199","132","2022-05-22","2020-09","32","955","1342","1-2022","1-2022","1","CUIT: 30503865455","125","125","123.5","15437.5","4577","2","4173","2022-05-23 00:05:57","5","2022-05-23 14:04:47",,"5"
"1200","133","2022-05-22","2020-09","32","932","1342","1-2022","1-2022","1","CUIT: 30716102188","125","125","123.25","15406.25","4581","2","4177","2022-05-23 00:06:26","5","2022-05-23 14:11:57",,"5"
"1201","134","2022-05-22","2020-09","32","976","1342","1-2022","1-2022","1","CUIT: 33712472559","125","125","123.25","15406.25","4571","2","4167","2022-05-23 00:06:47","5","2022-05-23 13:53:09",,"5"
"1202","135","2022-05-22","2020-09","32","1030","1342","1-2022","1-2022","1","CUIT: 30710911904","125","125","123.25","15406.25","4566","2","4162","2022-05-23 00:07:05","5","2022-05-23 13:32:18",,"5"
"1203","136","2022-05-22","2020-09","32","892","1342","1-2022","1-2022","1","CUIT: 33584584179","140","140","123.25","17255","4586","5","176","2022-05-23 00:07:26","5","2022-05-23 21:34:51",,"5"
"1204","137","2022-05-22","2020-09","32","915","1342","1-2022","1-2022","1","CUIT: 30674287085","100","100","123.25","12325","4563","2","4159","2022-05-23 00:07:58","5","2022-05-23 13:25:43",,"5"
"1205","138","2022-05-22","2020-09","32","1035","1342","1-2022","1-2022","1","CUIT: 30709196258","140","140","123.25","17255","4585","5","175","2022-05-23 00:08:19","5","2022-05-23 21:33:31",,"5"
"1206","139","2022-05-22","2020-09","32","902","1342","1-2022","1-2022","1","CUIT: 30712022368","140","140","123.25","17255","4589","2","4178","2022-05-23 00:08:40","5","2022-05-23 16:12:33",,"5"
"1207","140","2022-05-22","2020-09","32","890","1342","1-2022","1-2022","1","CUIT: 30710873808","125","125","123.25","15406.25","4567","2","4163","2022-05-23 00:09:00","5","2022-05-23 13:33:51",,"5"
"1208","141","2022-05-22","2020-09","32","843","1342","1-2022","1-2022","1","CUIT: 30543349085","125","125","123.25","15406.25","4562","2","4158","2022-05-23 00:09:22","5","2022-05-23 13:20:03",,"5"
"1209","142","2022-05-22","2020-09","32","900","1342","1-2022","1-2022","1","CUIT: 30638611097","130.5","130.5","123.5","16116.75","4575","2","4171","2022-05-23 00:09:41","5","2022-05-23 13:59:56",,"5"
"1210","143","2022-05-22","2020-09","32","1002","1342","1-2022","1-2022","1","CUIT: 30716483777","125","125","123.25","15406.25","4572","2","4168","2022-05-23 00:10:01","5","2022-05-23 13:54:35",,"5"
"1211","144","2022-05-22","2020-09","32","927","1342","1-2022","1-2022","1","CUIT: 30697642664","125","125","123.25","15406.25","4573","2","4169","2022-05-23 00:10:21","5","2022-05-23 13:56:11",,"5"
"1212","145","2022-05-22","2020-09","32","1004","1342","1-2022","1-2022","1","CUIT: 30716637189","125","125","123.75","15468.75","4565","2","4161","2022-05-23 00:11:02","5","2022-05-23 13:29:30",,"5"
"1213","146","2022-05-22","2020-09","32","1008","1342","1-2022","1-2022","1","CUIT: 30707822917","125","125","123.75","15468.75","4574","2","4170","2022-05-23 00:11:24","5","2022-05-23 13:57:57",,"5"
"1214","147","2022-05-22","2020-09","32","1019","1342","1-2022","1-2022","1","CUIT: 30702179153","125","125","123.75","15468.75","4578","2","4174","2022-05-23 00:11:43","5","2022-05-23 14:06:30",,"5"
"1215","148","2022-05-22","2020-09","32","526","1342","1-2022","1-2022","1","CUIT: 30686241749","140","140","123.75","17325","4576","2","4172","2022-05-23 00:12:05","5","2022-05-23 14:03:01",,"5"
"1216","149","2022-05-23","2020-09","4","902","1342","1-2022","1-2022","1","CUIT: 30712022368  CERTIFICACION CONTABLE SUMAR $950 DE GASTOS","950","950","1","950",,,,"2022-05-23 16:09:08","5","2022-05-27 09:56:14","5","5"
"1217","150","2022-06-02","2020-09","32","873","1342","1-2022","1-2022","1","CUIT: 30709981362 -PO 8100273040","105","105","123.75","12993.75","4604","5","182","2022-06-02 00:52:32","5","2022-06-03 18:25:46",,"5"
"1218","151","2022-06-02","2020-09","32","1050","1342","1-2022","1-2022","1","CUIT: 30716719347","125","125","124","15500","4593","2","4182","2022-06-02 00:52:56","5","2022-06-02 16:10:33",,"5"
"1219","152","2022-06-02","2020-09","32","913","1342","1-2022","1-2022","1","CUIT: 30504023377","125","125","124","15500","4596","2","4185","2022-06-02 00:55:29","5","2022-06-02 16:16:15",,"5"
"1220","153","2022-06-02","2020-09","32","1014","1342","4-2021","1-2022","2","CUIT: 30709988367","125","250","124.25","31062.5","4595","2","4184","2022-06-02 00:56:51","5","2022-06-02 16:14:37",,"5"
"1221","154","2022-06-02","2020-09","32","929","1342","1-2022","1-2022","1","CUIT: 30715863193","125","125","124.25","15531.25","4599","2","4188","2022-06-02 00:57:21","5","2022-06-02 16:22:10",,"5"
"1222","155","2022-06-02","2020-09","32","905","1342","1-2022","1-2022","1","CUIT: 30715468294","125","125","124.25","15531.25","4598","2","4187","2022-06-02 00:57:40","5","2022-06-02 16:19:24",,"5"
"1223","156","2022-06-02","2020-09","32","1054","1342","1-2022","1-2022","1","CUIT: 30707366881","125","125","124.5","15562.5","4605","5","183","2022-06-02 00:58:06","5","2022-06-03 18:27:26","5","5"
"1224","157","2022-06-02","2020-09","32","1022","1342","1-2022","1-2022","1","CUIT: 30688359127","150","150","124.5","18675","4592","2","4181","2022-06-02 00:58:39","5","2022-06-02 16:08:44",,"5"
"1225","158","2022-06-02","2020-09","32","944","1342","1-2022","1-2022","1","RECTIFICATIVA 1° TRIM 2022","125","125","124.5","15562.5","4607","2","4190","2022-06-02 00:59:29","5","2022-06-02 16:29:37",,"5"
"1226","159","2022-06-02","2020-09","32","917","1342","1-2022","1-2022","1","CUIT: 30602173638","250","250","125","31250","4594","2","4183","2022-06-02 00:59:59","5","2022-06-02 16:12:15",,"5"
"1227","160","2022-06-02","2020-09","32","860","1342","1-2022","1-2022","1","CUIT: 30694753201","150","150","125","18750","4606","5","184","2022-06-02 01:00:19","5","2022-06-03 18:28:50",,"5"
"1228","161","2022-06-02","2020-09","32","927","1342","1-2022","1-2022","1","RECTIFICATIVA 1° TRIM 2022","125","125","125","15625","4600","2","4189","2022-06-02 01:00:50","5","2022-06-02 16:23:25",,"5"
"1229","162","2022-06-02","2020-09","32","879","1342","1-2022","1-2022","1","CUIT: 30506357841","125","125","125","15625","4597","2","4186","2022-06-02 01:01:12","5","2022-06-02 16:17:48",,"5"
"1230","163","2022-06-02","2020-09","32","1055","1342","1-2022","1-2022","1","CUIT: 20119118868","125","125","125","15625","4603","5","181","2022-06-02 01:01:33","5","2022-06-03 18:24:07",,"5"
"1231","164","2022-06-02","2020-09","32","965","1342","1-2022","1-2022","1","CUIT: 30691665433","125","125","123.75","15468.75","4602","5","180","2022-06-02 09:09:50","5","2022-06-03 18:21:57","5","5"
"1232","165","2022-06-13","2020-09","32","942","1342","1-2022","1-2022","1","RECTIFICATIVA 1ER TRIM 2022","100","100","125.5","12550","4652","5","192","2022-06-13 23:29:57","5","2022-06-21 21:52:25",,"5"
"1233","166","2022-06-13","2020-09","32","938","1342","1-2022","1-2022","1","CUIT: 30604456475","120","120","126","15120","4653","5","193","2022-06-13 23:30:19","5","2022-06-21 21:54:18",,"5"
"1234","167","2022-06-13","2020-09","32","866","1342","1-2022","1-2022","1","CUIT: 30590162279","175","175","126.25","22093.75","4649","2","4225","2022-06-13 23:30:55","5","2022-06-21 21:45:06",,"5"
"1235","168","2022-06-13","2020-09","32","908","1342","1-2022","1-2022","1","CUIT: 30643748688","175","175","126.25","22093.75","4650","2","4226","2022-06-13 23:31:17","5","2022-06-21 21:47:25",,"5"
"1236","169","2022-06-13","2020-09","32","999","1342","2-2021","1-2022","4","CUIT: 30540938322","125","500","126.5","63250","4648","2","4224","2022-06-13 23:31:43","5","2022-06-21 20:17:14",,"5"
"1237","170","2022-06-13","2020-09","32","997","1342","1-2022","1-2022","1","CUIT: 30711776008","125","125","127.25","15906.25","4651","2","4227","2022-06-13 23:32:15","5","2022-06-21 21:50:29",,"5"
"1238","171","2022-06-13","2020-09","32","1058","1342","1-2022","1-2022","1","CUIT: 30714541141","125","125","127.25","15906.25","4647","2","4223","2022-06-13 23:32:32","5","2022-06-21 20:14:15",,"5"
"1239","172","2022-06-13","2022-06","32","1057","1342","1-2022","1-2022","1","CUIT: 30687276996","493522","493522","1","493522","4654","2","4228","2022-06-13 23:36:04","5","2022-06-23 14:31:24","1","5"
"1240","173","2022-07-04","2020-09","32","1042","1342","1-2022","1-2022","1","CUIT: 30716051338","125","125","127.75","15968.75","4662","2","4233","2022-07-04 08:29:23","5","2022-07-04 18:16:33","5","5"
"1241","174","2022-07-04","2020-09","32","228","1342","1-2022","1-2022","1","CUIT: 30501579471","150","150","127.75","19162.5","4664","2","4235","2022-07-04 08:29:50","5","2022-07-04 18:21:15",,"5"
"1242","175","2022-07-04","2020-09","32","953","1342","3-2020","4-2020","2","CUIT: 30711416028","125","250","129.75","32437.5","4661","5","196","2022-07-04 08:31:03","5","2022-07-04 18:14:20",,"5"
"1243","176","2022-07-04","2020-09","32","953","1342","1-2021","4-2021","4","CUIT: 30711416028","125","500","129.75","64875","4661","5","196","2022-07-04 08:31:23","5","2022-07-04 18:14:20",,"5"
"1244","177","2022-07-04","2020-09","32","953","1342","1-2022","1-2022","1","CUIT: 30711416028","125","125","129.75","16218.75","4661","5","196","2022-07-04 08:31:42","5","2022-07-04 18:14:20",,"5"
"1245","178","2022-07-04","2020-09","32","1061","1342","2-2021","1-2022","4","CUIT: 30528844746","106.25","425","129.75","55143.75","4663","2","4234","2022-07-04 08:32:20","5","2022-07-04 18:19:27",,"5"
"1246","179","2022-07-20","2020-09","32","899","1342","2-2021","4-2021","3","CERTIF CONTABLE SUMAR $2.850 DE GASTOS","12000","36000","1","36000","4714","2","4277","2022-07-20 07:53:51","5","2022-07-20 19:23:10",,"5"
"1247","180","2022-07-20","2020-09","32","899","1342","1-2022","1-2022","1","RECTIF 1° TRIM 2022","60","60","135.25","8115","4714","2","4277","2022-07-20 07:55:21","5","2022-07-20 19:23:10",,"5"
"1248","181","2022-07-20","2020-09","32","1036","1342","1-2022","1-2022","1","CUIT: 30709511846","125","125","134.75","16843.75","4709","2","4272","2022-07-20 07:56:59","5","2022-07-20 19:04:07",,"5"
"1249","182","2022-07-20","2020-09","32","435","1342","1-2022","1-2022","1","ANUAL 2021","500","500","135.25","67625","4712","2","4275","2022-07-20 07:57:28","5","2022-07-20 19:10:18",,"5"
"1250","183","2022-07-20","2020-09","32","942","1342","2-2022","2-2022","1","CUIT: 30708146621","100","100","135.25","13525","4715","5","205","2022-07-20 07:57:51","5","2022-07-20 19:25:43",,"5"
"1251","184","2022-07-20","2020-09","32","869","1342","2-2022","2-2022","1","CUIT: 30626391385","125","125","135.25","16906.25","4711","2","4274","2022-07-20 07:58:12","5","2022-07-20 19:08:32",,"5"
"1252","185","2022-07-20","2020-09","32","937","1342","2-2021","1-2022","4","RECTIFICATIVAS","62.5","250","135.25","33812.5","4713","2","4276","2022-07-20 07:58:46","5","2022-07-20 19:15:56",,"5"
"1253","186","2022-07-20","2020-09","32","937","1342","2-2022","2-2022","1","CUIT: 30714838411","125","125","135.25","16906.25","4713","2","4276","2022-07-20 07:59:01","5","2022-07-20 19:15:56",,"5"
"1254","187","2022-07-20","2020-09","32","900","1342","1-2021","1-2021","1","ANUAL 2021","531","531","134.25","71286.75","4710","2","4273","2022-07-20 10:04:21","5","2022-07-20 19:06:30",,"5"
"1255","188","2022-07-20","2020-09","4","899","1342","1-2022","1-2022","1","CUIT: 30592724541","2850","2850","1","2850",,,,"2022-07-20 19:22:15","5","2022-07-20 19:26:24","5","5"
"1256","189","2022-08-10","2020-09","32","1023","1342","1-2022","2-2022","2","CUIT: 30504042894","140","280","136.75","38290","4743","2","4295","2022-08-10 08:01:12","5","2022-08-11 22:39:05",,"5"
"1257","190","2022-08-10","2020-09","32","1017","1342","2-2022","2-2022","1","CUIT: 30628395450","150","150","136.75","20512.5","4748","2","4300","2022-08-10 08:01:41","5","2022-08-11 22:48:36",,"5"
"1258","191","2022-08-10","2020-09","32","952","1342","1-2022","1-2022","1","RECTIF 1° TRIM 2022","175","175","136.75","23931.25","4739","2","4291","2022-08-10 08:02:14","5","2022-08-11 21:44:37",,"5"
"1259","192","2022-08-10","2020-09","32","960","1342","4-2021","2-2022","3","CUIT: 30577752210","125","375","136.75","51281.25","4741","2","4293","2022-08-10 08:02:42","5","2022-08-11 21:48:52",,"5"
"1260","193","2022-08-10","2020-09","32","938","1342","1-2022","1-2022","1","RECTIF 1°TRIM 2022","120","120","136.75","16410","4732","5","214","2022-08-10 08:03:14","5","2022-08-11 21:26:48",,"5"
"1261","194","2022-08-10","2020-09","32","904","1342","2-2022","2-2022","1","CUIT: 30504437546","125","125","136.75","17093.75","4729","5","211","2022-08-10 08:07:30","5","2022-08-11 21:17:56",,"5"
"1262","195","2022-08-10","2020-09","32","944","1342","2-2022","2-2022","1","CUIT: 30708784164","125","125","137.25","17156.25","4730","5","212","2022-08-10 08:08:01","5","2022-08-11 21:21:38",,"5"
"1263","196","2022-08-10","2020-09","32","1019","1342","2-2022","2-2022","1","CUIT: 30702179153","125","125","137.25","17156.25","4745","2","4297","2022-08-10 08:08:23","5","2022-08-11 22:42:34",,"5"
"1264","197","2022-08-10","2020-09","32","971","1342","2-2022","2-2022","1","CUIT: 20108971747","65","65","137.25","8921.25","4737","2","4289","2022-08-10 08:08:44","5","2022-08-11 21:40:21",,"5"
"1265","198","2022-08-10","2020-09","32","994","1342","2-2022","2-2022","1","CUIT: 30711954046","125","125","137.25","17156.25","4735","2","4287","2022-08-10 08:09:08","5","2022-08-11 21:35:57",,"5"
"1266","199","2022-08-10","2020-09","32","946","1342","2-2022","2-2022","1","CUIT: 30518801453","125","125","137.25","17156.25","4738","2","4290","2022-08-10 08:09:25","5","2022-08-11 21:42:03",,"5"
"1267","200","2022-08-10","2020-09","32","902","1342","2-2022","2-2022","1","CUIT: 30712022368","140","140","138.5","19390","4727","5","209","2022-08-10 08:09:45","5","2022-08-11 21:14:02",,"5"
"1268","201","2022-08-10","2020-09","32","892","1342","2-2022","2-2022","1","CUIT: 33584584179","140","140","138.5","19390","4728","5","210","2022-08-10 08:10:05","5","2022-08-11 21:15:51",,"5"
"1269","202","2022-08-10","2020-09","32","526","1342","2-2022","2-2022","1","CUIT: 30686241749","140","140","138.5","19390","4742","2","4294","2022-08-10 08:10:23","5","2022-08-11 22:37:17",,"5"
"1270","203","2022-08-10","2020-09","32","976","1342","2-2022","2-2022","1","CUIT: 33712472559","125","125","139.75","17468.75","4740","2","4292","2022-08-10 08:10:47","5","2022-08-11 21:46:29",,"5"
"1271","204","2022-08-10","2020-09","32","932","1342","2-2022","2-2022","1","CUIT: 30716102188","125","125","139.75","17468.75","4747","2","4299","2022-08-10 08:11:17","5","2022-08-11 22:46:39",,"5"
"1272","205","2022-08-10","2020-09","32","843","1342","2-2022","2-2022","1","CUIT: 30543349085","125","125","139.75","17468.75","4734","2","4286","2022-08-10 08:11:38","5","2022-08-11 21:32:31",,"5"
"1273","206","2022-08-10","2020-09","32","979","1342","2-2022","2-2022","1","CUIT: 30600738379","125","125","139.75","17468.75","4733","5","215","2022-08-10 08:12:01","5","2022-08-11 21:28:58",,"5"
"1274","207","2022-08-10","2020-09","32","1004","1342","2-2022","2-2022","1","CUIT: 30716637189","125","125","139.75","17468.75","4736","2","4288","2022-08-10 08:12:28","5","2022-08-11 21:38:15",,"5"
"1275","208","2022-08-10","2020-09","32","970","1342","2-2022","2-2022","1","CUIT: 33711994209","125","125","139.75","17468.75","4731","5","213","2022-08-10 08:12:47","5","2022-08-11 21:23:07",,"5"
"1276","209","2022-08-10","2020-09","32","955","1342","2-2022","2-2022","1","CUIT: 30503865455","125","125","139.75","17468.75","4744","2","4296","2022-08-10 08:13:11","5","2022-08-11 22:40:52",,"5"
"1277","210","2022-08-10","2020-09","32","1016","1342","2-2022","2-2022","1","CUIT: 20351243504","125","125","139.75","17468.75","4749","2","4301","2022-08-10 08:13:29","5","2022-08-11 22:50:54",,"5"
"1278","211","2022-08-10","2020-09","32","721","1342","2-2022","2-2022","1","CUIT: 30629717958","125","125","139.75","17468.75","4746","2","4298","2022-08-10 08:13:51","5","2022-08-11 22:44:24",,"5"
"1279","212","2022-08-12","2020-09","32","1057","1342","2-2022","2-2022","1","CUIT: 30687276996","9245","9245","130","1201850","4781","2","4327","2022-08-12 11:14:06","5","2022-08-17 20:18:48",,"5"
"1280","213","2022-08-18","2020-09","32","938","1342","1-2022","1-2022","1","SEGUNDA RECTIF DEL 1° TRIM","120","120","139.75","16770","4788","5","228","2022-08-18 09:46:46","5","2022-08-19 14:50:07",,"5"
"1281","214","2022-08-18","2020-09","32","1002","1342","2-2022","2-2022","1","CUIT: 30716483777","125","125","140","17500","4797","2","4334","2022-08-18 10:00:28","5","2022-08-19 15:09:37",,"5"
"1282","215","2022-08-18","2020-09","32","1035","1342","2-2022","2-2022","1","CUIT: 30709196258","140","140","140","19600","4791","2","4328","2022-08-18 10:00:47","5","2022-08-19 14:56:25",,"5"
"1283","216","2022-08-18","2020-09","32","891","1342","2-2022","2-2022","1","CUIT: 30711917779","125","125","140","17500","4786","5","226","2022-08-18 10:01:08","5","2022-08-19 14:45:59",,"5"
"1284","217","2022-08-18","2020-09","32","898","1342","2-2022","2-2022","1","CUIT: 30695092233","125","125","140","17500","4787","5","227","2022-08-18 10:01:25","5","2022-08-19 14:47:29",,"5"
"1285","218","2022-08-18","2020-09","32","840","1342","2-2022","2-2022","1","CUIT: 33708829639","150","150","141","21150","4800","2","4337","2022-08-18 10:02:27","5","2022-08-19 15:16:56",,"5"
"1286","219","2022-08-18","2020-09","32","805","1342","2-2022","2-2022","1","CUIT: 30662519746","125","125","141.75","17718.75","4789","5","229","2022-08-18 10:02:48","5","2022-08-19 14:51:49",,"5"
"1287","220","2022-08-18","2020-09","32","927","1342","2-2022","2-2022","1","CUIT: 30697642664","125","125","141.75","17718.75","4798","2","4335","2022-08-18 10:03:05","5","2022-08-19 15:11:56",,"5"
"1288","221","2022-08-18","2020-09","32","1048","1342","2-2022","2-2022","1","CUIT: 30708937785","125","125","141.75","17718.75","4799","2","4336","2022-08-18 10:03:23","5","2022-08-19 15:14:23",,"5"
"1289","222","2022-08-18","2020-09","32","1061","1342","2-2022","2-2022","1","CUIT: 30528844746","125","125","141.75","17718.75","4795","2","4332","2022-08-18 10:03:44","5","2022-08-19 15:05:38",,"5"
"1290","223","2022-08-18","2020-09","32","915","1342","2-2022","2-2022","1","CUIT: 30674287085","125","125","141.75","17718.75","4793","2","4330","2022-08-18 10:04:00","5","2022-08-19 15:00:46",,"5"
"1291","224","2022-08-18","2020-09","32","933","1342","2-2022","2-2022","1","CUIT: 30708063629","125","125","141.75","17718.75","4782","5","222","2022-08-18 10:04:16","5","2022-08-18 11:50:52",,"5"
"1292","225","2022-08-18","2020-09","32","435","1342","2-2022","2-2022","1","CUIT: 30617091190","125","125","141.75","17718.75","4801","2","4338","2022-08-18 10:04:32","5","2022-08-19 15:18:43",,"5"
"1293","226","2022-08-18","2020-09","32","873","1342","2-2022","2-2022","1","CUIT: 30709981362","105","105","141.75","14883.75","4784","5","224","2022-08-18 10:04:50","5","2022-08-19 14:41:27",,"5"
"1294","227","2022-08-18","2020-09","32","899","1342","2-2022","2-2022","1","CUIT: 30592724541","120","120","141.75","17010","4792","2","4329","2022-08-18 10:05:08","5","2022-08-19 14:58:59",,"5"
"1295","228","2022-08-18","2020-09","32","893","1342","2-2022","2-2022","1","CUIT: 30666049450","125","125","141.75","17718.75","4794","2","4331","2022-08-18 10:05:26","5","2022-08-19 15:03:32",,"5"
"1296","229","2022-08-18","2020-09","32","945","1342","2-2022","2-2022","1","CUIT: 30582981341","125","125","141.75","17718.75","4785","5","225","2022-08-18 10:05:47","5","2022-08-19 14:44:13",,"5"
"1297","230","2022-08-18","2020-09","32","879","1342","2-2022","2-2022","1","CUIT: 30506357841","125","125","141.75","17718.75","4796","2","4333","2022-08-18 10:06:03","5","2022-08-19 15:07:48",,"5"
"1298","231","2022-08-18","2020-09","32","860","1342","2-2022","2-2022","1","CUIT: 30694753201","150","150","142","21300","4790","5","230","2022-08-18 10:06:22","5","2022-08-19 14:53:34",,"5"
"1299","232","2022-08-18","2020-09","32","965","1342","2-2022","2-2022","1","CUIT: 30691665433","125","125","142","17750","4783","5","223","2022-08-18 10:06:45","5","2022-08-19 11:57:41",,"5"
"1300","233","2022-08-18","2020-09","32","938","1342","2-2022","2-2022","1","CUIT: 30604456475","120","120","142","17040","4788","5","228","2022-08-18 10:07:09","5","2022-08-19 14:50:07",,"5"
"1301","234","2022-09-01","2020-09","32","1063","1342","4-2021","2-2022","3","CUIT: 30710852606","125","375","143.5","53812.5","4808","5","233","2022-09-01 15:31:44","5","2022-09-01 20:35:05",,"5"
"1302","235","2022-09-01","2020-09","32","917","1342","2-2022","2-2022","1","CUIT: 30602173638","250","250","143.5","35875","4810","2","4344","2022-09-01 15:34:11","5","2022-09-05 20:03:07",,"5"
"1303","236","2022-09-01","2020-09","32","890","1342","2-2022","2-2022","1","CUIT: 30710873808","125","125","143.5","17937.5","4809","2","4343","2022-09-01 15:59:13","5","2022-09-05 20:00:44",,"5"
"1304","237","2022-09-01","2020-09","32","900","1342","2-2022","2-2022","1","CUIT: 30638611097","130.5","130.5","143.5","18726.75","4817","2","4351","2022-09-01 16:00:58","5","2022-09-05 20:16:29",,"5"
"1305","238","2022-09-01","2020-09","32","938","1342","2-2022","2-2022","1","1° RECTIFICATIVA","125","125","143.5","17937.5","4839","5","240","2022-09-01 16:04:47","5","2022-09-14 13:52:17",,"5"
"1306","239","2022-09-01","2020-09","32","721","1342","2-2022","2-2022","1","1° RECTIFICATIVA","125","125","143.5","17937.5","4818","2","4352","2022-09-01 16:05:39","5","2022-09-05 20:18:01",,"5"
"1307","240","2022-09-01","2020-09","32","866","1342","2-2022","2-2022","1","CUIT: 30590162279","175","175","144","25200","4813","2","4347","2022-09-01 16:08:11","5","2022-09-05 20:09:20",,"5"
"1308","241","2022-09-01","2020-09","32","1018","1342","2-2022","2-2022","1","CUIT: 30709254630","175","175","144","25200","4811","2","4345","2022-09-01 16:08:49","5","2022-09-05 20:05:17",,"5"
"1309","242","2022-09-01","2020-09","32","908","1342","2-2022","2-2022","1","CUIT: 30643748688","175","175","144","25200","4814","2","4348","2022-09-01 16:09:31","5","2022-09-05 20:11:27",,"5"
"1310","243","2022-09-01","2020-09","32","905","1342","2-2022","2-2022","1","CUIT: 30715468294","125","125","144","18000","4815","2","4349","2022-09-01 16:10:12","5","2022-09-05 20:13:12",,"5"
"1311","244","2022-09-01","2020-09","32","929","1342","2-2022","2-2022","1","CUIT: 30715863193","125","125","144","18000","4816","2","4350","2022-09-01 16:10:46","5","2022-09-05 20:14:43",,"5"
"1312","245","2022-09-01","2020-09","32","1068","1342","1-2022","2-2022","2","CUIT: 30593896060","125","250","145","36250","4807","5","232","2022-09-01 16:11:41","5","2022-09-01 20:32:10",,"5"
"1313","246","2022-09-01","2020-09","32","879","1342","2-2022","2-2022","1","1° RECTIFICATIVA","125","125","145","18125","4812","2","4346","2022-09-01 16:12:25","5","2022-09-05 20:07:17",,"5"
"1314","247","2022-09-15","2022-09","4","956","1342","3-2021","3-2021","1","CUIT: 30716144867","125","125","0","0",,,,"2022-09-15 12:38:01","5","2023-11-06 14:25:44","1","5"
"1315","248","2022-09-15","2020-09","32","899","1342","1-2022","2-2022","2","CERTIF CONTABLE SUMAR 2.900 DE GASTOS","15800","31600","1","31600","4878","2","4399","2022-09-15 16:16:57","5","2022-09-18 14:07:20",,"5"
"1316","249","2022-09-15","2020-09","32","965","1342","2-2022","2-2022","1","RECTIF. 2° TRIMESTRE 2022","125","125","145","18125","4913","2","4430","2022-09-15 16:20:40","5","2022-10-18 20:51:05",,"2"
"1317","250","2022-09-15","2020-09","32","913","1342","2-2022","2-2022","1","","125","125","145","18125","4873","2","4394","2022-09-15 16:22:51","5","2022-09-18 13:48:50",,"5"
"1318","251","2022-09-15","2022-09","32","504","1342","4-2021","2-2022","3","OC N° Orden de Compra 3000834655","150","450","144.37","64966.5","4879","5","247","2022-09-15 16:27:42","5","2022-09-20 14:41:12","1","5"
"1319","252","2022-09-15","2020-09","32","997","1342","2-2022","2-2022","1","CUIT: 30711776008","125","125","147","18375","4876","2","4397","2022-09-15 16:30:51","5","2022-09-18 13:55:16",,"5"
"1320","253","2022-09-15","2020-09","32","938","1342","2-2022","2-2022","1","RECTIF 2° TRIMESTRE 2022","125","125","147","18375","4982","2","4493","2022-09-15 16:32:32","5","2022-11-15 19:05:55",,"5"
"1321","254","2022-09-15","2020-09","32","526","1342","1-2021","1-2021","1","CUIT: 30686241749  OC 4500283043","550","550","148.75","81812.5","4877","2","4398","2022-09-15 16:39:13","5","2022-09-18 14:03:04",,"5"
"1322","255","2022-09-15","2020-09","32","526","1342","2-2022","2-2022","1","RECTIF 2° TRIMESTRE 2022 OC 4500292846","140","140","146","20440","4877","2","4398","2022-09-15 16:41:06","5","2022-09-18 14:03:04",,"5"
"1323","256","2022-09-15","2020-09","32","899","1342","1-2021","1-2021","1","CUIT: 30592724541","500","500","147","73500","4878","2","4399","2022-09-15 16:42:20","5","2022-09-18 14:07:20","5","5"
"1324","257","2022-09-15","2020-09","32","1022","1342","2-2022","2-2022","1","CUIT: 30688359127","150","150","149","22350","4872","2","4393","2022-09-15 16:45:22","5","2022-09-18 13:47:03",,"5"
"1325","258","2022-09-16","2020-09","32","526","1342","2-2022","2-2022","1","CUIT: 30686241749 OC 4500283043","140","140","149","20860","4877","2","4398","2022-09-16 16:42:28","5","2022-09-18 14:03:04",,"5"
"1326","259","2022-09-16","2020-09","32","1072","1342","2-2022","2-2022","1","CUIT: 30714848034","125","125","149","18625","4874","2","4395","2022-09-16 16:43:36","5","2022-09-18 13:50:48",,"5"
"1327","260","2022-09-16","2020-09","32","1073","1342","4-2021","2-2022","3","CUIT: 33691265949","125","375","149","55875","4875","2","4396","2022-09-16 16:44:33","5","2022-09-18 13:53:18",,"5"
"1328","261","2022-09-21","2020-09","32","1057","1342","2-2021","2-2021","1","ASESORAMIENTO NORMATIVO","877081","877081","1","877081","4881","2","4400","2022-09-21 18:38:19","5","2022-09-23 20:07:39","5","5"
"1329","262","2022-09-27","2020-09","32","1036","1342","2-2022","2-2022","1","CUIT: 30709511846","125","125","150","18750","4890","2","4407","2022-09-27 16:49:57","5","2022-10-03 17:31:50",,"5"
"1330","263","2022-09-27","2020-09","32","1074","1342","1-2022","1-2022","1","CUIT: 30716356678","125","125","150","18750","4887","5","249","2022-09-27 16:52:13","5","2022-10-03 17:24:15",,"5"
"1331","264","2022-09-27","2020-09","32","1074","1342","2-2022","2-2022","1","CUIT: 30716356678","125","125","150.5","18812.5","4887","5","249","2022-09-27 16:52:57","5","2022-10-03 17:24:15",,"5"
"1332","265","2022-09-28","2020-09","32","228","1342","2-2022","2-2022","1","CUIT: 30501579471","150","150","151","22650","4889","2","4406","2022-09-28 14:27:44","5","2022-10-03 17:29:16",,"5"
"1333","266","2022-09-28","2020-09","32","892","1342","2-2022","2-2022","1","CUIT: 33584584179 (RECTIFICATIVA)","140","140","151","21140","4888","5","250","2022-09-28 14:28:54","5","2022-10-03 17:26:00",,"5"
"1334","267","2022-09-29","2020-09","32","1078","1342","1-2022","2-2022","2","CUIT: 33708759479","125","250","152.25","38062.5","4893","2","4410","2022-09-29 08:58:42","5","2022-10-03 17:38:25",,"5"
"1335","268","2022-09-29","2020-09","32","1079","1342","1-2022","2-2022","2","CUIT: 30708789816","125","250","152.25","38062.5","4892","2","4409","2022-09-29 08:59:08","5","2022-10-03 17:36:48",,"5"
"1336","269","2022-09-29","2020-09","32","1076","1342","1-2021","1-2021","1","ANUAL 2021","375","375","150.75","56531.25","4891","2","4408","2022-09-29 08:59:53","5","2022-10-03 17:34:35",,"5"
"1337","270","2022-10-03","2020-09","32","1057","1342","3-2022","3-2022","1","ASESORAMIENTO ","362551","362551","1","362551","4894","2","4411","2022-10-03 16:40:55","5","2022-10-03 17:41:18",,"5"
"1338","271","2022-10-05","2020-09","32","1081","1342","4-2021","2-2022","3","CUIT: 30716304988","125","375","153","57375","4902","2","4419","2022-10-05 16:39:32","5","2022-10-06 16:08:41",,"5"
"1339","272","2022-10-14","2020-09","32","878","1342","1-2021","1-2021","1","CUIT: 30688938208 ANUAL","300","300","153","45900","4914","2","4431","2022-10-14 15:47:57","5","2022-10-18 20:53:04",,"5"
"1340","273","2022-10-14","2020-09","32","1080","1342","1-2022","2-2022","2","CUIT: 30710734638","125","250","153.75","38437.5","4910","2","4427","2022-10-14 16:13:53","5","2022-10-18 20:41:33",,"5"
"1341","274","2022-10-14","2020-09","32","900","1342","2-2022","2-2022","1","CUIT: 30638611097 (RECTIFICATIVA)","130.5","130.5","155","20227.5","4911","2","4428","2022-10-14 16:14:50","5","2022-10-18 20:44:48",,"5"
"1342","275","2022-10-14","2020-09","32","1082","1342","1-2022","2-2022","2","CUIT: 30710173253","125","250","155.25","38812.5","4912","2","4429","2022-10-14 16:15:39","5","2022-10-18 20:47:25",,"5"
"1343","276","2022-10-14","2020-09","32","1016","1342","3-2022","3-2022","1","CUIT: 20351243504","125","125","157.25","19656.25","4909","2","4426","2022-10-14 16:22:40","5","2022-10-18 20:39:22",,"5"
"1344","277","2022-10-14","2022-10","32","937","1342","3-2022","3-2022","1","CUIT: 30714838411","125","125","157.25","19656.25","4947","2","4464","2022-10-14 16:23:27","5","2022-10-26 17:46:20","1","2"
"1345","278","2022-10-14","2022-10","4","937","1342","3-2022","3-2022","1","CUIT: 30714838411","125","125","157.25","19656.25",,,,"2022-10-14 16:31:09","5","2022-10-18 10:03:09","1","2"
"1346","279","2022-10-17","2022-11","4","937","1342","3-2022","3-2022","1","CUIT: 30714838411","125","125","157.25","19656.25",,,,"2022-10-17 11:48:11","5","2022-10-18 10:02:56","1","2"
"1347","280","2022-10-27","2020-09","32","1017","1342","3-2022","3-2022","1","CUIT: 30628395450","150","150","157.25","23587.5","4957","2","4474","2022-10-27 09:23:48","5","2022-10-31 18:11:05",,"5"
"1348","281","2022-10-27","2020-09","32","1071","1342","1-2022","3-2022","3","CUIT: 30696223757","150","450","158.84","71478","4955","2","4472","2022-10-27 09:25:32","5","2022-10-31 18:00:41",,"5"
"1349","282","2022-10-27","2020-09","32","942","1342","3-2022","3-2022","1","CUIT: 30708146621","100","100","159","15900","4953","2","4470","2022-10-27 09:27:55","5","2022-10-31 17:56:23",,"5"
"1350","283","2022-10-27","2020-09","32","1015","1342","3-2022","3-2022","1","CUIT: 30628515502","125","125","159","19875","4951","2","4468","2022-10-27 09:28:36","5","2022-10-31 17:51:58",,"5"
"1351","284","2022-10-27","2022-11","4","869","1342","3-2022","3-2022","1","CUIT: 30626391385","125","125","159","19875",,,,"2022-10-27 09:29:30","5","2022-10-31 13:54:01","1","5"
"1352","285","2022-10-27","2020-09","32","869","1342","3-2022","3-2022","1","CUIT: 30626391385","125","125","159","19875","4956","2","4473","2022-10-27 09:32:15","5","2022-10-31 18:02:33",,"5"
"1353","286","2022-10-31","2020-09","32","153","1342","3-2022","3-2022","1","CUIT: 30681686254","125","125","161.5","20187.5","4952","2","4469","2022-10-31 13:31:48","5","2022-10-31 17:54:07",,"5"
"1354","287","2022-10-31","2020-09","32","953","1342","2-2022","2-2022","1","CUIT: 30711416028","125","125","161.5","20187.5","4948","2","4465","2022-10-31 13:34:53","5","2022-10-31 17:45:32",,"5"
"1355","288","2022-10-31","2020-09","32","1074","1342","3-2022","3-2022","1","CUIT: 30716356678","125","125","161.5","20187.5","4954","2","4471","2022-10-31 13:36:07","5","2022-10-31 17:58:28",,"5"
"1356","289","2022-10-31","2020-09","32","915","1342","3-2022","3-2022","1","CUIT: 30674287085","125","125","161.5","20187.5","4949","2","4466","2022-10-31 13:46:30","5","2022-10-31 17:48:21",,"5"
"1357","290","2022-10-31","2020-09","32","916","1342","3-2022","3-2022","1","CUIT: 27215509287","100","100","161.5","16150","4950","2","4467","2022-10-31 13:47:00","5","2022-10-31 17:50:12",,"5"
"1358","291","2022-10-31","2020-09","32","899","1342","3-2022","3-2022","1","5 CERTIF CONTABLE: SUMAR GASTOS 1.450 X 5  7.250","79000","79000","1","79000","4958","2","4475","2022-10-31 13:57:54","5","2022-10-31 18:14:52",,"5"
"1359","292","2022-11-04","2020-09","32","1057","1342","3-2022","3-2022","1","ASESORAMIENTO","306748","306748","1","306748","4974","2","4491","2022-11-04 17:00:13","5","2022-11-09 18:56:27",,"5"
"1360","293","2022-11-07","2020-09","32","1087","1342","1-2021","2-2022","6","CUIT: 30583195013 ","175","1050","163","171150","4979","5","255","2022-11-07 09:16:13","5","2022-11-10 20:53:34",,"5"
"1361","294","2022-11-07","2020-09","32","1086","1342","3-2022","3-2022","1","CUIT: 30573118983","175","175","164.5","28787.5","4980","5","256","2022-11-07 09:17:22","5","2022-11-10 20:58:41",,"5"
"1362","295","2022-11-07","2020-09","32","435","1342","2-2021","2-2022","5","CUIT: 30617091190","125","625","164.5","102812.5","4973","2","4490","2022-11-07 09:19:13","5","2022-11-09 18:54:02",,"5"
"1363","296","2022-11-09","2020-09","32","899","1342","3-2022","3-2022","1","5 CERTIF CONTABLE: SUMAR GASTOS 1.450 X 5   7.250","79000","79000","1","79000","4983","2","4494","2022-11-09 15:53:21","5","2022-11-15 19:09:52",,"5"
"1364","297","2022-11-22","2020-09","32","899","1342","3-2022","3-2022","1","CUIT: 30592724541","125","125","167.5","20937.5","5022","2","4528","2022-11-22 08:42:35","5","2022-11-25 19:59:52",,"5"
"1365","298","2022-11-22","2020-09","32","1042","1342","2-2022","3-2022","2","CUIT: 30716051338","125","250","166.75","41687.5","5023","2","4529","2022-11-22 08:43:24","5","2022-11-25 20:02:35",,"5"
"1366","299","2022-11-22","2020-09","32","902","1342","3-2022","3-2022","1","CUIT: 30712022368","140","140","166.5","23310","5051","5","263","2022-11-22 08:43:55","5","2022-11-25 21:07:09",,"5"
"1367","300","2022-11-22","2020-09","32","1061","1342","3-2022","3-2022","1","CUIT: 30528844746","125","125","167","20875","5026","2","4532","2022-11-22 08:44:24","5","2022-11-25 20:09:11",,"5"
"1368","301","2022-11-22","2020-09","32","1004","1342","3-2022","3-2022","1","CUIT: 30716637189","125","125","167","20875","5027","2","4533","2022-11-22 08:44:49","5","2022-11-25 20:11:08",,"5"
"1369","302","2022-11-22","2020-09","32","890","1342","3-2022","3-2022","1","CUIT: 30710873808","125","125","169","21125","5028","2","4534","2022-11-22 08:45:46","5","2022-11-25 20:12:36",,"5"
"1370","303","2022-11-22","2020-09","32","970","1342","3-2022","3-2022","1","CUIT: 33711994209","125","125","165.5","20687.5","5057","5","268","2022-11-22 08:46:08","5","2022-11-27 12:32:02",,"5"
"1371","304","2022-11-22","2020-09","32","904","1342","3-2022","3-2022","1","CUIT: 30504437546","125","125","166.5","20812.5","5052","5","264","2022-11-22 08:46:39","5","2022-11-25 21:09:33",,"5"
"1372","305","2022-11-22","2020-09","32","980","1342","1-2022","3-2022","3","CUIT: 30716696142","125","375","169.25","63468.75","5054","2","4556","2022-11-22 08:47:23","5","2022-11-25 21:13:19",,"1"
"1373","306","2022-11-22","2020-09","32","946","1342","3-2022","3-2022","1","CUIT: 30518801453","125","125","167","20875","5031","2","4537","2022-11-22 08:47:48","5","2022-11-25 20:20:06",,"5"
"1374","307","2022-11-22","2020-09","32","1018","1342","3-2022","3-2022","1","CUIT: 30709254630","175","175","168.5","29487.5","5032","2","4538","2022-11-22 08:48:13","5","2022-11-25 20:22:05",,"5"
"1375","308","2022-11-22","2020-09","32","944","1342","3-2022","3-2022","1","CUIT: 30708784164","125","125","167","20875","5058","5","269","2022-11-22 08:48:35","5","2022-11-27 12:34:04",,"2"
"1376","309","2022-11-22","2020-09","32","933","1342","3-2022","3-2022","1","CUIT: 30708063629","125","125","169","21125","5055","5","266","2022-11-22 08:48:57","5","2022-11-27 12:26:15",,"5"
"1377","310","2022-11-22","2020-09","32","971","1342","3-2022","3-2022","1","CUIT: 20108971747","65","65","165.5","10757.5","5029","2","4535","2022-11-22 08:49:21","5","2022-11-25 20:14:16",,"5"
"1378","311","2022-11-22","2020-09","32","892","1342","3-2022","3-2022","1","CUIT: 33584584179","140","140","166.5","23310","5056","5","267","2022-11-22 08:49:44","5","2022-11-27 12:30:08",,"5"
"1379","312","2022-11-22","2020-09","32","913","1342","3-2022","3-2022","1","CUIT: 30504023377","125","125","169.25","21156.25","5033","2","4539","2022-11-22 08:50:07","5","2022-11-25 20:24:45",,"5"
"1380","313","2022-11-22","2020-09","32","879","1342","3-2022","3-2022","1","CUIT: 30506357841","125","125","169.25","21156.25","5034","2","4540","2022-11-22 08:50:48","5","2022-11-25 20:26:21",,"5"
"1381","314","2022-11-22","2020-09","32","932","1342","3-2022","3-2022","1","CUIT: 30716102188","125","125","165.5","20687.5","5048","2","4554","2022-11-22 08:51:33","5","2022-11-25 20:58:59",,"5"
"1382","315","2022-11-22","2020-09","32","1032","1342","3-2022","3-2022","1","CUIT: 30714981613","125","125","168.5","21062.5","5061","5","271","2022-11-22 08:52:00","5","2022-11-27 12:44:46",,"5"
"1383","316","2022-11-22","2020-09","32","945","1342","3-2022","3-2022","1","CUIT: 30582981341","125","125","167.5","20937.5","5062","5","272","2022-11-22 08:52:22","5","2022-11-27 12:46:21",,"5"
"1384","317","2022-11-22","2020-09","32","1036","1342","3-2022","3-2022","1","CUIT: 30709511846","125","125","169","21125","5035","2","4541","2022-11-22 08:52:46","5","2022-11-25 20:28:09",,"5"
"1385","318","2022-11-22","2020-09","32","999","1342","3-2022","3-2022","1","CUIT: 30540938322","125","125","168.5","21062.5","5036","2","4542","2022-11-22 08:53:06","5","2022-11-25 20:29:58",,"5"
"1386","319","2022-11-22","2020-09","32","976","1342","3-2022","3-2022","1","CUIT: 33712472559","125","125","165.5","20687.5","5037","2","4543","2022-11-22 08:53:24","5","2022-11-25 20:31:36",,"5"
"1387","320","2022-11-22","2020-09","32","891","1342","3-2022","3-2022","1","CUIT: 30711917779","125","125","165.5","20687.5","5063","5","273","2022-11-22 08:53:44","5","2022-11-27 13:04:32",,"5"
"1388","321","2022-11-22","2020-09","32","898","1342","3-2022","3-2022","1","CUIT: 30695092233","125","125","165.5","20687.5","5064","5","274","2022-11-22 08:54:05","5","2022-11-27 13:06:03",,"5"
"1389","322","2022-11-22","2020-09","32","938","1342","3-2022","3-2022","1","CUIT: 30604456475","125","125","166.5","20812.5","5065","5","275","2022-11-22 08:54:25","5","2022-11-27 13:09:06",,"5"
"1390","323","2022-11-22","2020-09","32","873","1342","3-2022","3-2022","1","CUIT: 30709981362","105","105","169","17745","5069","2","4558","2022-11-22 08:55:24","5","2022-11-27 13:49:28",,"5"
"1391","324","2022-11-22","2020-09","32","1048","1342","3-2022","3-2022","1","CUIT: 30708937785","125","125","165.5","20687.5","5040","2","4546","2022-11-22 08:55:46","5","2022-11-25 20:37:33",,"5"
"1392","325","2022-11-22","2022-12","32","526","1342","3-2022","3-2022","1","CUIT: 30686241749","140","140","172.39","24134.6","5138","2","4613","2022-11-22 08:56:06","5","2023-01-04 23:48:58","1","5"
"1393","326","2022-11-22","2020-09","32","893","1342","3-2022","3-2022","1","CUIT: 30666049450","125","125","166.5","20812.5","5024","2","4530","2022-11-22 08:56:37","5","2022-11-25 20:05:14",,"5"
"1394","327","2022-11-22","2020-09","32","1072","1342","3-2022","3-2022","1","CUIT: 30714848034","125","125","168.5","21062.5","5041","2","4547","2022-11-22 08:57:09","5","2022-11-25 20:44:51",,"5"
"1395","328","2022-11-22","2020-09","32","1073","1342","3-2022","3-2022","1","CUIT: 33691265949","125","125","168.5","21062.5","5042","2","4548","2022-11-22 08:57:35","5","2022-11-25 20:46:41",,"5"
"1396","329","2022-11-22","2020-09","32","979","1342","3-2022","3-2022","1","CUIT: 30600738379","125","125","166","20750","5066","5","276","2022-11-22 08:57:56","5","2022-11-27 13:10:33",,"5"
"1397","330","2022-11-22","2020-09","32","955","1342","3-2022","3-2022","1","CUIT: 30503865455","125","125","167","20875","5043","2","4549","2022-11-22 08:58:14","5","2022-11-25 20:48:38",,"5"
"1398","331","2022-11-22","2020-09","32","805","1342","3-2022","3-2022","1","CUIT: 30662519746","125","125","169","21125","5067","5","277","2022-11-22 08:58:40","5","2022-11-27 13:13:31",,"5"
"1399","332","2022-11-22","2020-09","32","1083","1342","2-2022","3-2022","2","CUIT: 23259940419","125","250","167","41750","5068","5","278","2022-11-22 08:59:18","5","2022-11-27 13:15:30",,"5"
"1400","333","2022-11-22","2020-09","32","1035","1342","3-2022","3-2022","1","CUIT: 30709196258","140","140","167","23380","5044","2","4550","2022-11-22 08:59:40","5","2022-11-25 20:51:46",,"5"
"1401","334","2022-11-22","2020-09","32","721","1342","3-2022","3-2022","1","CUIT: 30629717958","125","125","166.5","20812.5","5045","2","4551","2022-11-22 09:01:05","5","2022-11-25 20:53:31",,"5"
"1402","335","2022-11-22","2020-09","32","840","1342","3-2022","3-2022","1","CUIT: 33708829639","150","150","167.5","25125","5046","2","4552","2022-11-22 09:01:59","5","2022-11-25 20:55:34",,"5"
"1403","336","2022-11-22","2020-09","32","435","1342","3-2022","3-2022","1","CUIT: 30617091190","125","125","169","21125","5047","2","4553","2022-11-22 09:03:08","5","2022-11-25 20:57:27",,"5"
"1404","337","2022-11-22","2020-09","32","917","1342","3-2022","3-2022","1","CUIT: 30602173638","250","250","169.25","42312.5","5030","2","4536","2022-11-22 09:14:21","5","2022-11-25 20:15:52",,"5"
"1405","338","2022-11-22","2020-09","32","900","1342","3-2022","3-2022","1","CUIT: 30638611097","130.5","130.5","169.25","22087.13","5039","2","4545","2022-11-22 09:14:53","5","2022-11-25 20:35:42",,"5"
"1406","339","2022-11-23","2020-09","32","1088","1342","2-2022","3-2022","2","CUIT: 3071752251-2","125","250","167.25","41812.5","5021","2","4527","2022-11-23 10:47:22","5","2022-11-25 19:57:37",,"4"
"1407","340","2022-11-23","2020-09","32","1085","1342","3-2022","3-2022","1","CUIT: 30714561762","125","125","167.5","20937.5","5059","2","4557","2022-11-23 10:58:13","5","2022-11-27 12:40:02",,"2"
"1408","341","2022-11-23","2020-09","32","1089","1342","3-2022","3-2022","1","CUIT: 33618610719","125","125","166.5","20812.5","5038","2","4544","2022-11-23 11:26:06","5","2022-11-25 20:33:44",,"4"
"1409","342","2022-11-25","2020-09","32","965","1342","3-2022","3-2022","1","CUIT: 30691665433","125","125","169.25","21156.25","5060","5","270","2022-11-25 13:11:11","5","2022-11-27 12:42:58",,"2"
"1410","343","2022-11-25","2020-09","32","1063","1342","3-2022","3-2022","1","CUIT: 30710852606","125","125","170.25","21281.25","5050","5","262","2022-11-25 13:13:02","5","2022-11-25 21:05:10",,"5"
"1411","344","2022-11-25","2020-09","32","1005","1342","3-2022","3-2022","1","CUIT: 30709025755","125","125","171.75","21468.75","5053","5","265","2022-11-25 13:13:44","5","2022-11-25 21:11:32",,"5"
"1412","345","2022-11-25","2020-09","32","1005","1342","2-2022","2-2022","1","CUIT: 30709025755","125","125","171.75","21468.75","5053","5","265","2022-11-25 13:14:24","5","2022-11-25 21:11:32",,"5"
"1413","346","2022-11-25","2020-09","32","1022","1342","3-2022","3-2022","1","CUIT: 30688359127","150","150","171.75","25762.5","5025","2","4531","2022-11-25 13:15:36","5","2022-11-25 20:07:29",,"5"
"1414","347","2022-11-25","2020-09","32","997","1342","3-2022","3-2022","1","CUIT: 30711776008","125","125","171.75","21468.75","5049","2","4555","2022-11-25 13:16:23","5","2022-11-25 21:00:35",,"5"
"1415","348","2022-12-12","2020-09","32","994","1342","3-2022","3-2022","1","CUIT: 30711954046","125","125","176","22000","5074","2","4562","2022-12-12 09:42:24","5","2022-12-16 13:10:25",,"5"
"1416","349","2022-12-12","2020-09","32","1050","1342","2-2022","3-2022","2","CUIT: 30716719347","125","250","173.75","43437.5","5076","2","4564","2022-12-12 09:44:09","5","2022-12-16 13:15:16",,"5"
"1417","350","2022-12-12","2020-09","32","908","1342","3-2022","3-2022","1","CUIT: 30643748688","175","175","174.75","30581.25","5078","2","4566","2022-12-12 09:50:17","5","2022-12-16 13:36:06",,"5"
"1418","351","2022-12-12","2020-09","32","866","1342","3-2022","3-2022","1","CUIT: 30590162279","175","175","174.75","30581.25","5077","2","4565","2022-12-12 09:50:54","5","2022-12-16 13:17:00",,"5"
"1419","352","2022-12-12","2020-09","32","843","1342","3-2022","3-2022","1","CUIT: 30543349085","125","125","172.75","21593.75","5073","2","4561","2022-12-12 09:52:06","5","2022-12-16 13:08:01",,"5"
"1420","353","2022-12-12","2020-09","32","860","1342","3-2022","3-2022","1","CUIT: 30694753201","150","150","175.75","26362.5","5082","5","281","2022-12-12 09:53:10","5","2022-12-16 13:47:39",,"5"
"1421","354","2022-12-12","2022-12","32","1090","1342","3-2022","3-2022","1","CUIT: 30715799800","125","125","172.75","21593.75","5110","2","4591","2022-12-12 09:56:26","5","2022-12-16 19:52:35","1","4"
"1422","355","2022-12-12","2020-09","32","1091","1342","3-2022","3-2022","1","CUIT: 30710628455","125","125","171.75","21468.75","5081","5","280","2022-12-12 09:57:38","5","2022-12-16 13:45:44",,"4"
"1423","356","2022-12-13","2020-09","32","1057","1342","4-2022","4-2022","1","ASESORAMIENTO","546166","546166","1","546166","5080","2","4568","2022-12-13 14:01:16","5","2022-12-16 13:42:26",,"5"
"1424","357","2022-12-14","2020-09","32","928","1342","1-2021","4-2021","4","CUIT: 30709151041 (RECTIFICATIVAS)","125","500","163.25","81625","5075","2","4563","2022-12-14 17:28:05","5","2022-12-16 13:13:10",,"5"
"1425","358","2022-12-14","2020-09","32","899","1342","4-2022","4-2022","1","3 CERTIFICACIONES CONTABLES (SUMAR GASTOS CONSEJO 1.450 X 3  4.350)","47400","47400","1","47400","5079","2","4567","2022-12-14 17:50:19","5","2022-12-16 13:39:30",,"5"
"1426","359","2022-12-23","2020-09","32","929","1342","3-2022","3-2022","1","CUIT: 30715863193","125","125","176","22000","5118","2","4598","2022-12-23 16:11:23","5","2022-12-24 11:23:45",,"5"
"1427","360","2022-12-23","2020-09","32","905","1342","3-2022","3-2022","1","CUIT: 30715468294","125","125","176","22000","5117","2","4597","2022-12-23 16:12:04","5","2022-12-24 11:21:52",,"5"
"1428","361","2022-12-23","2020-09","32","953","1342","3-2022","3-2022","1","CUIT: 30711416028","125","125","178.5","22312.5","5120","5","288","2022-12-23 16:13:35","5","2022-12-24 11:27:47",,"5"
"1429","362","2022-12-23","2020-09","32","1019","1342","3-2022","3-2022","1","CUIT: 30702179153","125","125","178.5","22312.5","5119","2","4599","2022-12-23 16:13:59","5","2022-12-24 11:25:19",,"5"
"1430","363","2022-12-23","2020-09","32","960","1342","3-2022","3-2022","1","CUIT: 30577752210","125","125","180.5","22562.5","5116","2","4596","2022-12-23 16:14:33","5","2022-12-24 11:20:14",,"5"
"1431","364","2022-12-23","2020-09","32","843","1342","3-2022","3-2022","1","CUIT: 30543349085 (RECTIFICATIVA)","125","125","180.5","22562.5","5115","2","4595","2022-12-23 16:15:27","5","2022-12-24 11:15:36",,"5"
"1432","1","2023-01-03","2020-09","32","1008","1342","2-2022","3-2022","2","CUIT: 30707822917","125","250","184.75","46187.5","5137","2","4612","2023-01-03 16:25:59","5","2023-01-04 23:45:30",,"5"
"1433","2","2023-01-03","2020-09","32","504","1342","3-2022","3-2022","1","CUIT: 33534876969 CERTIFICACIÓN DE DEUDA   GASTOS CPCECABA $1.450","16850","16850","1","16850","5150","5","297","2023-01-03 16:29:53","5","2023-01-13 11:25:04",,"5"
"1434","3","2023-01-09","2020-09","32","1057","1342","4-2022","4-2022","1","CUIT: 30687276996 ASESORAMIENTO DICIEMBRE 2022","575225","575225","1","575225","5142","2","4616","2023-01-09 10:45:59","5","2023-01-13 09:47:14",,"5"
"1435","4","2023-01-10","2020-09","32","913","1342","1-2022","3-2022","3","CUIT: 30504023377 RECTIFICATIVAS","125","375","182.5","68437.5","5140","2","4614","2023-01-10 11:51:06","5","2023-01-13 09:42:16",,"5"
"1436","5","2023-01-10","2020-09","32","435","1342","3-2022","3-2022","1","CUIT: 30617091190 RECTIFICATIVA","125","125","182.5","22812.5","5141","2","4615","2023-01-10 11:52:50","5","2023-01-13 09:44:58",,"5"
"1437","6","2023-01-10","2020-09","32","1075","1342","1-2022","3-2022","3","CUIT: 30716440601","125","375","180.5","67687.5","5149","5","296","2023-01-10 11:55:40","5","2023-01-13 10:11:05",,"5"
"1438","7","2023-01-25","2020-09","32","1073","1342","2-2020","3-2022","10","CUIT: 33691265949 RECTIFICATIVAS","125","1250","188","235000","5192","2","4662","2023-01-25 15:29:08","5","2023-01-27 17:58:23",,"5"
"1439","8","2023-01-25","2020-09","32","1073","1342","4-2022","4-2022","1","CUIT: 33691265949 ASESORAMIENTO PAGO BBVA","350","350","188","65800","5192","2","4662","2023-01-25 15:30:38","5","2023-01-27 17:58:23",,"5"
"1440","9","2023-01-25","2020-09","32","937","1342","4-2022","4-2022","1","CUIT: 30714838411","125","125","187.75","23468.75","5183","2","4653","2023-01-25 15:39:25","5","2023-01-27 17:35:23",,"2"
"1441","10","2023-01-25","2020-09","32","944","1342","4-2022","4-2022","1","CUIT: 30708784164","125","125","189","23625","5187","2","4657","2023-01-25 15:39:54","5","2023-01-27 17:44:52",,"2"
"1442","11","2023-01-25","2020-09","32","1074","1342","4-2022","4-2022","1","CUIT: 30716356678","125","125","189","23625","5186","2","4656","2023-01-25 15:40:17","5","2023-01-27 17:42:33",,"5"
"1443","12","2023-01-25","2020-09","32","908","1342","3-2022","3-2022","1","CUIT: 30643748688 1° RECTIFICATIVA","175","175","189.25","33118.75","5190","2","4660","2023-01-25 15:41:56","5","2023-01-27 17:51:30",,"5"
"1444","13","2023-01-25","2020-09","32","904","1342","4-2022","4-2022","1","CUIT: 30504437546","125","125","189.25","23656.25","5185","2","4655","2023-01-25 15:42:58","5","2023-01-27 17:40:22",,"5"
"1445","14","2023-01-25","2020-09","32","1048","1342","4-2022","4-2022","1","CUIT: 30708937785","125","125","191.5","23937.5","5189","2","4659","2023-01-25 15:43:23","5","2023-01-27 17:49:07",,"5"
"1446","15","2023-01-25","2020-09","32","971","1342","4-2022","4-2022","1","CUIT: 20108971747","100","100","191.5","19150","5184","2","4654","2023-01-25 15:43:52","5","2023-01-27 17:37:31",,"5"
"1447","16","2023-01-25","2020-09","32","1071","1342","4-2022","4-2022","1","CUIT: 30696223757","150","150","191.25","28687.5","5188","2","4658","2023-01-25 15:44:24","5","2023-01-27 17:46:40",,"5"
"1448","17","2023-01-25","2020-09","32","1017","1342","4-2022","4-2022","1","CUIT: 30628395450","150","150","191.25","28687.5","5191","2","4661","2023-01-25 15:44:49","5","2023-01-27 17:53:29",,"5"
"1449","18","2023-01-30","2020-09","32","899","1342","4-2022","4-2022","1","CERTIFICACION CONTABLE ON - SUMAR GASTOS $1.450","59500","59500","1","59500","5207","2","4677","2023-01-30 15:59:02","5","2023-02-01 19:18:45",,"5"
"1450","19","2023-01-30","2020-09","32","902","1342","4-2022","4-2022","1","CUIT: 30712022368","140","140","192.25","26915","5198","2","4668","2023-01-30 16:01:22","5","2023-02-01 18:57:58",,"5"
"1451","20","2023-01-30","2020-09","32","1063","1342","2-2021","4-2022","7","6 RECTIFICATIVAS Y PERIODO 31.12.22 ORIGINAL","125","875","192.25","168218.75","5197","2","4667","2023-01-30 16:04:27","5","2023-02-01 18:55:37",,"5"
"1452","21","2023-01-30","2020-09","32","1014","1342","2-2022","4-2022","3","CUIT: 30709988367","125","375","192.25","72093.75","5199","2","4669","2023-01-30 16:06:10","5","2023-02-01 19:00:52",,"5"
"1453","22","2023-01-30","2020-09","32","892","1342","4-2022","4-2022","1","CUIT: 33584584179","140","140","192.25","26915","5200","2","4670","2023-01-30 16:07:08","5","2023-02-01 19:02:49",,"5"
"1454","23","2023-01-30","2020-09","32","1090","1342","4-2022","4-2022","1","CUIT: 30715799800","125","125","192.25","24031.25","5206","2","4676","2023-01-30 16:07:52","5","2023-02-01 19:15:50",,"4"
"1455","24","2023-01-30","2020-09","32","1023","1342","3-2022","3-2022","1","CUIT: 30504042894","140","140","192.25","26915","5203","2","4673","2023-01-30 16:08:47","5","2023-02-01 19:09:14",,"5"
"1456","25","2023-01-30","2020-09","32","1094","1342","3-2022","4-2022","2","CUIT: 30695057020","125","250","193.25","48312.5","5202","2","4672","2023-01-30 16:10:01","5","2023-02-01 19:07:04",,"4"
"1457","26","2023-01-30","2020-09","32","1073","1342","4-2022","4-2022","1","CUIT: 33691265949","125","125","192.25","24031.25","5205","2","4675","2023-01-30 16:16:06","5","2023-02-01 19:12:57",,"5"
"1458","27","2023-01-30","2020-09","32","1072","1342","4-2022","4-2022","1","CUIT: 30714848034","125","125","192.25","24031.25","5204","2","4674","2023-01-30 16:16:26","5","2023-02-01 19:11:09",,"5"
"1459","28","2023-01-30","2020-09","32","1097","1342","3-2022","4-2022","2","CUIT: 33539811059","150","300","191.5","57450","5201","2","4671","2023-01-30 18:45:33","5","2023-02-01 19:05:12",,"4"
"1460","29","2023-02-01","2020-09","32","1057","1342","1-2023","1-2023","1","CUIT: 30687276996","970722","970722","1","970722","5209","2","4679","2023-02-01 16:51:30","5","2023-02-01 19:25:10",,"5"
"1461","30","2023-02-02","2020-09","32","1005","1342","4-2022","4-2022","1","CUIT: 30709025755","125","125","193.25","24156.25","5212","2","4682","2023-02-02 15:35:31","5","2023-02-02 21:45:52",,"5"
"1462","31","2023-02-02","2020-09","32","228","1342","3-2022","3-2022","1","CUIT: 30501579471","150","150","193.25","28987.5","5213","2","4683","2023-02-02 15:37:53","5","2023-02-02 21:48:14",,"5"
"1463","32","2023-02-02","2020-09","32","1061","1342","4-2022","4-2022","1","CUIT: 30528844746","125","125","194","24250","5210","2","4680","2023-02-02 15:38:34","5","2023-02-02 21:40:43",,"5"
"1464","33","2023-02-02","2020-09","32","890","1342","4-2022","4-2022","1","CUIT: 30710873808 RECUPERO DE IVA DE EXPORTACION","166115","166115","1","166115","5212","2","4682","2023-02-02 15:40:05","5","2023-02-02 21:43:44",,"5"
"1465","34","2023-02-02","2020-09","32","1096","1342","1-2022","4-2022","4","CUIT: 30500755195","137.5","550","194","106700","5214","2","4684","2023-02-02 15:42:12","5","2023-02-02 21:50:45",,"4"
"1466","35","2023-02-07","2020-09","4","1096","1342","1-2000","1-2001","5","CUIT: 30-50075519-5","123","615","122","75030",,,,"2023-02-07 15:35:08","100","2023-02-07 15:47:09","5","5"
"1468","37","2023-02-08","2020-09","4","1088","1342","1-2020","2-2020","2","CUIT: 30717522512","126","252","22","5544",,,,"2023-02-08 19:31:29","5","2023-02-08 19:32:17","5","5"
"1467","36","2023-02-07","2023-02","4","1088","1342","1-2000","2-2000","2","CUIT: 30717522512 OSCAR ESTO ES PARA VER COMO SALA EL COMENTARIO VA A TENER MAS DE 2 RENGLONES PARA QUE VEA COMO SALE Y ES UNA PRUEBA DE QUE ESTO ES TODO LO QUE SE VE, LO QUE TENGO QUE VER YO ES
","125","250","0","0",,,,"2023-02-07 16:36:41","100","2023-02-07 16:38:20","100","5"
"1469","38","2023-02-14","2020-09","32","942","1342","4-2022","4-2022","1","CUIT: 30708146621","100","100","196","19600","5219","5","298","2023-02-14 12:00:04","5","2023-02-16 14:01:52",,"5"
"1470","39","2023-02-14","2020-09","32","955","1342","4-2022","4-2022","1","CUIT: 30503865455","125","125","196","24500","5248","2","4707","2023-02-14 12:00:30","5","2023-02-17 18:57:17",,"5"
"1471","40","2023-02-14","2020-09","32","1086","1342","4-2022","4-2022","1","CUIT: 30573118983","175","175","196.25","34343.75","5222","5","301","2023-02-14 12:01:01","5","2023-02-17 17:31:58",,"5"
"1472","41","2023-02-14","2020-09","32","805","1342","4-2022","4-2022","1","CUIT: 30662519746","125","125","196.25","24531.25","5223","5","302","2023-02-14 12:01:34","5","2023-02-17 17:38:27",,"5"
"1473","42","2023-02-14","2020-09","32","721","1342","4-2022","4-2022","1","CUIT: 30629717958","125","125","196.25","24531.25","5251","2","4710","2023-02-14 12:02:10","5","2023-02-17 19:03:53",,"5"
"1474","43","2023-02-14","2020-09","32","890","1342","4-2022","4-2022","1","CUIT: 30710873808","125","125","196.25","24531.25","5237","2","4696","2023-02-14 12:02:34","5","2023-02-17 18:33:10",,"5"
"1475","44","2023-02-14","2020-09","32","979","1342","4-2022","4-2022","1","CUIT: 30600738379","125","125","196.25","24531.25","5247","2","4706","2023-02-14 12:05:22","5","2023-02-17 18:55:29",,"5"
"1476","45","2023-02-14","2020-09","32","1004","1342","4-2022","4-2022","1","CUIT: 30716637189","125","125","196.25","24531.25","5235","2","4694","2023-02-14 12:05:49","5","2023-02-17 18:28:35",,"5"
"1477","46","2023-02-14","2020-09","32","840","1342","4-2022","4-2022","1","CUIT: 33708829639","150","150","196.25","29437.5","5252","2","4711","2023-02-14 12:06:14","5","2023-02-17 19:05:28",,"5"
"1478","47","2023-02-14","2020-09","32","891","1342","4-2022","4-2022","1","CUIT: 30711917779","125","125","196.25","24531.25","5220","5","299","2023-02-14 12:06:36","5","2023-02-16 14:03:32",,"5"
"1479","48","2023-02-14","2020-09","32","898","1342","4-2022","4-2022","1","CUIT: 30695092233","125","125","196.25","24531.25","5221","5","300","2023-02-14 12:07:06","5","2023-02-17 17:29:50",,"5"
"1480","49","2023-02-14","2020-09","32","1015","1342","4-2022","4-2022","1","CUIT: 30628515502","125","125","196.25","24531.25","5236","2","4695","2023-02-14 12:07:40","5","2023-02-17 18:30:28",,"5"
"1481","50","2023-02-14","2020-09","32","893","1342","4-2022","4-2022","1","CUIT: 30666049450","125","125","196.25","24531.25","5232","2","4691","2023-02-14 12:08:03","5","2023-02-17 18:22:28",,"5"
"1482","51","2023-02-14","2020-09","32","869","1342","4-2022","4-2022","1","CUIT: 30626391385","125","125","196.25","24531.25","5249","2","4708","2023-02-14 12:08:26","5","2023-02-17 18:59:40",,"5"
"1483","52","2023-02-14","2020-09","32","1008","1342","4-2022","4-2022","1","CUIT: 30707822917","125","125","196.25","24531.25","5255","2","4714","2023-02-14 12:09:07","5","2023-02-17 19:12:50",,"5"
"1484","53","2023-02-14","2020-09","32","1019","1342","4-2022","4-2022","1","CUIT: 30702179153","125","125","197.25","24656.25","5256","2","4715","2023-02-14 12:09:28","5","2023-02-17 19:14:27",,"5"
"1485","54","2023-02-14","2020-09","32","1018","1342","4-2022","4-2022","1","CUIT: 30709254630","175","175","196.25","34343.75","5239","2","4698","2023-02-14 12:10:03","5","2023-02-17 18:37:14",,"5"
"1486","55","2023-02-14","2020-09","32","879","1342","4-2022","4-2022","1","CUIT: 30506357841","125","125","197.75","24718.75","5243","2","4702","2023-02-14 12:10:24","5","2023-02-17 18:46:08",,"5"
"1487","56","2023-02-17","2020-09","32","917","1342","4-2022","4-2022","1","CUIT: 30602173638","250","250","196","49000","5257","2","4716","2023-02-17 17:16:21","5","2023-02-17 19:18:15",,"5"
"1488","57","2023-02-17","2020-09","32","917","1342","4-2022","4-2022","1","CUIT: 30602173638 RECTIFICATIVA","250","250","196.25","49062.5","5257","2","4716","2023-02-17 17:16:43","5","2023-02-17 19:18:15",,"5"
"1489","58","2023-02-17","2020-09","32","1101","1342","3-2022","4-2022","2","CUIT: 30501025417","125","250","196.25","49062.5","5225","5","304","2023-02-17 17:17:50","5","2023-02-17 17:44:58",,"5"
"1490","59","2023-02-17","2020-09","32","1099","1342","4-2022","4-2022","1","CUIT: 20160708833","125","125","197.75","24718.75","5244","2","4703","2023-02-17 17:18:17","5","2023-02-17 18:48:05",,"5"
"1491","60","2023-02-17","2020-09","32","1017","1342","4-2022","4-2022","1","CUIT: 30628395450 RECTIFICATIVA","150","150","196.25","29437.5","5254","2","4713","2023-02-17 17:19:03","5","2023-02-17 19:10:38",,"5"
"1492","61","2023-02-17","2020-09","32","1085","1342","4-2022","4-2022","1","CUIT: 30714561762","125","125","198","24750","5242","2","4701","2023-02-17 17:19:40","5","2023-02-17 18:43:54",,"5"
"1493","62","2023-02-17","2020-09","32","1035","1342","4-2022","4-2022","1","CUIT: 30709196258","140","140","198","27720","5250","2","4709","2023-02-17 17:20:09","5","2023-02-17 19:02:00",,"5"
"1494","63","2023-02-17","2020-09","32","965","1342","4-2022","4-2022","1","CUIT: 30691665433","125","125","198","24750","5227","5","306","2023-02-17 17:20:40","5","2023-02-17 17:50:44",,"5"
"1495","64","2023-02-17","2020-09","32","938","1342","2-2022","4-2022","3","CUIT: 30604456475 (2Q Y 3Q SON RECTIFICATIVAS) 4Q ORIGINAL","125","375","198","74250","5259","2","4718","2023-02-17 17:21:53","5","2023-02-17 19:24:45",,"5"
"1496","65","2023-02-17","2020-09","32","1089","1342","4-2022","4-2022","1","CUIT: 33618610719","125","125","198","24750","5245","2","4704","2023-02-17 17:22:25","5","2023-02-17 18:50:56",,"5"
"1497","66","2023-02-17","2020-09","32","908","1342","4-2022","4-2022","1","CUIT: 30643748688","175","175","198","34650","5241","2","4700","2023-02-17 17:22:52","5","2023-02-17 18:41:19",,"5"
"1498","67","2023-02-17","2020-09","32","915","1342","4-2022","4-2022","1","CUIT: 30674287085","125","125","198","24750","5231","2","4690","2023-02-17 17:23:22","5","2023-02-17 18:20:37",,"5"
"1499","68","2023-02-17","2020-09","32","916","1342","4-2022","4-2022","1","CUIT: 27215509287","100","100","198","19800","5233","2","4692","2023-02-17 17:23:46","5","2023-02-17 18:24:49",,"5"
"1500","69","2023-02-17","2020-09","32","1022","1342","4-2022","4-2022","1","CUIT: 30688359127","150","150","198.25","29737.5","5234","2","4693","2023-02-17 17:24:16","5","2023-02-17 18:26:41",,"5"
"1501","70","2023-02-17","2020-09","32","866","1342","4-2022","4-2022","1","CUIT: 30590162279","175","175","198.5","34737.5","5240","2","4699","2023-02-17 17:24:51","5","2023-02-17 18:39:11",,"5"
"1502","71","2023-02-17","2020-09","32","953","1342","4-2022","4-2022","1","CUIT: 30711416028","125","125","198.5","24812.5","5224","5","303","2023-02-17 17:25:19","5","2023-02-17 17:43:21",,"5"
"1503","72","2023-02-17","2020-09","32","997","1342","4-2022","4-2022","1","CUIT: 30711776008","125","125","198.5","24812.5","5253","2","4712","2023-02-17 17:27:10","5","2023-02-17 19:08:09",,"5"
"1504","73","2023-02-17","2020-09","32","946","1342","4-2022","4-2022","1","CUIT: 30518801453","125","125","198.25","24781.25","5238","2","4697","2023-02-17 17:28:10","5","2023-02-17 18:34:56",,"5"
"1505","74","2023-02-17","2020-09","32","899","1342","4-2022","4-2022","1","CUIT: 30592724541","125","125","198","24750","5258","2","4717","2023-02-17 17:28:34","5","2023-02-17 19:21:03",,"5"
"1506","75","2023-02-17","2020-09","32","933","1342","4-2022","4-2022","1","CUIT: 30708063629","125","125","198.5","24812.5","5226","5","305","2023-02-17 17:28:59","5","2023-02-17 17:46:37",,"5"
"1507","76","2023-02-17","2020-09","32","900","1342","4-2022","4-2022","1","CUIT: 30638611097","140","140","198.25","27755","5246","2","4705","2023-02-17 17:29:28","5","2023-02-17 18:53:27",,"5"
"1508","77","2023-02-17","2020-09","32","1032","1342","4-2022","4-2022","1","CUIT: 30714981613","125","125","198.5","24812.5","5228","5","307","2023-02-17 17:29:59","5","2023-02-17 17:52:50",,"5"
"1509","78","2023-02-17","2020-09","32","945","1342","4-2022","4-2022","1","CUIT: 30582981341","125","125","198.5","24812.5","5229","5","308","2023-02-17 17:30:28","5","2023-02-17 18:00:56",,"5"
"1510","79","2023-02-17","2020-09","32","843","1342","2-2022","4-2022","3","CUIT: 30543349085 (2Q Y 3Q SON RECTIFICATIVAS) 4Q ORIGINAL","125","375","198.5","74437.5","5230","2","4689","2023-02-17 17:31:13","5","2023-02-17 18:18:19",,"5"
"1511","80","2023-02-27","2020-09","32","932","1342","4-2022","4-2022","1","CUIT: 30716102188","125","125","198.5","24812.5","5301","2","4756","2023-02-27 11:06:08","5","2023-02-27 14:34:47",,"5"
"1512","81","2023-02-27","2020-09","32","1095","1342","1-2022","4-2022","4","CUIT: 30501493240","125","500","202","101000","5297","2","4752","2023-02-27 11:08:13","5","2023-02-27 14:24:38",,"5"
"1513","82","2023-02-27","2020-09","32","435","1342","4-2022","4-2022","1","CUIT: 30617091190","125","125","200.5","25062.5","5299","2","4754","2023-02-27 11:09:00","5","2023-02-27 14:30:08",,"5"
"1514","83","2023-02-27","2020-09","32","1103","1342","2-2022","4-2022","3","CUIT: 30717495027","125","375","202.25","75843.75","5304","5","314","2023-02-27 11:09:49","5","2023-02-27 14:42:58",,"5"
"1515","84","2023-02-27","2020-09","32","929","1342","4-2022","4-2022","1","CUIT: 30715863193","125","125","199.25","24906.25","5300","2","4755","2023-02-27 11:10:29","5","2023-02-27 14:32:26",,"5"
"1516","85","2023-02-27","2020-09","32","1050","1342","4-2022","4-2022","1","CUIT: 30716719347","125","125","202","25250","5296","2","4751","2023-02-27 11:11:02","5","2023-02-27 14:21:41",,"5"
"1517","86","2023-02-27","2020-09","32","860","1342","4-2022","4-2022","1","CUIT: 30694753201","150","150","202","30300","5303","2","4757","2023-02-27 11:11:48","5","2023-02-27 14:40:44",,"5"
"1518","87","2023-02-27","2020-09","32","913","1342","4-2022","4-2022","1","CUIT: 30504023377","125","125","202","25250","5298","2","4753","2023-02-27 11:12:27","5","2023-02-27 14:26:47",,"5"
"1519","88","2023-02-27","2020-09","32","902","1342","4-2022","4-2022","1","CUIT: 30712022368 RECTIFICATIVA","140","140","202","28280","5302","5","313","2023-02-27 11:13:02","5","2023-02-27 14:37:28",,"5"
"1520","89","2023-02-27","2020-09","32","1106","1342","3-2022","4-2022","2","CUIT: 30703258634","125","250","202","50500","5295","2","4750","2023-02-27 11:46:06","5","2023-02-27 14:19:53",,"5"
"1521","90","2023-03-07","2023-03","32","526","1342","4-2022","4-2022","1","CUIT: 30686241749   ORDEN DE COMPRA: 4500359539","140","140","206.25","28875","5309","2","4761","2023-03-07 17:39:31","5","2023-03-09 15:46:20","1","5"
"1522","91","2023-03-09","2020-09","32","1102","1342","2-2018","4-2018","3","CUIT: 30709623997","125","375","204","76500","5311","2","4763","2023-03-09 17:35:51","5","2023-03-09 22:06:33",,"5"
"1523","92","2023-03-09","2020-09","32","1102","1342","3-2020","4-2020","2","CUIT: 30709623997","125","250","204","51000","5311","2","4763","2023-03-09 17:36:38","5","2023-03-09 22:06:33",,"5"
"1524","93","2023-03-09","2020-09","32","1102","1342","1-2022","4-2022","4","CUIT: 30709623997","125","500","204","102000","5311","2","4763","2023-03-09 17:37:01","5","2023-03-09 22:06:33",,"5"
"1525","94","2023-03-09","2020-09","32","905","1342","4-2022","4-2022","1","CUIT: 30715468294","125","125","203.5","25437.5","5314","2","4766","2023-03-09 17:39:39","5","2023-03-09 22:16:56",,"5"
"1526","95","2023-03-09","2020-09","32","970","1342","4-2022","4-2022","1","CUIT: 33711994209","125","125","204","25500","5312","2","4764","2023-03-09 17:40:34","5","2023-03-09 22:08:30",,"5"
"1527","96","2023-03-09","2020-09","32","1023","1342","4-2022","4-2022","1","CUIT: 30504042894","140","140","204","28560","5315","2","4767","2023-03-09 17:41:05","5","2023-03-09 22:19:44",,"5"
"1528","97","2023-03-09","2020-09","32","1105","1342","1-2022","4-2022","4","CUIT: 20339854387","125","500","204","102000","5310","2","4762","2023-03-09 17:41:59","5","2023-03-09 22:01:59",,"5"
"1529","98","2023-03-09","2020-09","32","1096","1342","4-2022","4-2022","1","CUIT: 30-50075519-5   RECTIFICATIVA","137.5","137.5","206.25","28359.38","5316","2","4768","2023-03-09 17:43:08","5","2023-03-09 22:22:01",,"5"
"1530","99","2023-03-09","2020-09","32","960","1342","4-2022","4-2022","1","CUIT: 30577752210","125","125","206.25","25781.25","5313","2","4765","2023-03-09 17:43:52","5","2023-03-09 22:10:19",,"5"
"1531","100","2023-03-15","2020-09","32","1057","1342","1-2023","1-2023","1","CUIT: 30687276996 - OPERACIONES 23/01/23 AL 25/01/23 (LISTADO 15/03/23)","702548","702548","1","702548","5323","2","4772","2023-03-15 11:17:05","5","2023-03-15 14:34:39",,"5"
"1532","101","2023-03-27","2020-09","32","938","1342","3-2022","4-2022","2","CUIT: 30604456475 (RECTIFICATIVAS)","125","250","209","52250","5362","5","323","2023-03-27 11:45:48","5","2023-03-28 17:43:07",,"5"
"1533","102","2023-03-27","2020-09","32","1113","1342","3-2022","4-2022","2","CUIT: 30712225420","125","250","210","52500","5367","2","4811","2023-03-27 11:46:20","5","2023-03-28 17:54:51",,"5"
"1534","103","2023-03-27","2020-09","32","1114","1342","4-2022","4-2022","1","CUIT: 30637485837","125","125","211","26375","5365","2","4809","2023-03-27 11:46:44","5","2023-03-28 17:49:38",,"5"
"1535","104","2023-03-27","2020-09","32","1088","1342","4-2022","4-2022","1","CUIT: 30717522512","125","125","211.75","26468.75","5363","2","4807","2023-03-27 11:47:21","5","2023-03-28 17:45:52",,"5"
"1536","105","2023-03-27","2020-09","32","1079","1342","3-2022","4-2022","2","CUIT: 30708789816","125","250","211.75","52937.5","5368","2","4812","2023-03-27 11:47:50","5","2023-03-28 17:57:36",,"5"
"1537","106","2023-03-27","2020-09","32","1112","1342","2-2022","4-2022","3","CUIT: 20141073711","125","375","212.5","79687.5","5366","2","4810","2023-03-27 11:48:14","5","2023-03-28 17:53:10",,"5"
"1538","107","2023-03-27","2020-09","32","928","1342","1-2022","4-2022","4","CUIT: 30709151041","125","500","212.5","106250","5364","2","4808","2023-03-27 11:48:35","5","2023-03-28 17:48:00",,"5"
"1539","108","2023-04-11","2020-09","32","526","1342","4-2022","4-2022","1","CUIT: 30686241749","140","140","196.25","27475","5381","2","4825","2023-04-11 12:01:17","5","2023-04-14 16:40:16",,"5"
"1540","109","2023-04-12","2020-09","32","1057","1342","1-2023","1-2023","1","CUIT: 30687276996 OPERACIONES 17/03/23 AL 23/03/23","850106","850106","1","850106","5382","2","4826","2023-04-12 14:37:10","5","2023-04-14 16:42:10",,"5"
"1541","110","2023-04-13","2020-09","32","1115","1342","3-2022","4-2022","2","CUIT: 30715705830","125","250","213.5","53375","5375","2","4819","2023-04-13 15:37:00","5","2023-04-14 16:22:46",,"5"
"1542","111","2023-04-13","2020-09","32","1111","1342","3-2022","4-2022","2","CUIT: 30708447087","125","250","218.5","54625","5378","2","4822","2023-04-13 15:38:29","5","2023-04-14 16:32:01",,"5"
"1543","112","2023-04-13","2020-09","32","1090","1342","1-2023","1-2023","1","CUIT: 30715799800","125","125","220.25","27531.25","5379","2","4823","2023-04-13 15:39:10","5","2023-04-14 16:33:53",,"5"
"1544","113","2023-04-13","2020-09","32","1097","1342","1-2023","1-2023","1","CUIT: 33539811059","150","150","220.75","33112.5","5377","2","4821","2023-04-13 15:39:34","5","2023-04-14 16:30:09",,"5"
"1545","114","2023-04-13","2020-09","32","1017","1342","1-2023","1-2023","1","CUIT: 30628395450","150","150","220.75","33112.5","5380","2","4824","2023-04-13 15:39:52","5","2023-04-14 16:36:34",,"5"
"1546","115","2023-04-13","2020-09","32","1071","1342","1-2023","1-2023","1","CUIT: 30696223757","150","150","220.75","33112.5","5376","2","4820","2023-04-13 15:40:08","5","2023-04-14 16:26:10",,"5"
"1547","116","2023-04-24","2020-09","32","1083","1342","4-2022","4-2022","1","CUIT: 23259940419","125","125","220.75","27593.75","5428","5","335","2023-04-24 10:57:51","5","2023-04-26 19:44:38",,"5"
"1548","117","2023-04-24","2020-09","32","971","1342","1-2023","1-2023","1","CUIT: 20108971747","100","100","221","22100","5417","2","4855","2023-04-24 10:58:22","5","2023-04-26 19:23:13",,"5"
"1549","118","2023-04-24","2020-09","32","942","1342","1-2023","1-2023","1","CUIT: 30708146621","100","100","221","22100","5424","5","331","2023-04-24 10:58:47","5","2023-04-26 19:36:57",,"5"
"1550","119","2023-04-24","2020-09","32","1005","1342","1-2023","1-2023","1","CUIT: 30709025755","125","125","222.5","27812.5","5425","5","332","2023-04-24 10:59:23","5","2023-04-26 19:39:04",,"5"
"1551","120","2023-04-24","2020-09","32","955","1342","1-2023","1-2023","1","CUIT: 30503865455","125","125","222.5","27812.5","5422","2","4860","2023-04-24 10:59:50","5","2023-04-26 19:32:50",,"5"
"1552","121","2023-04-24","2020-09","32","1121","1342","3-2022","4-2022","2","CUIT: 30515491615","125","250","222.5","55625","5427","5","334","2023-04-24 11:00:20","5","2023-04-26 19:42:51",,"5"
"1553","122","2023-04-24","2020-09","32","1102","1342","1-2023","1-2023","1","CUIT: 30709623997","125","125","223","27875","5423","5","330","2023-04-24 11:00:42","5","2023-04-26 19:35:32",,"5"
"1554","123","2023-04-24","2020-09","32","1073","1342","1-2023","1-2023","1","CUIT: 33691265949","125","125","220.75","27593.75","5421","2","4859","2023-04-24 11:03:03","5","2023-04-26 19:31:27",,"5"
"1555","124","2023-04-24","2020-09","32","1072","1342","1-2023","1-2023","1","CUIT: 30714848034","125","125","220.75","27593.75","5420","2","4858","2023-04-24 11:03:29","5","2023-04-26 19:30:00",,"5"
"1556","125","2023-04-24","2020-09","32","937","1342","1-2023","1-2023","1","CUIT: 30714838411","125","125","224.5","28062.5","5416","2","4854","2023-04-24 11:04:51","5","2023-04-26 19:21:08",,"5"
"1557","126","2023-04-24","2020-09","32","526","1342","1-2023","1-2023","1","CUIT: 30686241749","140","140","225","31500","5419","2","4857","2023-04-24 11:05:19","5","2023-04-26 19:27:56",,"5"
"1558","127","2023-04-24","2020-09","32","1122","1342","4-2022","4-2022","1","CUIT: 30712132597","125","125","225","28125","5418","2","4856","2023-04-24 11:05:52","5","2023-04-26 19:24:59",,"5"
"1559","128","2023-04-24","2020-09","32","1124","1342","4-2022","4-2022","1","CUIT: 30709997617","125","125","224","28000","5426","5","333","2023-04-24 11:48:48","5","2023-04-26 19:40:49",,"5"
"1560","129","2023-04-27","2020-09","32","944","1342","1-2023","1-2023","1","CUIT: 30708784164","125","125","226","28250","5435","5","338","2023-04-27 11:52:40","5","2023-04-27 19:21:02",,"5"
"1561","130","2023-04-27","2020-09","32","840","1342","1-2023","1-2023","1","CUIT: 33708829639","150","150","226","33900","5432","2","4864","2023-04-27 11:53:20","5","2023-04-27 19:15:04",,"5"
"1562","131","2023-04-27","2020-09","32","1123","1342","4-2022","4-2022","1","CUIT: 20290682178","125","125","226","28250","5436","5","339","2023-04-27 11:53:56","5","2023-04-27 19:22:30",,"5"
"1563","132","2023-04-27","2020-09","32","1074","1342","1-2023","1-2023","1","CUIT: 30716356678","125","125","226.5","28312.5","5434","5","337","2023-04-27 11:54:21","5","2023-04-27 19:19:22",,"5"
"1564","133","2023-04-27","2020-09","32","1078","1342","3-2022","4-2022","2","CUIT: 33708759479","125","250","226.5","56625","5431","2","4863","2023-04-27 11:54:55","5","2023-04-27 19:13:33",,"5"
"1565","134","2023-04-27","2020-09","32","1125","1342","2-2022","4-2022","3","CUIT: 30690867393","125","375","226.5","84937.5","5429","2","4861","2023-04-27 11:55:40","5","2023-04-27 19:09:26",,"5"
"1566","135","2023-04-27","2020-09","32","228","1342","4-2022","4-2022","1","CUIT: 30501579471","150","150","227.5","34125","5430","2","4862","2023-04-27 11:56:15","5","2023-04-27 19:11:29",,"5"
"1567","136","2023-04-27","2020-09","32","904","1342","1-2023","1-2023","1","CUIT: 30504437546","125","125","227.5","28437.5","5433","5","336","2023-04-27 11:56:48","5","2023-04-27 19:16:50",,"5"
"1568","137","2023-05-24","2020-09","32","1057","1342","1-2023","1-2023","1","CUIT: 30687276996  OPERACIONES DESDE EL 17/04/23 AL 16/05/23","271154","271154","1","271154","5550","2","4943","2023-05-24 13:27:43","5","2023-06-05 19:33:21",,"5"
"1569","138","2023-05-24","2020-09","32","1127","1342","1-2023","1-2023","1","CUIT: 34612073475","125","125","230.5","28812.5","5544","5","369","2023-05-24 13:32:58","5","2023-06-01 22:02:20",,"5"
"1570","139","2023-05-24","2020-09","32","1129","1342","4-2022","1-2023","2","CUIT: 20205862243","125","250","233","58250","5518","2","4932","2023-05-24 13:34:23","5","2023-06-01 17:21:16",,"5"
"1571","140","2023-05-24","2020-09","32","1128","1342","3-2022","4-2022","2","CUIT: 30710776357","125","250","232","58000","5546","5","371","2023-05-24 13:36:04","5","2023-06-01 22:06:59",,"5"
"1572","141","2023-05-24","2020-09","32","869","1342","1-2023","1-2023","1","CUIT: 30626391385","125","125","234","29250","5524","2","4938","2023-05-24 13:38:58","5","2023-06-01 17:37:15",,"5"
"1573","142","2023-05-24","2020-09","32","1061","1342","1-2023","1-2023","1","CUIT: 30528844746","125","125","233","29125","5498","2","4912","2023-05-24 13:39:19","5","2023-06-01 16:38:37",,"5"
"1574","143","2023-05-24","2020-09","32","1130","1342","2-2022","1-2023","4","CUIT: 20137794943","125","500","236","118000","5494","2","4908","2023-05-24 13:40:51","5","2023-06-01 16:28:02",,"5"
"1575","144","2023-05-24","2020-09","32","1055","1342","2-2022","1-2023","4","CUIT: 20119118868","125","500","236","118000","5541","5","366","2023-05-24 13:41:59","5","2023-06-01 21:55:48",,"5"
"1576","145","2023-05-24","2020-09","32","939","1342","1-2022","1-2023","5","CUIT: 30650242056 (INCLUYE  RECTIFICATIVAS 2021)","125","625","238.5","149062.5","5483","2","4899","2023-05-24 13:44:26","5","2023-05-28 10:29:56",,"5"
"1577","146","2023-05-24","2020-09","32","890","1342","1-2023","1-2023","1","CUIT: 30710873808","125","125","238.5","29812.5","5503","2","4917","2023-05-24 14:04:02","5","2023-06-01 16:47:51",,"5"
"1578","147","2023-05-24","2020-09","32","891","1342","1-2023","1-2023","1","CUIT: 30711917779","125","125","237","29625","5538","5","363","2023-05-24 14:04:39","5","2023-06-01 21:48:12",,"5"
"1579","148","2023-05-24","2020-09","32","898","1342","1-2023","1-2023","1","CUIT: 30695092233","125","125","237","29625","5539","5","364","2023-05-24 14:05:14","5","2023-06-01 21:49:38",,"5"
"1580","149","2023-05-24","2020-09","32","946","1342","1-2023","1-2023","1","CUIT: 30518801453","125","125","240.5","30062.5","5505","2","4919","2023-05-24 14:05:43","5","2023-06-01 16:53:10",,"5"
"1581","150","2023-05-24","2020-09","32","917","1342","1-2023","1-2023","1","CUIT: 30602173638","250","250","241","60250","5504","2","4918","2023-05-24 14:06:28","5","2023-06-01 16:49:55",,"5"
"1582","151","2023-05-24","2020-09","32","1015","1342","1-2023","1-2023","1","CUIT: 30628515502","125","125","238","29750","5502","2","4916","2023-05-24 14:07:03","5","2023-06-01 16:45:33",,"5"
"1583","152","2023-05-24","2020-09","32","1022","1342","1-2023","1-2023","1","CUIT: 30688359127","150","150","241.5","36225","5497","2","4911","2023-05-24 14:07:34","5","2023-06-01 16:37:10",,"5"
"1584","153","2023-05-24","2020-09","32","900","1342","1-2023","1-2023","1","CUIT: 30638611097","140","140","243.5","34090","5520","2","4934","2023-05-24 14:08:02","5","2023-06-01 17:25:31",,"5"
"1585","154","2023-05-24","2020-09","32","866","1342","1-2023","1-2023","1","CUIT: 30590162279","175","175","241.5","42262.5","5507","2","4921","2023-05-24 14:08:53","5","2023-06-01 16:56:58",,"5"
"1586","155","2023-05-24","2020-09","32","1018","1342","1-2023","1-2023","1","CUIT: 30709254630","175","175","241.5","42262.5","5506","2","4920","2023-05-24 14:09:15","5","2023-06-01 16:55:20",,"5"
"1587","156","2023-05-24","2020-09","32","908","1342","1-2023","1-2023","1","CUIT: 30643748688","175","175","241.5","42262.5","5508","2","4922","2023-05-24 14:09:39","5","2023-06-01 16:58:47",,"5"
"1588","157","2023-05-24","2020-09","32","721","1342","1-2023","1-2023","1","CUIT: 30629717958","125","125","237.5","29687.5","5527","2","4941","2023-05-24 14:10:35","5","2023-06-01 17:46:57",,"5"
"1589","158","2023-05-24","2020-09","32","979","1342","1-2023","1-2023","1","CUIT: 30600738379","125","125","241.5","30187.5","5523","2","4937","2023-05-24 14:11:12","5","2023-06-01 17:35:42",,"5"
"1590","159","2023-05-24","2020-09","32","915","1342","1-2023","1-2023","1","CUIT: 30674287085","125","125","238","29750","5495","2","4909","2023-05-24 14:11:42","5","2023-06-01 16:30:53",,"5"
"1591","160","2023-05-24","2020-09","32","916","1342","1-2023","1-2023","1","CUIT: 27215509287","100","100","238","23800","5496","2","4910","2023-05-24 14:12:13","5","2023-06-01 16:34:41",,"5"
"1592","161","2023-05-24","2020-09","32","1120","1342","1-2023","1-2023","1","CUIT: 30707916083","125","125","241.5","30187.5","5486","5","353","2023-05-24 14:12:42","5","2023-05-28 10:48:19",,"5"
"1593","162","2023-05-24","2020-09","32","929","1342","1-2023","1-2023","1","CUIT: 30715863193","125","125","241.5","30187.5","5511","2","4925","2023-05-24 14:13:42","5","2023-06-01 17:04:38",,"5"
"1594","163","2023-05-24","2020-09","32","905","1342","1-2023","1-2023","1","CUIT: 30715468294","125","125","243.5","30437.5","5512","2","4926","2023-05-24 14:14:10","5","2023-06-01 17:06:33",,"5"
"1595","164","2023-05-24","2020-09","32","1086","1342","1-2023","1-2023","1","CUIT: 30573118983","175","175","240","42000","5542","5","367","2023-05-24 14:15:34","5","2023-06-01 21:58:13",,"5"
"1596","165","2023-05-24","2020-09","32","970","1342","1-2023","1-2023","1","CUIT: 33711994209","125","125","238","29750","5534","5","359","2023-05-24 14:16:00","5","2023-06-01 21:40:28",,"5"
"1597","166","2023-05-24","2020-09","32","228","1342","1-2023","1-2023","1","CUIT: 30501579471","150","150","240","36000","5514","2","4928","2023-05-24 14:16:36","5","2023-06-01 17:09:59",,"5"
"1598","167","2023-05-24","2020-09","32","843","1342","1-2023","1-2023","1","CUIT: 30543349085","125","125","240.5","30062.5","5491","2","4905","2023-05-24 14:27:00","5","2023-06-01 16:18:30",,"5"
"1599","168","2023-05-24","2020-09","32","928","1342","1-2023","1-2023","1","CUIT: 30709151041","125","125","241","30125","5493","2","4907","2023-05-24 14:27:28","5","2023-06-01 16:22:16",,"5"
"1600","169","2023-05-24","2020-09","32","1121","1342","1-2023","1-2023","1","CUIT: 30515491615","125","125","238.5","29812.5","5543","5","368","2023-05-24 14:27:50","5","2023-06-01 21:59:59",,"5"
"1601","170","2023-05-24","2020-09","32","899","1342","1-2023","1-2023","1","CUIT: 30592724541","125","125","241","30125","5490","2","4904","2023-05-24 14:28:21","5","2023-06-01 16:16:41",,"5"
"1602","171","2023-05-24","2020-09","32","1104","1342","1-2023","1-2023","1","CUIT: 20929423926","125","125","238","29750","5515","2","4929","2023-05-24 14:28:43","5","2023-06-01 17:13:30",,"5"
"1603","172","2023-05-24","2020-09","32","933","1342","1-2023","1-2023","1","CUIT: 30708063629","125","125","240.5","30062.5","5532","5","357","2023-05-24 14:29:06","5","2023-06-01 21:37:35",,"5"
"1604","173","2023-05-24","2020-09","32","965","1342","1-2023","1-2023","1","CUIT: 30691665433","125","125","240.5","30062.5","5535","5","360","2023-05-24 14:30:07","5","2023-06-01 21:43:22",,"5"
"1605","174","2023-05-24","2020-09","32","805","1342","1-2023","1-2023","1","CUIT: 30662519746","125","125","238.5","29812.5","5545","5","370","2023-05-24 14:30:33","5","2023-06-01 22:04:16",,"5"
"1606","175","2023-05-24","2020-09","32","879","1342","1-2023","1-2023","1","CUIT: 30506357841","125","125","240.5","30062.5","5513","2","4927","2023-05-24 14:30:56","5","2023-06-01 17:08:18",,"5"
"1607","176","2023-05-24","2020-09","32","902","1342","1-2023","1-2023","1","CUIT: 30712022368","140","140","243.5","34090","5529","5","354","2023-05-24 14:31:35","5","2023-06-01 21:31:48",,"5"
"1608","177","2023-05-24","2020-09","32","1004","1342","1-2023","1-2023","1","CUIT: 30716637189","125","125","241","30125","5499","2","4913","2023-05-24 14:31:57","5","2023-06-01 16:40:51",,"5"
"1609","178","2023-05-24","2020-09","32","1048","1342","1-2023","1-2023","1","CUIT: 30708937785","125","125","240.5","30062.5","5521","2","4935","2023-05-24 14:32:20","5","2023-06-01 17:27:12",,"5"
"1610","179","2023-05-24","2020-09","32","1089","1342","1-2023","1-2023","1","CUIT: 33618610719","125","125","240.5","30062.5","5517","2","4931","2023-05-24 14:33:49","5","2023-06-01 17:17:49",,"5"
"1611","180","2023-05-24","2020-09","32","1103","1342","1-2023","1-2023","1","CUIT: 30717495027","125","125","241","30125","5549","5","374","2023-05-24 14:34:19","5","2023-06-01 22:14:18",,"5"
"1612","181","2023-05-24","2020-09","32","1035","1342","1-2023","1-2023","1","CUIT: 30709196258","140","140","243.5","34090","5526","2","4940","2023-05-24 14:34:53","5","2023-06-01 17:45:14",,"5"
"1613","182","2023-05-24","2020-09","32","1032","1342","1-2023","1-2023","1","CUIT: 30714981613","125","125","241.5","30187.5","5536","5","361","2023-05-24 14:35:17","5","2023-06-01 21:45:12",,"5"
"1614","183","2023-05-24","2020-09","32","945","1342","1-2023","1-2023","1","CUIT: 30582981341","125","125","244","30500","5537","5","362","2023-05-24 14:35:33","5","2023-06-01 21:46:34","5","5"
"1615","184","2023-05-24","2020-09","32","892","1342","1-2023","1-2023","1","CUIT: 33584584179","140","140","244","34160","5533","5","358","2023-05-24 14:37:08","5","2023-06-01 21:39:01",,"5"
"1616","185","2023-05-24","2020-09","32","435","1342","1-2023","1-2023","1","CUIT: 30617091190","125","125","243.5","30437.5","5510","2","4924","2023-05-24 14:37:38","5","2023-06-01 17:02:37",,"5"
"1617","186","2023-05-24","2020-09","32","1078","1342","1-2023","1-2023","1","CUIT: 33708759479","125","125","241.5","30187.5","5487","2","4901","2023-05-24 14:38:05","5","2023-05-28 11:03:37",,"5"
"1618","187","2023-05-24","2020-09","32","1099","1342","1-2023","1-2023","1","CUIT: 20160708833","125","125","241.5","30187.5","5516","2","4930","2023-05-24 14:38:54","5","2023-06-01 17:15:48",,"5"
"1619","188","2023-05-24","2020-09","32","938","1342","1-2023","1-2023","1","CUIT: 30604456475","125","125","244","30500","5540","5","365","2023-05-24 14:39:43","5","2023-06-01 21:53:03",,"5"
"1620","189","2023-05-24","2020-09","32","1096","1342","1-2023","1-2023","1","CUIT: 30500755195","125","125","241.5","30187.5","5548","5","373","2023-05-24 14:40:22","5","2023-06-01 22:10:22",,"5"
"1621","190","2023-05-24","2020-09","32","1106","1342","1-2023","1-2023","1","CUIT: 30703258634","125","125","241.5","30187.5","5492","2","4906","2023-05-24 14:40:50","5","2023-06-01 16:20:18",,"5"
"1622","191","2023-05-24","2020-09","32","997","1342","1-2023","1-2023","1","CUIT: 30711776008","125","125","243.5","30437.5","5528","2","4942","2023-05-24 14:41:37","5","2023-06-01 17:51:13",,"5"
"1623","192","2023-05-24","2020-09","32","1075","1342","1-2023","1-2023","1","CUIT: 30716440601","125","125","243.5","30437.5","5485","5","352","2023-05-24 14:41:58","5","2023-05-28 10:42:52",,"5"
"1624","193","2023-05-24","2020-09","32","860","1342","1-2023","1-2023","1","CUIT: 30694753201","150","150","243.5","36525","5547","5","372","2023-05-24 14:42:28","5","2023-06-01 22:08:48",,"5"
"1625","194","2023-05-24","2020-09","32","655","1342","4-2022","1-2023","2","CUIT: 33709989419","125","250","243.5","60875","5530","5","355","2023-05-24 14:43:12","5","2023-06-01 21:34:13",,"5"
"1626","195","2023-05-24","2020-09","32","1023","1342","1-2023","1-2023","1","CUIT: 30504042894","140","140","244","34160","5522","2","4936","2023-05-24 14:43:54","5","2023-06-01 17:31:29",,"5"
"1627","196","2023-05-24","2020-09","32","913","1342","1-2023","1-2023","1","CUIT: 30504023377","175","175","244","42700","5509","2","4923","2023-05-24 14:44:18","5","2023-06-01 17:00:29",,"5"
"1628","197","2023-05-24","2020-09","32","1114","1342","1-2023","1-2023","1","CUIT: 30637485837","125","125","244","30500","5501","2","4915","2023-05-24 14:45:14","5","2023-06-01 16:44:06",,"5"
"1629","198","2023-05-24","2020-09","32","1019","1342","1-2023","1-2023","1","CUIT: 30702179153","125","125","244","30500","5525","2","4939","2023-05-24 14:45:48","5","2023-06-01 17:43:03",,"5"
"1630","199","2023-05-24","2020-09","32","1050","1342","1-2023","1-2023","1","CUIT: 30716719347","125","125","244","30500","5500","2","4914","2023-05-24 14:46:10","5","2023-06-01 16:42:12",,"5"
"1631","200","2023-05-24","2020-09","32","960","1342","1-2023","1-2023","1","CUIT: 30577752210","125","125","244","30500","5519","2","4933","2023-05-24 14:47:08","5","2023-06-01 17:23:48",,"5"
"1632","201","2023-05-24","2020-09","32","1098","1342","1-2023","1-2023","1","CUIT: 30584941053","125","125","238","29750","5531","5","356","2023-05-24 17:12:56","5","2023-06-01 21:35:54",,"5"
"1633","202","2023-05-24","2020-09","32","1075","1342","3-2022","4-2022","2","CUIT: 30716440601 (ES DE COLAFRANCESCO)","125","250","220.75","55187.5","5485","5","352","2023-05-24 17:14:00","5","2023-05-28 10:42:52",,"5"
"1634","203","2023-05-24","2020-09","32","1132","1342","4-2022","1-2023","2","CUIT: 30582911408","125","250","244","61000","5484","2","4900","2023-05-24 17:14:35","5","2023-05-28 10:33:07",,"5"
"1635","204","2023-06-02","2020-09","32","1057","1342","2-2023","2-2023","1","CUIT: 30687276996 PERIODO 01/04/23 AL 31/05/23","444263","444263","1","444263","5550","2","4943","2023-06-02 09:25:15","5","2023-06-05 19:33:21",,"5"
"1636","205","2023-06-15","2020-09","32","890","1342","1-2023","1-2023","1","CUIT: 30710873808 RECUPERO IVA EXPO - (55.000 2.433.447*0,035)","140171","140171","1","140171","5556","2","4949","2023-06-15 09:48:47","5","2023-06-15 20:10:57",,"5"
"1637","206","2023-06-15","2020-09","32","1079","1342","1-2023","1-2023","1","CUIT: 30708789816","125","125","248","31000","5561","2","4954","2023-06-15 09:50:16","5","2023-06-15 20:21:20",,"5"
"1638","207","2023-06-15","2020-09","32","1042","1342","4-2022","1-2023","2","CUIT: 30716051338","125","250","248.5","62125","5553","2","4946","2023-06-15 09:51:12","5","2023-06-15 20:03:34",,"5"
"1639","208","2023-06-15","2020-09","32","1088","1342","1-2023","1-2023","1","CUIT: 30717522512","125","125","248","31000","5552","2","4945","2023-06-15 09:51:42","5","2023-06-15 20:01:13",,"5"
"1640","209","2023-06-15","2020-09","32","1036","1342","4-2022","1-2023","2","CUIT: 30709511846","125","250","248.5","62125","5554","2","4947","2023-06-15 10:19:04","5","2023-06-15 20:05:29",,"5"
"1641","210","2023-06-15","2020-09","32","953","1342","1-2023","1-2023","1","CUIT: 30711416028","125","125","249","31125","5562","5","375","2023-06-15 10:19:36","5","2023-06-15 20:24:49",,"5"
"1642","211","2023-06-15","2020-09","32","1133","1342","2-2022","1-2023","4","CUIT: 20130823530","125","500","252.5","126250","5555","2","4948","2023-06-15 10:21:23","5","2023-06-15 20:08:29",,"5"
"1643","212","2023-06-15","2020-09","32","1008","1342","1-2023","1-2023","1","CUIT: 30707822917","125","125","252.5","31562.5","5559","2","4952","2023-06-15 10:22:02","5","2023-06-15 20:17:57",,"5"
"1644","213","2023-06-15","2020-09","32","1014","1342","1-2023","1-2023","1","CUIT: 30709988367","125","125","252.5","31562.5","5557","2","4950","2023-06-15 10:48:00","5","2023-06-15 20:13:09",,"5"
"1645","214","2023-06-15","2020-09","32","1134","1342","3-2020","3-2020","1","CUIT: 30605497140","125","125","252.5","31562.5","5593","5","382","2023-06-15 10:49:39","5","2023-06-21 14:03:06","5","5"
"1646","215","2023-06-15","2020-09","32","1134","1342","1-2023","1-2023","1","CUIT: 30605497140","125","125","252.5","31562.5","5593","5","382","2023-06-15 10:49:57","5","2023-06-21 14:03:06",,"5"
"1647","216","2023-06-15","2020-09","32","1135","1342","4-2022","1-2023","2","CUIT: 30700967944","125","250","254","63500","5564","5","377","2023-06-15 10:50:57","5","2023-06-15 20:29:23",,"5"
"1648","217","2023-06-15","2020-09","32","1137","1342","1-2023","1-2023","1","CUIT: 30700987457","125","125","254.5","31812.5","5560","2","4953","2023-06-15 10:53:31","5","2023-06-15 20:19:56",,"5"
"1649","218","2023-06-15","2020-09","32","1139","1342","1-2023","1-2023","1","CUIT: 30717670082","125","125","255.5","31937.5","5563","5","376","2023-06-15 10:54:06","5","2023-06-15 20:27:19",,"5"
"1650","219","2023-06-15","2020-09","32","1140","1342","4-2022","1-2023","2","CUIT: 30707508716","125","250","256.5","64125","5565","5","378","2023-06-15 10:54:58","5","2023-06-15 20:33:26",,"5"
"1651","220","2023-06-15","2020-09","32","1141","1342","2-2022","1-2023","4","CUIT: 30716800128","125","500","256","128000","5558","2","4951","2023-06-15 10:55:58","5","2023-06-15 20:15:40",,"5"
"1652","221","2023-06-29","2020-09","32","1136","1342","2-2022","1-2023","4","CUIT: 30710727518","125","500","266","133000","5599","5","386","2023-06-29 17:26:15","5","2023-07-01 10:18:24",,"5"
"1653","222","2023-07-03","2020-09","32","1057","1342","2-2023","2-2023","1","CUIT: 30687276996 (OPERACIONES DESDE EL 01/06/23 AL 30/06/23)","358947","358947","1","358947","5621","2","4998","2023-07-03 09:18:32","5","2023-07-14 16:41:05",,"5"
"1654","223","2023-07-13","2020-09","32","1145","1342","1-2023","1-2023","1","CUIT: 30716315270","175","175","263.5","46112.5","5620","2","4997","2023-07-13 11:45:57","5","2023-07-14 16:37:49",,"5"
"1655","224","2023-07-13","2020-09","32","900","1342","4-2022","4-2022","1","CUIT: 30638611097 (ANUAL 2022)","531","531","273","144963","5623","2","5000","2023-07-13 11:47:11","5","2023-07-14 16:45:48",,"5"
"1656","225","2023-07-13","2020-09","32","866","1342","4-2021","4-2021","1","CUIT: 30590162279 (ANUAL 2021)","485","485","274.5","133132.5","5619","2","4996","2023-07-13 11:48:20","5","2023-07-14 16:35:50",,"5"
"1657","226","2023-07-13","2020-09","32","866","1342","4-2022","4-2022","1","CUIT: 30590162279 (ANUAL 2022)","485","485","275","133375","5619","2","4996","2023-07-13 11:49:00","5","2023-07-14 16:35:50",,"5"
"1658","227","2023-07-13","2020-09","32","899","1342","4-2022","4-2022","1","CUIT: 30592724541 (ANUAL 2022)","500","500","273","136500","5622","2","4999","2023-07-13 11:49:42","5","2023-07-14 16:43:44",,"5"
"1659","228","2023-07-13","2020-09","32","435","1342","4-2022","4-2022","1","CUIT: 30617091190 (ANUAL 2022)","500","500","267","133500","5618","2","4995","2023-07-13 11:51:42","5","2023-07-14 16:32:46",,"5"
"1660","229","2023-07-13","2020-09","32","913","1342","4-2022","4-2022","1","CUIT: 30504023377","500","500","267","133500","5617","2","4994","2023-07-13 11:52:25","5","2023-07-14 16:29:39",,"5"
"1661","230","2023-07-13","2020-09","32","994","1342","4-2022","1-2023","2","CUIT: 30711954046","125","250","267","66750","5624","2","5001","2023-07-13 11:53:21","5","2023-07-14 20:02:08",,"5"
"1662","231","2023-07-13","2020-09","32","1017","1342","2-2023","2-2023","1","CUIT: 30628395450","150","150","270.5","40575","5631","2","5008","2023-07-13 11:53:54","5","2023-07-14 20:24:32",,"5"
"1663","232","2023-07-13","2020-09","32","1071","1342","2-2023","2-2023","1","CUIT: 30696223757","150","150","270.5","40575","5625","2","5002","2023-07-13 11:54:18","5","2023-07-14 20:05:15",,"5"
"1664","233","2023-07-13","2020-09","32","1097","1342","2-2023","2-2023","1","CUIT: 33539811059","150","150","270.5","40575","5628","2","5005","2023-07-13 11:54:37","5","2023-07-14 20:18:16",,"5"
"1665","234","2023-07-13","2020-09","32","1090","1342","2-2023","2-2023","1","CUIT: 30715799800","125","125","270.5","33812.5","5629","2","5006","2023-07-13 11:55:01","5","2023-07-14 20:20:09",,"5"
"1666","235","2023-07-13","2020-09","32","879","1342","3-2020","4-2020","2","CUIT: 30506357841 (BONIFICACIÓN DE 2 PERIODOS POR RECTIFICATIVAS)","0","0","0","0","5627","2","5004","2023-07-13 11:59:42","5","2023-07-14 20:15:11",,"5"
"1667","236","2023-07-13","2020-09","32","879","1342","3-2021","4-2021","2","CUIT: 30506357841 RECTIFICATIVAS","125","250","271.5","67875","5627","2","5004","2023-07-13 12:00:26","5","2023-07-14 20:15:11",,"5"
"1668","237","2023-07-13","2020-09","32","879","1342","2-2022","4-2022","3","CUIT: 30506357841","125","375","271.5","101812.5","5627","2","5004","2023-07-13 12:01:38","5","2023-07-14 20:15:11",,"5"
"1669","238","2023-07-13","2020-09","32","1142","1342","1-2023","2-2023","2","CUIT: 30708640979","125","250","274.5","68625","5626","2","5003","2023-07-13 12:03:07","5","2023-07-14 20:08:32",,"5"
"1670","239","2023-07-13","2020-09","32","942","1342","2-2023","2-2023","1","CUIT: 30708146621","100","100","274.5","27450","5632","5","391","2023-07-13 12:03:35","5","2023-07-14 20:26:56",,"5"
"1671","240","2023-07-13","2020-09","32","932","1342","1-2023","2-2023","2","CUIT: 30716102188","125","250","275","68750","5630","2","5007","2023-07-13 12:04:40","5","2023-07-14 20:22:35",,"5"
"1672","241","2023-07-26","2020-09","32","1115","1342","1-2023","2-2023","2","CUIT: 30715705830","125","250","276.5","69125","5663","2","5036","2023-07-26 11:11:36","5","2023-07-26 17:04:41",,"5"
"1673","242","2023-07-26","2020-09","32","1148","1342","1-2023","2-2023","2","CUIT: 30707792007","125","250","276.5","69125","5667","5","396","2023-07-26 11:27:05","5","2023-07-26 17:16:39",,"5"
"1674","243","2023-07-26","2020-09","32","937","1342","2-2023","2-2023","1","CUIT: 30714838411","125","125","277","34625","5662","2","5035","2023-07-26 11:27:39","5","2023-07-26 17:02:39",,"5"
"1675","244","2023-07-26","2020-09","32","904","1342","2-2023","2-2023","1","CUIT: 30504437546","125","125","279","34875","5668","5","397","2023-07-26 11:28:15","5","2023-07-26 17:18:32",,"5"
"1676","245","2023-07-26","2020-09","32","915","1342","2-2023","2-2023","1","CUIT: 30674287085","125","125","277","34625","5660","2","5033","2023-07-26 11:28:51","5","2023-07-26 16:50:39",,"5"
"1677","246","2023-07-26","2020-09","32","916","1342","2-2023","2-2023","1","CUIT: 27215509287","100","100","277","27700","5661","2","5034","2023-07-26 11:29:56","5","2023-07-26 16:56:27",,"5"
"1678","247","2023-07-26","2020-09","32","1147","1342","4-2022","2-2023","3","CUIT: 20296465438","125","375","279","104625","5669","5","398","2023-07-26 11:32:31","5","2023-07-26 17:21:36",,"5"
"1679","248","2023-07-26","2020-09","32","1151","1342","4-2022","1-2023","2","CUIT: 30710397283","125","250","280","70000","5665","2","5038","2023-07-26 11:33:20","5","2023-07-26 17:09:28",,"5"
"1680","249","2023-07-26","2020-09","32","1154","1342","1-2023","2-2023","2","CUIT: 20280331954","125","250","283.5","70875","5670","5","399","2023-07-26 11:34:09","5","2023-07-26 17:23:39",,"5"
"1681","250","2023-07-26","2020-09","32","1125","1342","1-2023","2-2023","2","CUIT: 30690867393","125","250","283.5","70875","5664","2","5037","2023-07-26 11:34:36","5","2023-07-26 17:07:02",,"5"
"1682","251","2023-07-26","2020-09","32","526","1342","4-2022","4-2022","1","CUIT: 30686241749 - DDJJ ANUAL 2022 - OC N° 4500414978","550","550","272.5","149875","5671","2","5039","2023-07-26 17:29:53","5","2023-07-27 18:56:43",,"5"
"1683","252","2023-08-07","2020-09","32","1057","1342","2-2023","2-2023","1","CUIT: 30687276996 OPERACIONES DESDE EL 01/07/23 AL 31/07/23","58901","58901","1","58901","5691","2","5051","2023-08-07 15:08:39","5","2023-08-07 19:33:15",,"5"
"1684","253","2023-08-07","2020-09","32","1137","1342","2-2023","2-2023","1","CUIT: 30700987457","125","125","291","36375","5688","2","5048","2023-08-07 15:16:18","5","2023-08-07 19:26:57",,"5"
"1685","254","2023-08-07","2020-09","32","840","1342","2-2023","2-2023","1","CUIT: 33708829639","150","150","290","43500","5689","2","5049","2023-08-07 15:16:57","5","2023-08-07 19:29:02",,"5"
"1686","255","2023-08-07","2020-09","32","1074","1342","2-2023","2-2023","1","CUIT: 30716356678","125","125","284","35500","5675","5","401","2023-08-07 15:17:41","5","2023-08-07 18:58:08",,"5"
"1687","256","2023-08-07","2020-09","32","1061","1342","2-2023","2-2023","1","CUIT: 30528844746","125","125","287.5","35937.5","5682","2","5042","2023-08-07 15:18:15","5","2023-08-07 19:15:44",,"5"
"1688","257","2023-08-07","2020-09","32","1106","1342","2-2023","2-2023","1","CUIT: 30703258634 CERTIFICACION DE DEUDA (SUMAR GASTOS 1.800)","17000","17000","1","17000","5692","2","5052","2023-08-07 15:19:21","5","2023-08-07 19:37:54",,"5"
"1689","258","2023-08-07","2020-09","32","1099","1342","2-2023","2-2023","1","CUIT: 20160708833","125","125","287.5","35937.5","5684","2","5044","2023-08-07 15:20:51","5","2023-08-07 19:19:19",,"5"
"1690","259","2023-08-07","2020-09","32","902","1342","2-2023","2-2023","1","CUIT: 30712022368","140","140","292","40880","5674","5","400","2023-08-07 15:21:14","5","2023-08-07 18:55:36",,"5"
"1691","260","2023-08-07","2020-09","32","1127","1342","2-2023","2-2023","1","CUIT: 34612073475","125","125","287.5","35937.5","5679","5","405","2023-08-07 15:21:43","5","2023-08-07 19:06:15",,"5"
"1692","261","2023-08-07","2020-09","32","1083","1342","1-2023","2-2023","2","CUIT: 23259940419","125","250","287.5","71875","5681","5","407","2023-08-07 15:22:15","5","2023-08-07 19:10:17",,"5"
"1693","262","2023-08-07","2020-09","32","805","1342","2-2023","2-2023","1","CUIT: 30662519746","125","125","290","36250","5680","5","406","2023-08-07 15:22:40","5","2023-08-07 19:08:11",,"5"
"1694","263","2023-08-07","2020-09","32","997","1342","2-2023","2-2023","1","CUIT: 30711776008","125","125","290","36250","5690","2","5050","2023-08-07 15:23:01","5","2023-08-07 19:30:41",,"5"
"1695","264","2023-08-07","2020-09","32","1072","1342","2-2023","2-2023","1","CUIT: 30714848034","125","125","291","36375","5685","2","5045","2023-08-07 15:23:27","5","2023-08-07 19:21:01",,"5"
"1696","265","2023-08-07","2020-09","32","1073","1342","2-2023","2-2023","1","CUIT: 33691265949","125","125","291","36375","5686","2","5046","2023-08-07 15:23:42","5","2023-08-07 19:22:36",,"5"
"1697","266","2023-08-07","2020-09","32","970","1342","2-2023","2-2023","1","CUIT: 33711994209","125","125","288.5","36062.5","5677","5","403","2023-08-07 15:24:28","5","2023-08-07 19:02:10",,"5"
"1698","267","2023-08-07","2020-09","32","1015","1342","2-2023","2-2023","1","CUIT: 30628515502","125","125","288.5","36062.5","5683","2","5043","2023-08-07 15:24:56","5","2023-08-07 19:17:39",,"5"
"1699","268","2023-08-07","2020-09","32","1121","1342","2-2023","2-2023","1","CUIT: 30515491615","125","125","290","36250","5678","5","404","2023-08-07 15:25:18","5","2023-08-07 19:04:21",,"5"
"1700","269","2023-08-07","2020-09","32","944","1342","2-2023","2-2023","1","CUIT: 30708784164","125","125","291","36375","5676","5","402","2023-08-07 15:25:35","5","2023-08-07 19:00:04",,"5"
"1701","270","2023-08-07","2020-09","32","869","1342","2-2023","2-2023","1","CUIT: 30626391385","125","125","292","36500","5687","2","5047","2023-08-07 15:25:55","5","2023-08-07 19:24:46",,"5"
"1702","271","2023-08-10","2023-08","4","843","1342","1-2023","2-2023","2","Cuit: 30543349085","125","250","300","75000",,,,"2023-08-10 14:56:04","1","2023-08-10 15:43:37","1","5"
"1703","272","2023-08-30","2020-09","32","892","1342","2-2023","2-2023","1","CUIT: 33584584179","140","140","294","41160","5739","5","426","2023-08-30 18:12:18","5","2023-09-01 14:47:09",,"5"
"1704","273","2023-08-30","2020-09","32","1111","1342","1-2023","2-2023","2","CUIT: 30708447087","125","250","295","73750","5758","2","5088","2023-08-30 18:13:47","5","2023-09-02 15:40:26",,"5"
"1705","274","2023-08-30","2020-09","32","1086","1342","2-2023","2-2023","1","CUIT: 30573118983","175","175","295","51625","5745","5","431","2023-08-30 18:14:06","5","2023-09-02 14:11:27",,"5"
"1706","275","2023-08-30","2020-09","32","971","1342","2-2023","2-2023","1","CUIT: 20108971747","125","125","293","36625","5770","2","5100","2023-08-30 18:14:25","5","2023-09-02 16:07:52",,"5"
"1707","276","2023-08-30","2020-09","32","955","1342","2-2023","2-2023","1","CUIT: 30503865455","125","125","294","36750","5786","2","5116","2023-08-30 18:14:45","5","2023-09-02 19:08:23",,"5"
"1708","277","2023-08-30","2020-09","32","1005","1342","2-2023","2-2023","1","CUIT: 30709025755","125","125","294","36750","5736","5","423","2023-08-30 18:15:21","5","2023-09-01 14:41:58",,"5"
"1709","278","2023-08-30","2020-09","32","1145","1342","2-2023","2-2023","1","CUIT: 30716315270","175","175","365.5","63962.5","5762","2","5092","2023-08-30 18:15:41","5","2023-09-02 15:53:36",,"5"
"1710","279","2023-08-30","2020-09","32","908","1342","2-2023","2-2023","1","CUIT: 30643748688","175","175","365.5","63962.5","5764","2","5094","2023-08-30 18:15:59","5","2023-09-02 15:57:30",,"5"
"1711","280","2023-08-30","2020-09","32","1018","1342","2-2023","2-2023","1","CUIT: 30709254630","175","175","365.5","63962.5","5761","2","5091","2023-08-30 18:16:25","5","2023-09-02 15:51:52",,"5"
"1712","281","2023-08-30","2020-09","32","1035","1342","2-2023","2-2023","1","CUIT: 30709196258","140","140","365.5","51170","5788","2","5118","2023-08-30 18:17:07","5","2023-09-02 19:11:39",,"5"
"1713","282","2023-08-30","2020-09","32","946","1342","2-2023","2-2023","1","CUIT: 30518801453","125","125","365.5","45687.5","5772","2","5102","2023-08-30 18:17:25","5","2023-09-02 18:24:50",,"5"
"1714","283","2023-08-30","2020-09","32","900","1342","2-2023","2-2023","1","CUIT: 30638611097","140","140","365.5","51170","5782","2","5112","2023-08-30 18:17:42","5","2023-09-02 19:01:33",,"5"
"1715","284","2023-08-30","2020-09","32","1095","1342","1-2023","2-2023","2","CUIT: 30501493240","125","250","365.5","91375","5730","2","5080","2023-08-30 18:17:59","5","2023-09-01 14:25:22",,"5"
"1716","285","2023-08-30","2020-09","32","843","1342","2-2023","2-2023","1","CUIT: 30543349085","125","125","296","37000","5766","2","5096","2023-08-30 18:18:22","5","2023-09-02 16:01:26",,"5"
"1717","286","2023-08-30","2020-09","32","1151","1342","2-2023","2-2023","1","CUIT: 30710397283","125","125","295","36875","5778","2","5108","2023-08-30 18:18:36","5","2023-09-02 18:36:33",,"5"
"1718","287","2023-08-30","2020-09","32","1096","1342","2-2023","2-2023","1","CUIT: 30500755195","125","125","296","37000","5749","5","435","2023-08-30 18:19:04","5","2023-09-02 14:18:16",,"5"
"1719","288","2023-08-30","2020-09","32","655","1342","2-2023","2-2023","1","CUIT: 33709989419","125","125","295","36875","5735","5","422","2023-08-30 18:19:19","5","2023-09-01 14:37:50",,"5"
"1720","289","2023-08-30","2020-09","32","1101","1342","2-2023","2-2023","1","CUIT: 30501025417","125","125","295","36875","5734","5","421","2023-08-30 18:19:34","5","2023-09-01 14:36:14",,"5"
"1721","290","2023-08-30","2020-09","32","1129","1342","2-2023","2-2023","1","CUIT: 20205862243","125","125","296","37000","5780","2","5110","2023-08-30 18:19:55","5","2023-09-02 18:58:13",,"5"
"1722","291","2023-08-30","2020-09","32","979","1342","2-2023","2-2023","1","CUIT: 30600738379","125","125","365.5","45687.5","5785","2","5115","2023-08-30 18:20:13","5","2023-09-02 19:06:46",,"5"
"1723","292","2023-08-30","2020-09","32","1075","1342","2-2023","2-2023","1","CUIT: 30716440601","125","125","296","37000","5746","5","432","2023-08-30 18:20:28","5","2023-09-02 14:13:01",,"5"
"1724","293","2023-08-30","2020-09","32","866","1342","2-2023","2-2023","1","CUIT: 30590162279","175","175","365.5","63962.5","5763","2","5093","2023-08-30 18:21:10","5","2023-09-02 15:55:40",,"5"
"1725","294","2023-08-30","2020-09","32","917","1342","2-2023","2-2023","1","CUIT: 30602173638","250","250","365.5","91375","5771","2","5101","2023-08-30 18:21:25","5","2023-09-02 18:23:11",,"5"
"1726","295","2023-08-30","2020-09","32","1105","1342","1-2023","2-2023","2","CUIT: 20339854387","125","250","365.5","91375","5728","5","416","2023-08-30 18:21:45","5","2023-09-01 14:19:50",,"5"
"1727","296","2023-08-30","2020-09","32","1048","1342","2-2023","2-2023","1","CUIT: 30708937785","125","125","365.5","45687.5","5783","2","5113","2023-08-30 18:22:17","5","2023-09-02 19:03:08",,"5"
"1728","297","2023-08-30","2020-09","32","891","1342","2-2023","2-2023","1","CUIT: 30711917779","125","125","365.5","45687.5","5742","5","428","2023-08-30 18:22:33","5","2023-09-02 14:01:40",,"5"
"1729","298","2023-08-30","2020-09","32","898","1342","2-2023","2-2023","1","CUIT: 30695092233","125","125","365.5","45687.5","5743","5","429","2023-08-30 18:22:48","5","2023-09-02 14:03:23",,"5"
"1730","299","2023-08-30","2020-09","32","721","1342","2-2023","2-2023","1","CUIT: 30629717958","125","125","365.5","45687.5","5790","2","5120","2023-08-30 18:23:07","5","2023-09-02 19:14:40",,"5"
"1731","300","2023-08-30","2020-09","32","1089","1342","2-2023","2-2023","1","CUIT: 33618610719","125","125","365.5","45687.5","5779","2","5109","2023-08-30 18:23:23","5","2023-09-02 18:38:45",,"5"
"1732","301","2023-08-30","2020-09","32","899","1342","2-2023","2-2023","1","CUIT: 30592724541","125","125","365.5","45687.5","5765","2","5095","2023-08-30 18:24:17","5","2023-09-02 15:59:39",,"5"
"1733","302","2023-08-30","2020-09","32","879","1342","2-2023","2-2023","1","CUIT: 30506357841","125","125","365.5","45687.5","5776","2","5106","2023-08-30 18:24:31","5","2023-09-02 18:33:18",,"5"
"1734","303","2023-08-30","2020-09","32","1032","1342","2-2023","2-2023","1","CUIT: 30714981613","125","125","365.5","45687.5","5740","5","427","2023-08-30 18:24:44","5","2023-09-01 14:50:49",,"5"
"1735","304","2023-08-30","2020-09","32","945","1342","2-2023","2-2023","1","CUIT: 30582981341","125","125","365.5","45687.5","5741","2","5081","2023-08-30 18:25:00","5","2023-09-01 14:52:35",,"5"
"1736","305","2023-08-30","2020-09","32","890","1342","2-2023","2-2023","1","CUIT: 30710873808","125","125","365.5","45687.5","5769","2","5099","2023-08-30 18:25:16","5","2023-09-02 16:06:24",,"5"
"1737","306","2023-08-30","2020-09","32","228","1342","2-2023","2-2023","1","CUIT: 30501579471","150","150","365.5","54825","5777","2","5107","2023-08-30 18:25:54","5","2023-09-02 18:35:02",,"5"
"1738","307","2023-08-30","2020-09","32","953","1342","2-2023","2-2023","1","CUIT: 30711416028","125","125","365.5","45687.5","5731","5","418","2023-08-30 18:26:09","5","2023-09-01 14:27:56",,"5"
"1739","308","2023-08-30","2020-09","32","1094","1342","1-2023","2-2023","2","CUIT: 30695057020","125","250","365.5","91375","5729","5","417","2023-08-30 18:26:27","5","2023-09-01 14:22:27",,"5"
"1740","309","2023-08-30","2020-09","32","435","1342","2-2023","2-2023","1","CUIT: 30617091190","125","125","365.5","45687.5","5760","2","5090","2023-08-30 18:26:41","5","2023-09-02 15:48:51",,"5"
"1741","310","2023-08-30","2020-09","32","1132","1342","2-2023","2-2023","1","CUIT: 30582911408","125","125","365.5","45687.5","5775","2","5105","2023-08-30 18:26:57","5","2023-09-02 18:31:47",,"5"
"1742","311","2023-08-30","2020-09","32","933","1342","2-2023","2-2023","1","CUIT: 30708063629","125","125","365.5","45687.5","5738","5","425","2023-08-30 18:27:11","5","2023-09-01 14:45:39",,"5"
"1743","312","2023-08-30","2020-09","32","1004","1342","2-2023","2-2023","1","CUIT: 30716637189","125","125","365.5","45687.5","5774","2","5104","2023-08-30 18:27:32","5","2023-09-02 18:29:44",,"5"
"1744","313","2023-08-30","2020-09","32","928","1342","2-2023","2-2023","1","CUIT: 30709151041","125","125","365.5","45687.5","5767","2","5097","2023-08-30 18:27:50","5","2023-09-02 16:03:28",,"5"
"1745","314","2023-08-30","2020-09","32","1022","1342","2-2023","2-2023","1","CUIT: 30688359127","150","150","365.5","54825","5768","2","5098","2023-08-30 18:28:18","5","2023-09-02 16:05:02",,"5"
"1746","315","2023-08-30","2020-09","32","1008","1342","2-2023","2-2023","1","CUIT: 30707822917","125","125","365.5","45687.5","5781","2","5111","2023-08-30 18:28:32","5","2023-09-02 18:59:45",,"5"
"1747","316","2023-08-31","2020-09","32","913","1342","2-2023","2-2023","1","CUIT: 30504023377","175","175","365.5","63962.5","5759","2","5089","2023-08-31 08:50:30","5","2023-09-02 15:46:02",,"5"
"1748","317","2023-08-31","2020-09","32","1102","1342","2-2023","2-2023","1","CUIT: 307096239972","125","125","365.5","45687.5","5733","5","420","2023-08-31 08:51:46","5","2023-09-01 14:32:51",,"5"
"1749","318","2023-08-31","2020-09","32","1078","1342","2-2023","2-2023","1","CUIT: 33708759479","125","125","365.5","45687.5","5789","2","5119","2023-08-31 08:53:27","5","2023-09-02 19:13:13",,"5"
"1750","319","2023-08-31","2020-09","32","1023","1342","2-2023","2-2023","1","CUIT: 30504042894","140","140","365.5","51170","5784","2","5114","2023-08-31 08:58:55","5","2023-09-02 19:04:58",,"5"
"1751","320","2023-08-31","2020-09","32","1120","1342","2-2023","2-2023","1","CUIT: 30707916083","125","125","365.5","45687.5","5747","5","433","2023-08-31 08:59:18","5","2023-09-02 14:15:12",,"5"
"1752","321","2023-08-31","2020-09","32","1159","1342","2-2023","2-2023","1","CUIT: 20256836581","125","125","365.5","45687.5","5737","5","424","2023-08-31 08:59:54","5","2023-09-01 14:44:00",,"5"
"1753","322","2023-08-31","2020-09","32","1139","1342","2-2023","2-2023","1","CUIT: 30717670082","125","125","365.5","45687.5","5732","5","419","2023-08-31 09:00:23","5","2023-09-01 14:30:35",,"5"
"1754","323","2023-08-31","2020-09","32","860","1342","2-2023","2-2023","1","CUIT: 30694753201","150","150","365.5","54825","5748","5","434","2023-08-31 09:00:48","5","2023-09-02 14:16:49",,"5"
"1755","324","2023-08-31","2020-09","32","938","1342","2-2023","2-2023","1","CUIT: 30604456475","125","125","365.5","45687.5","5744","5","430","2023-08-31 09:02:43","5","2023-09-02 14:08:37",,"5"
"1756","325","2023-08-31","2020-09","32","1079","1342","2-2023","2-2023","1","CUIT: 30708789816","125","125","365.5","45687.5","5787","2","5117","2023-08-31 09:03:14","5","2023-09-02 19:10:00",,"5"
"1757","326","2023-08-31","2020-09","32","1106","1342","2-2023","2-2023","1","CUIT: 30703258634","125","125","365.5","45687.5","5773","2","5103","2023-08-31 09:03:49","5","2023-09-02 18:27:41",,"5"
"1758","327","2023-09-01","2023-09","32","1057","1342","2-2023","2-2023","1","CUIT: 30687276996 OPERACIONES DESDE EL 01/08/23 AL 31/08/23","142527","142527","1","142527","5791","2","5121","2023-09-01 15:18:41","5","2023-09-02 19:20:19","1","5"
"1759","328","2023-09-11","2020-09","32","905","1342","2-2023","2-2023","1","CUIT: 30715468294","125","125","365.5","45687.5","5805","2","5128","2023-09-11 10:48:50","5","2023-09-11 14:52:09",,"5"
"1760","329","2023-09-11","2020-09","32","929","1342","2-2023","2-2023","1","CUIT: 30715863193","125","125","365.5","45687.5","5806","2","5129","2023-09-11 10:49:02","5","2023-09-11 14:53:29",,"5"
"1761","330","2023-09-11","2020-09","32","902","1342","2-2023","2-2023","1","CUIT: 30712022368 RECTIFICATIVA","140","140","365.5","51170","5797","5","440","2023-09-11 10:49:51","5","2023-09-11 14:34:53",,"5"
"1762","331","2023-09-11","2020-09","32","944","1342","2-2023","2-2023","1","CUIT: 30708784164 RECTIFICATIVA","125","125","365.5","45687.5","5801","5","444","2023-09-11 10:50:27","5","2023-09-11 14:43:45",,"5"
"1763","332","2023-09-11","2020-09","32","983","1342","4-2022","2-2023","3","CUIT: 27228624042","125","375","365.5","137062.5","5798","5","441","2023-09-11 10:52:06","5","2023-09-11 14:37:50",,"5"
"1764","333","2023-09-11","2020-09","32","1161","1342","2-2023","2-2023","1","CUIT: 30707441360","125","125","365.5","45687.5","5802","2","5125","2023-09-11 10:55:55","5","2023-09-11 14:47:37",,"5"
"1765","334","2023-09-11","2020-09","32","1104","1342","2-2023","2-2023","1","CUIT: 20929423926","125","125","365.5","45687.5","5803","2","5126","2023-09-11 10:56:16","5","2023-09-11 14:49:07",,"5"
"1766","335","2023-09-11","2020-09","32","1163","1342","2-2023","2-2023","1","CUIT: 30710765045","125","125","365.5","45687.5","5800","5","443","2023-09-11 10:57:06","5","2023-09-11 14:41:57",,"5"
"1767","336","2023-09-11","2020-09","32","1019","1342","2-2023","2-2023","1","CUIT: 30702179153","125","125","365.5","45687.5","5804","2","5127","2023-09-11 11:03:58","5","2023-09-11 14:50:44",,"5"
"1768","337","2023-09-11","2020-09","32","1135","1342","2-2023","2-2023","1","CUIT: 30700967944","125","125","365.5","45687.5","5799","5","442","2023-09-11 11:04:16","5","2023-09-11 14:39:53",,"5"
"1769","338","2023-09-29","2020-09","32","1164","1342","2-2023","2-2023","1","CUIT: 30715548999","125","125","365.5","45687.5","5839","5","452","2023-09-29 11:12:40","5","2023-10-02 14:18:37",,"5"
"1770","339","2023-09-29","2020-09","32","1156","1342","1-2023","2-2023","2","CUIT: 30714749850","175","350","365.5","127925","5844","2","5157","2023-09-29 11:13:02","5","2023-10-02 14:47:24",,"5"
"1771","340","2023-09-29","2020-09","32","1114","1342","2-2023","2-2023","1","CUIT: 30637485837","125","125","365.5","45687.5","5843","2","5156","2023-09-29 11:13:25","5","2023-10-02 14:44:10",,"5"
"1772","341","2023-09-29","2020-09","32","1050","1342","2-2023","2-2023","1","CUIT: 30716719347","125","125","365.5","45687.5","5842","2","5155","2023-09-29 11:13:42","5","2023-10-02 14:42:33",,"5"
"1773","342","2023-09-29","2020-09","32","965","1342","2-2023","2-2023","1","CUIT: 30691665433 RECTIFICATIVA","125","125","365.5","45687.5","5840","5","453","2023-09-29 11:16:10","5","2023-10-02 14:21:10",,"5"
"1774","343","2023-10-02","2020-09","32","1166","1342","4-2022","2-2023","3","CUIT: 30591058939","125","375","365.5","137062.5","5838","5","451","2023-10-02 11:00:09","5","2023-10-02 14:16:42",,"5"
"1775","344","2023-10-02","2023-10","4","1057","1342","3-2023","3-2023","1","CUIT: 30687276996 OPERACIONES DESDE EL 01/09/23 AL 30/09/23 1° PARTE","900000","900000","1","900000",,,,"2023-10-02 11:02:35","5","2023-10-02 13:58:38","1","5"
"1776","345","2023-10-02","2023-10","4","1057","1342","3-2023","3-2023","1","CUIT: 30687276996 OPERACIONES DESDE EL 01/09/23 AL 30/09/23 1° PARTE","136108","136108","1","136108",,,,"2023-10-02 11:03:15","5","2023-10-02 13:58:54","1","5"
"1777","346","2023-10-02","2023-10","32","1057","1342","1-2023","1-2023","1","Cuit: 30687276996","1036108","1036108","1","1036108","5845","2","5158","2023-10-02 12:05:29","1","2023-10-02 14:49:20","1","5"
"1778","347","2023-10-02","2020-09","32","526","1342","2-2023","2-2023","1","CUIT: 30686241749 OC 4500425790","140","140","291","40740","5846","2","5159","2023-10-02 17:12:12","5","2023-10-02 18:17:18",,"5"
"1779","348","2023-10-17","2020-09","32","965","1342","2-2023","2-2023","1","CUIT: 30691665433","125","125","365.5","45687.5","5874","2","5182","2023-10-17 08:47:30","5","2023-10-17 15:05:18",,"5"
"1780","349","2023-10-17","2020-09","32","1129","1342","3-2023","3-2023","1","CUIT: 20205862243","125","125","365.5","45687.5","5881","2","5189","2023-10-17 08:49:54","5","2023-10-17 15:18:19",,"5"
"1781","350","2023-10-17","2020-09","32","1115","1342","3-2023","3-2023","1","CUIT: 30715705830","125","125","365.5","45687.5","5876","2","5184","2023-10-17 08:50:18","5","2023-10-17 15:10:09",,"5"
"1782","351","2023-10-17","2020-09","32","1071","1342","3-2023","3-2023","1","CUIT: 30696223757","150","150","365.5","54825","5878","2","5186","2023-10-17 08:50:43","5","2023-10-17 15:13:51",,"5"
"1783","352","2023-10-17","2020-09","32","1017","1342","3-2023","3-2023","1","CUIT: 30628395450","150","150","365.5","54825","5879","2","5187","2023-10-17 08:50:59","5","2023-10-17 15:15:20",,"5"
"1784","353","2023-10-17","2020-09","32","1097","1342","3-2023","3-2023","1","CUIT: 33539811059","150","150","365.5","54825","5880","2","5188","2023-10-17 08:51:11","5","2023-10-17 15:16:54",,"5"
"1785","354","2023-10-17","2020-09","32","942","1342","3-2023","3-2023","1","CUIT: 30708146621","100","100","365.5","36550","5873","5","459","2023-10-17 08:51:40","5","2023-10-17 15:00:03",,"5"
"1786","355","2023-10-17","2020-09","32","1161","1342","3-2023","3-2023","1","CUIT: 30707441360","125","125","365.5","45687.5","5877","2","5185","2023-10-17 08:52:11","5","2023-10-17 15:11:42",,"5"
"1787","356","2023-10-17","2020-09","32","937","1342","3-2023","3-2023","1","CUIT: 30714838411","125","125","365.5","45687.5","5875","2","5183","2023-10-17 08:52:30","5","2023-10-17 15:08:14",,"5"
"1788","357","2023-10-17","2020-09","32","1023","1342","3-2023","3-2023","1","CUIT: 30504042894","140","140","365.5","51170","5882","2","5190","2023-10-17 08:52:57","5","2023-10-17 15:19:40",,"5"
"1789","358","2023-10-25","2020-09","32","1061","1342","3-2023","3-2023","1","CUIT: 30528844746","125","125","365.5","45687.5","5895","2","5192","2023-10-25 16:22:20","5","2023-10-25 18:31:09",,"5"
"1790","359","2023-10-25","2020-09","32","1121","1342","3-2023","3-2023","1","CUIT: 30515491615","125","125","365.5","45687.5","5892","5","468","2023-10-25 16:22:33","5","2023-10-25 18:23:37",,"5"
"1791","360","2023-10-25","2020-09","32","1127","1342","3-2023","3-2023","1","CUIT: 34612073475","125","125","365.5","45687.5","5893","5","469","2023-10-25 16:22:47","5","2023-10-25 18:25:24",,"5"
"1792","361","2023-10-25","2020-09","32","1048","1342","3-2023","3-2023","1","CUIT: 30708937785","125","125","365.5","45687.5","5898","2","5195","2023-10-25 16:23:00","5","2023-10-25 18:35:39",,"5"
"1793","362","2023-10-25","2020-09","32","1074","1342","3-2023","3-2023","1","CUIT: 30716356678","125","125","365.5","45687.5","5891","5","467","2023-10-25 16:23:14","5","2023-10-25 18:21:29",,"5"
"1794","363","2023-10-25","2020-09","32","805","1342","3-2023","3-2023","1","CUIT: 30662519746","125","125","365.5","45687.5","5894","5","470","2023-10-25 16:23:35","5","2023-10-25 18:26:45",,"5"
"1795","364","2023-10-25","2020-09","32","1142","1342","3-2023","3-2023","1","CUIT: 30708640979","125","125","365.5","45687.5","5896","2","5193","2023-10-25 16:23:52","5","2023-10-25 18:32:35",,"5"
"1796","365","2023-10-25","2020-09","32","1139","1342","3-2023","3-2023","1","CUIT: 30717670082","125","125","365.5","45687.5","5889","5","465","2023-10-25 16:24:06","5","2023-10-25 18:11:25",,"5"
"1797","366","2023-10-25","2020-09","32","1022","1342","3-2023","3-2023","1","CUIT: 30688359127","125","125","365.5","45687.5","5899","2","5196","2023-10-25 16:24:19","5","2023-10-26 12:59:02",,"5"
"1798","367","2023-10-25","2020-09","32","1151","1342","3-2023","3-2023","1","CUIT: 30710397283","125","125","365.5","45687.5","5897","2","5194","2023-10-25 16:24:33","5","2023-10-25 18:34:03",,"5"
"1799","368","2023-10-25","2020-09","32","1124","1342","1-2023","3-2023","3","CUIT: 30709997617","125","375","365.5","137062.5","5890","5","466","2023-10-25 16:24:55","5","2023-10-25 18:19:51",,"5"
"1800","369","2023-11-10","2020-09","32","1074","1342","3-2023","3-2023","1","CUIT: 30716356678","125","125","365.5","45687.5","5916","5","477","2023-11-10 11:49:42","5","2023-11-10 15:04:05",,"5"
"1801","370","2023-11-10","2020-09","32","1139","1342","3-2023","3-2023","1","CUIT: 30717670082","125","125","365.5","45687.5","5914","5","475","2023-11-10 11:49:57","5","2023-11-10 14:56:41",,"5"
"1802","371","2023-11-10","2020-09","4","1022","1342","3-2023","3-2023","1","CUIT: 30688359127","150","150","365.5","54825",,,,"2023-11-10 11:50:16","5","2023-11-16 13:31:35","5","5"
"1803","372","2023-11-10","2020-09","32","153","1342","4-2022","3-2023","4","CUIT: 30681686254","125","500","365.5","182750","5923","2","5212","2023-11-10 11:50:49","5","2023-11-10 15:38:41",,"5"
"1804","373","2023-11-10","2020-09","32","904","1342","3-2023","3-2023","1","CUIT: 30504437546","125","125","365.5","45687.5","5915","5","476","2023-11-10 11:51:11","5","2023-11-10 14:58:29",,"5"
"1805","374","2023-11-10","2020-09","32","869","1342","3-2023","3-2023","1","CUIT: 30626391385","125","125","365.5","45687.5","5926","2","5215","2023-11-10 11:51:26","5","2023-11-10 15:44:20",,"5"
"1806","375","2023-11-10","2020-09","32","1014","1342","2-2023","3-2023","2","CUIT: 30709988367","125","250","365.5","91375","5922","2","5211","2023-11-10 11:51:51","5","2023-11-10 15:35:30",,"5"
"1807","376","2023-11-10","2020-09","32","1086","1342","3-2023","3-2023","1","CUIT: 30573118983","175","175","365.5","63962.5","5917","5","478","2023-11-10 11:52:12","5","2023-11-10 15:06:28",,"5"
"1808","377","2023-11-10","2020-09","32","971","1342","3-2023","3-2023","1","CUIT: 20108971747","125","125","365.5","45687.5","5921","2","5210","2023-11-10 11:52:30","5","2023-11-10 15:30:56",,"5"
"1809","378","2023-11-10","2020-09","32","1089","1342","3-2023","3-2023","1","CUIT: 33618610719","125","125","365.5","45687.5","5924","2","5213","2023-11-10 11:52:46","5","2023-11-10 15:40:30",,"5"
"1810","379","2023-11-10","2020-09","32","1106","1342","3-2023","3-2023","1","CUIT: 30703258634","125","125","365.5","45687.5","5920","2","5209","2023-11-10 11:53:04","5","2023-11-10 15:15:08",,"5"
"1811","380","2023-11-10","2020-09","32","721","1342","3-2023","3-2023","1","CUIT: 30629717958","125","125","365.5","45687.5","5925","2","5214","2023-11-10 11:53:19","5","2023-11-10 15:41:52",,"5"
"1812","381","2023-11-16","2020-09","32","892","1342","3-2023","3-2023","1","CUIT: 33584584179","140","140","368.5","51590","5934","5","484","2023-11-16 10:59:10","5","2023-11-16 19:03:47",,"5"
"1813","382","2023-11-16","2020-09","32","879","1342","3-2023","3-2023","1","CUIT: 30506357841","125","125","365.5","45687.5","5942","2","5221","2023-11-16 10:59:35","5","2023-11-16 19:18:50",,"5"
"1814","383","2023-11-16","2020-09","32","933","1342","3-2023","3-2023","1","CUIT: 30708063629","125","125","365.5","45687.5","5937","5","487","2023-11-16 10:59:55","5","2023-11-16 19:09:36",,"5"
"1815","384","2023-11-16","2020-09","32","944","1342","3-2023","3-2023","1","CUIT: 30708784164","125","125","365.5","45687.5","5936","5","486","2023-11-16 11:00:22","5","2023-11-16 19:07:56",,"5"
"1816","385","2023-11-16","2020-09","32","228","1342","3-2023","3-2023","1","CUIT: 30501579471","150","150","368.5","55275","5943","2","5222","2023-11-16 11:00:53","5","2023-11-16 19:22:08",,"5"
"1817","386","2023-11-16","2020-09","32","1090","1342","3-2023","3-2023","1","CUIT: 30715799800","125","125","368.5","46062.5","5946","2","5225","2023-11-16 11:01:12","5","2023-11-16 19:27:31",,"5"
"1818","387","2023-11-16","2020-09","32","946","1342","3-2023","3-2023","1","CUIT: 30518801453","125","125","368.5","46062.5","5941","2","5220","2023-11-16 11:01:31","5","2023-11-16 19:17:14",,"5"
"1819","388","2023-11-16","2020-09","32","1120","1342","3-2023","3-2023","1","CUIT: 30707916083","125","125","365.5","45687.5","5938","5","488","2023-11-16 11:01:49","5","2023-11-16 19:11:11",,"5"
"1820","389","2023-11-16","2020-09","32","1099","1342","3-2023","3-2023","1","CUIT: 20160708833","125","125","368.5","46062.5","5944","2","5223","2023-11-16 11:02:12","5","2023-11-16 19:24:02",,"5"
"1821","390","2023-11-16","2020-09","32","1148","1342","3-2023","3-2023","1","CUIT: 30707792007","125","125","368.5","46062.5","5935","5","485","2023-11-16 11:02:30","5","2023-11-16 19:05:51",,"5"
"1822","391","2023-11-16","2020-09","32","915","1342","3-2023","3-2023","1","CUIT: 30674287085","125","125","369","46125","5939","2","5218","2023-11-16 11:02:48","5","2023-11-16 19:13:23",,"5"
"1823","392","2023-11-16","2020-09","32","955","1342","3-2023","3-2023","1","CUIT: 30503865455","125","125","369","46125","5945","2","5224","2023-11-16 11:03:07","5","2023-11-16 19:25:51",,"5"
"1824","393","2023-11-16","2020-09","32","902","1342","3-2023","3-2023","1","CUIT: 30712022368","140","140","369","51660","5933","5","483","2023-11-16 11:03:34","5","2023-11-16 19:02:00",,"5"
"1825","394","2023-11-16","2020-09","32","890","1342","3-2023","3-2023","1","CUIT: 30710873808","125","125","369","46125","5940","2","5219","2023-11-16 11:04:13","5","2023-11-16 19:15:08",,"5"
"1826","395","2023-11-16","2020-09","32","1072","1342","3-2023","3-2023","1","CUIT: 30714848034","175","175","369","64575","5929","2","5216","2023-11-16 12:04:47","5","2023-11-16 12:33:18",,"5"
"1827","396","2023-11-16","2020-09","32","1073","1342","3-2023","3-2023","1","CUIT: 33691265949","175","175","369","64575","5930","2","5217","2023-11-16 12:05:00","5","2023-11-16 12:37:11",,"5"
"1828","397","2023-11-24","2020-09","32","840","1342","3-2023","3-2023","1","CUIT: 33708829639","150","150","369","55350","5990","2","5260","2023-11-24 10:09:06","5","2023-11-24 13:26:05",,"5"
"1829","398","2023-11-24","2020-09","32","1035","1342","3-2023","3-2023","1","CUIT: 30709196258","140","140","368.5","51590","5987","2","5257","2023-11-24 10:09:24","5","2023-11-24 13:19:28",,"5"
"1830","399","2023-11-24","2020-09","32","917","1342","3-2023","3-2023","1","CUIT: 30602173638","250","250","369","92250","5977","2","5247","2023-11-24 10:09:39","5","2023-11-24 12:55:53",,"5"
"1831","400","2023-11-24","2020-09","32","866","1342","3-2023","3-2023","1","CUIT: 30590162279","175","175","372.5","65187.5","5980","2","5250","2023-11-24 10:10:02","5","2023-11-24 13:02:04",,"5"
"1832","401","2023-11-24","2020-09","32","908","1342","3-2023","3-2023","1","CUIT: 30643748688","175","175","372.5","65187.5","5981","2","5251","2023-11-24 10:10:21","5","2023-11-24 13:04:42",,"5"
"1833","402","2023-11-24","2020-09","32","1145","1342","3-2023","3-2023","1","CUIT: 30716315270","175","175","372.5","65187.5","5979","2","5249","2023-11-24 10:10:40","5","2023-11-24 13:00:27",,"5"
"1834","403","2023-11-24","2020-09","32","913","1342","3-2023","3-2023","1","CUIT: 30504023377","175","175","369","64575","5982","2","5252","2023-11-24 10:11:00","5","2023-11-24 13:06:38",,"5"
"1835","404","2023-11-24","2020-09","32","435","1342","3-2023","3-2023","1","CUIT: 30617091190","125","125","371.5","46437.5","5983","2","5253","2023-11-24 10:11:31","5","2023-11-24 13:08:46",,"5"
"1836","405","2023-11-24","2020-09","32","899","1342","3-2023","3-2023","1","CUIT: 30592724541","125","125","371.5","46437.5","5974","2","5244","2023-11-24 10:11:50","5","2023-11-24 12:50:39",,"5"
"1837","406","2023-11-24","2020-09","32","965","1342","3-2023","3-2023","1","CUIT: 30691665433","125","125","371.5","46437.5","5985","2","5255","2023-11-24 10:12:09","5","2023-11-24 13:15:59",,"5"
"1838","407","2023-11-24","2020-09","32","843","1342","3-2023","3-2023","1","CUIT: 30543349085","125","125","369","46125","5975","2","5245","2023-11-24 10:12:24","5","2023-11-24 12:52:14",,"5"
"1839","408","2023-11-24","2020-09","32","929","1342","3-2023","3-2023","1","CUIT: 30715863193","125","125","369","46125","5988","2","5258","2023-11-24 10:12:45","5","2023-11-24 13:21:55",,"5"
"1840","409","2023-11-24","2020-09","32","1096","1342","3-2023","3-2023","1","CUIT: 30500755195","125","125","369","46125","5972","5","497","2023-11-24 10:13:01","5","2023-11-24 12:45:25",,"5"
"1841","410","2023-11-24","2020-09","32","979","1342","3-2023","3-2023","1","CUIT: 30600738379","125","125","371.5","46437.5","5986","2","5256","2023-11-24 10:13:22","5","2023-11-24 13:17:48",,"5"
"1842","411","2023-11-24","2020-09","32","860","1342","3-2023","3-2023","1","CUIT: 30694753201","150","150","372","55800","5971","5","496","2023-11-24 10:13:40","5","2023-11-24 12:43:49",,"5"
"1843","412","2023-11-24","2020-09","32","953","1342","3-2023","3-2023","1","CUIT: 30711416028","125","125","372","46500","5966","5","491","2023-11-24 10:14:02","5","2023-11-24 12:35:16",,"5"
"1844","413","2023-11-24","2020-09","32","891","1342","3-2023","3-2023","1","CUIT: 30711917779","125","125","372","46500","5969","5","494","2023-11-24 10:14:20","5","2023-11-24 12:40:18",,"5"
"1845","414","2023-11-24","2020-09","32","898","1342","3-2023","3-2023","1","CUIT: 30695092233","125","125","372","46500","5970","5","495","2023-11-24 10:14:34","5","2023-11-24 12:42:08",,"5"
"1846","415","2023-11-24","2020-09","32","900","1342","2-2023","2-2023","1","CUIT: 30638611097 RECTIFICATIVA","140","140","372","52080","5991","2","5261","2023-11-24 10:15:06","5","2023-11-24 13:30:22",,"5"
"1847","416","2023-11-24","2020-09","32","900","1342","3-2023","3-2023","1","CUIT: 30638611097","140","140","372","52080","5991","2","5261","2023-11-24 10:15:30","5","2023-11-24 13:30:22",,"5"
"1848","417","2023-11-24","2020-09","32","1018","1342","3-2023","3-2023","1","CUIT: 30709254630","175","175","372.5","65187.5","5978","2","5248","2023-11-24 10:15:50","5","2023-11-24 12:57:34",,"5"
"1849","418","2023-11-24","2020-09","32","1163","1342","3-2023","3-2023","1","CUIT: 30710765045","125","125","372","46500","5967","5","492","2023-11-24 10:16:11","5","2023-11-24 12:36:56",,"5"
"1850","419","2023-11-24","2020-09","32","1004","1342","3-2023","3-2023","1","CUIT: 30716637189","125","125","372.5","46562.5","5976","2","5246","2023-11-24 10:16:28","5","2023-11-24 12:53:54",,"5"
"1851","420","2023-11-24","2020-09","32","1078","1342","3-2023","3-2023","1","CUIT: 33708759479","125","125","372.5","46562.5","5989","2","5259","2023-11-24 10:16:47","5","2023-11-24 13:24:16",,"5"
"1852","421","2023-11-24","2020-09","32","1171","1342","3-2023","3-2023","1","CUIT: 30717587665","125","125","372.5","46562.5","5973","2","5243","2023-11-24 10:17:09","5","2023-11-24 12:47:47",,"5"
"1853","422","2023-11-24","2020-09","32","1132","1342","3-2023","3-2023","1","CUIT: 30582911408","125","125","373","46625","5984","2","5254","2023-11-24 10:17:28","5","2023-11-24 13:10:30",,"5"
"1854","423","2023-11-24","2020-09","32","1005","1342","3-2023","3-2023","1","CUIT: 30709025755","125","125","373","46625","5968","5","493","2023-11-24 10:17:42","5","2023-11-24 12:38:31",,"5"
"1855","424","2023-11-29","2020-09","32","526","1342","3-2023","3-2023","1","CUIT: 30686241749 OC 4500466814","140","140","368.5","51590","6025","2","5290","2023-11-29 15:54:21","5","2023-12-19 19:22:42",,"5"
"1856","425","2023-12-15","2020-09","32","905","1342","3-2023","3-2023","1","CUIT: 30715468294","125","125","400.5","50062.5","6022","2","5287","2023-12-15 09:54:33","5","2023-12-19 18:58:03",,"5"
"1857","426","2023-12-15","2020-09","32","1079","1342","3-2023","3-2023","1","CUIT: 30708789816","125","125","376.5","47062.5","6023","2","5288","2023-12-15 09:54:54","5","2023-12-19 19:06:57",,"5"
"1858","427","2023-12-19","2020-09","32","1019","1342","3-2023","3-2023","1","CUIT: 30702179153","125","125","823","102875","6024","2","5289","2023-12-19 10:23:35","5","2023-12-19 19:08:38","5","5"
"1859","428","2023-12-20","2020-09","32","938","1342","3-2023","3-2023","1","CUIT: 30604456475","125","125","823.5","102937.5","6027","5","504","2023-12-20 10:41:57","5","2023-12-20 15:08:46",,"5"
"1860","1","2024-01-10","2020-09","32","1114","1342","1-2024","1-2024","1","CUIT: 30637485837 (DJDI)","125","125","831.5","103937.5","6047","2","5302","2024-01-10 15:53:58","5","2024-01-10 22:37:23",,"5"
"1861","2","2024-01-10","2020-09","4","933","1342","1-2024","1-2024","1","CUIT: 30708063629 (DJDI)","125","125","831.5","103937.5","6045","5","511","2024-01-10 15:54:34","5","2024-01-18 20:50:17","5","5"
"1862","3","2024-01-10","2020-09","32","1079","1342","1-2024","1-2024","1","CUIT: 30708789816  (DJDI)","125","125","833.5","104187.5","6052","2","5306","2024-01-10 15:55:33","5","2024-01-10 22:52:27",,"5"
"1863","4","2024-01-10","2020-09","32","983","1342","1-2024","1-2024","1","CUIT: 27228624042 (DJDI)","125","125","833.5","104187.5","6043","5","509","2024-01-10 15:56:07","5","2024-01-10 22:29:42","5","5"
"1864","5","2024-01-10","2020-09","32","1091","1342","1-2024","1-2024","1","CUIT: 30710628455 (DJDI)","125","125","833.5","104187.5","6044","5","510","2024-01-10 15:56:47","5","2024-01-10 22:31:53",,"5"
"1865","6","2024-01-10","2020-09","32","971","1342","1-2024","1-2024","1","CUIT: 20108971747 (DJDI)","125","125","833.5","104187.5","6048","5","513","2024-01-10 15:57:46","5","2024-01-10 22:42:40",,"5"
"1866","7","2024-01-10","2020-09","32","1083","1342","1-2024","1-2024","1","CUIT: 23259940419 (DJDI)
","125","125","833.5","104187.5","6046","5","512","2024-01-10 15:58:17","5","2024-01-10 22:35:34",,"5"
"1867","8","2024-01-10","2020-09","32","869","1342","1-2024","1-2024","1","CUIT: 30626391385 (DJDI)
","125","125","833.5","104187.5","6054","2","5308","2024-01-10 15:58:49","5","2024-01-10 22:57:43",,"5"
"1868","9","2024-01-10","2020-09","32","1089","1342","1-2024","1-2024","1","CUIT: 33618610719 (DJDI)
","125","125","833.5","104187.5","6049","2","5303","2024-01-10 15:59:23","5","2024-01-10 22:44:38",,"5"
"1869","10","2024-01-10","2020-09","32","1129","1342","1-2024","1-2024","1","CUIT: 20205862243 (DJDI)
","125","125","833.5","104187.5","6050","2","5304","2024-01-10 15:59:48","5","2024-01-10 22:46:34",,"5"
"1870","11","2024-01-10","2020-09","32","905","1342","1-2024","1-2024","1","CUIT: 30715468294 (DJDI)
","125","125","833.5","104187.5","6053","2","5307","2024-01-10 16:00:13","5","2024-01-10 22:56:02",,"5"
"1871","12","2024-01-10","2020-09","32","955","1342","1-2024","1-2024","1","CUIT: 30503865455 (DJDI)","125","125","834.5","104312.5","6051","2","5305","2024-01-10 16:00:41","5","2024-01-10 22:50:00",,"5"
"1872","13","2024-01-16","2020-09","32","437","1342","1-2024","1-2024","1","CUIT: 30510413535 (DJDI)","125","125","832","104000","6056","2","5310","2024-01-16 11:06:55","5","2024-01-16 14:52:29",,"5"
"1873","14","2024-01-16","2020-09","32","1183","1342","1-2024","1-2024","1","CUIT: 30708969245 (DJDI)","125","125","832","104000","6055","2","5309","2024-01-16 11:08:06","5","2024-01-16 14:42:26",,"5"
"1874","15","2024-01-16","2020-09","32","1115","1342","1-2024","1-2024","1","CUIT: 30715705830 (DJDI)","125","125","837.75","104718.75","6059","2","5313","2024-01-16 11:55:07","5","2024-01-16 15:01:06",,"5"
"1875","16","2024-01-16","2020-09","32","1093","1342","1-2024","1-2024","1","CUIT: 30559061790 (DJDI)","125","125","831.5","103937.5","6057","2","5311","2024-01-16 11:56:29","5","2024-01-16 14:54:45",,"5"
"1876","17","2024-01-16","2020-09","32","1121","1342","1-2024","1-2024","1","CUIT: 30515491615 (DJDI)","125","125","835","104375","6086","5","518","2024-01-16 11:56:56","5","2024-01-16 17:22:39",,"5"
"1877","18","2024-01-16","2020-09","32","1127","1342","4-2023","4-2023","1","CUIT: 34612073475","125","125","835.5","104437.5","6087","5","519","2024-01-16 11:57:52","5","2024-01-16 17:24:45",,"5"
"1878","19","2024-01-16","2020-09","32","955","1342","4-2023","4-2023","1","CUIT: 30503865455","125","125","835.5","104437.5","6061","2","5315","2024-01-16 11:59:03","5","2024-01-16 15:06:47",,"5"
"1879","20","2024-01-16","2020-09","32","944","1342","4-2023","4-2023","1","CUIT: 30708784164","125","125","835.5","104437.5","6083","5","516","2024-01-16 11:59:39","5","2024-01-16 17:14:39",,"5"
"1880","21","2024-01-16","2020-09","32","945","1342","3-2023","3-2023","1","CUIT: 30582981341","125","125","835","104375","6085","2","5335","2024-01-16 12:00:09","5","2024-01-16 17:20:30",,"5"
"1881","22","2024-01-16","2020-09","32","1032","1342","3-2023","3-2023","1","CUIT: 30714981613","125","125","835","104375","6084","5","517","2024-01-16 12:00:36","5","2024-01-16 17:16:46",,"5"
"1882","23","2024-01-16","2020-09","32","1102","1342","3-2023","4-2023","2","CUIT: 30709623997","125","250","837.25","209312.5","6082","5","515","2024-01-16 12:02:33","5","2024-01-16 17:12:45",,"5"
"1883","24","2024-01-16","2020-09","32","1061","1342","4-2023","4-2023","1","CUIT: 30528844746","125","125","835.5","104437.5","6058","2","5312","2024-01-16 12:03:47","5","2024-01-16 14:58:08",,"5"
"1884","25","2024-01-16","2020-09","32","1151","1342","4-2023","4-2023","1","CUIT: 30710397283","125","125","835.5","104437.5","6060","2","5314","2024-01-16 12:04:10","5","2024-01-16 15:03:55",,"5"
"1885","26","2024-01-16","2020-09","32","1057","1342","4-2023","4-2023","1","CUIT: 30687276996 OPERACIÓN DEL 06/12/2023","59865","59865","1","59865","6088","2","5336","2024-01-16 16:21:53","5","2024-01-16 17:27:07",,"5"
"1886","27","2024-01-18","2020-09","32","892","1342","4-2023","4-2023","1","CUIT: 33584584179","140","140","838.25","117355","6090","5","521","2024-01-18 17:47:27","5","2024-01-18 21:00:17",,"5"
"1887","28","2024-01-18","2020-09","32","1036","1342","1-2024","1-2024","1","CUIT: 30709511846 (DJDI)","125","125","838.75","104843.75","6096","2","5342","2024-01-18 17:48:07","5","2024-01-18 21:17:41",,"5"
"1888","29","2024-01-18","2020-09","32","1042","1342","1-2024","1-2024","1","CUIT: 30716051338 (DJDI)","125","125","838.75","104843.75","6095","2","5341","2024-01-18 17:48:41","5","2024-01-18 21:15:46",,"5"
"1889","30","2024-01-18","2020-09","32","1088","1342","1-2024","1-2024","1","CUIT: 30717522512 (DJDI)","125","125","838.75","104843.75","6094","2","5340","2024-01-18 17:49:09","5","2024-01-18 21:13:40",,"5"
"1890","31","2024-01-18","2020-09","32","902","1342","4-2023","4-2023","1","CUIT: 30712022368","140","140","838.25","117355","6089","5","520","2024-01-18 17:49:35","5","2024-01-18 20:57:47","5","5"
"1891","32","2024-01-18","2020-09","32","937","1342","4-2023","4-2023","1","CUIT: 30714838411","125","125","838.25","104781.25","6099","2","5345","2024-01-18 17:50:29","5","2024-01-18 21:25:36",,"5"
"1892","33","2024-01-18","2020-09","32","1094","1342","4-2021","1-2022","2","CUIT: 30695057020 (RECTIFICATIVAS)","125","250","837.75","209437.5","6093","2","5339","2024-01-18 17:51:02","5","2024-01-18 21:10:36",,"5"
"1893","34","2024-01-18","2020-09","32","1106","1342","1-2024","1-2024","1","CUIT: 30703258634 (DJDI)","125","125","838.25","104781.25","6097","2","5343","2024-01-18 17:51:34","5","2024-01-18 21:20:25",,"5"
"1894","35","2024-01-18","2020-09","32","1049","1342","1-2024","1-2024","1","CUIT: 30716513986 (DJDI)","125","125","837.75","104718.75","6098","2","5344","2024-01-18 17:52:08","5","2024-01-18 21:23:14",,"5"
"1895","36","2024-01-18","2020-09","32","970","1342","3-2023","4-2023","2","CUIT: 33711994209","125","250","838.75","209687.5","6091","2","5337","2024-01-18 17:52:27","5","2024-01-18 21:05:12",,"5"
"1896","37","2024-01-18","2020-09","32","970","1342","1-2024","1-2024","1","CUIT: 33711994209 (DJDI)","125","125","838.75","104843.75","6091","2","5337","2024-01-18 17:52:49","5","2024-01-18 21:05:12",,"5"
"1897","38","2024-01-18","2020-09","32","1055","1342","1-2024","1-2024","1","CUIT: 20119118868 (DJDI)","125","125","838.75","104843.75","6092","2","5338","2024-01-18 17:53:25","5","2024-01-18 21:07:37",,"5"
"1898","39","2024-01-18","2020-09","32","1008","1342","3-2023","4-2023","2","CUIT: 30707822917","125","250","838.75","209687.5","6100","2","5346","2024-01-18 17:53:40","5","2024-01-18 21:27:53",,"5"
"1899","40","2024-01-25","2020-09","32","985","1342","1-2024","1-2024","1","CUIT: 20161387208","125","125","839.25","104906.25","6105","2","5349","2024-01-25 15:18:36","5","2024-01-29 12:05:01",,"5"
"1900","41","2024-01-25","2020-09","32","984","1342","1-2024","1-2024","1","CUIT: 30662162589 (DJDI)","125","125","839.25","104906.25","6103","2","5347","2024-01-25 15:19:14","5","2024-01-26 12:31:00",,"5"
"1901","42","2024-01-25","2020-09","32","1041","1342","1-2024","1-2024","1","CUIT: 30715923315 (DJDI)","125","125","839.25","104906.25","6104","2","5348","2024-01-25 15:19:49","5","2024-01-29 11:59:30",,"5"
"1902","43","2024-01-25","2020-09","32","1175","1342","1-2024","1-2024","1","CUIT: 30688415531 25/01/2024","125","125","841.75","105218.75","6124","2","5368","2024-01-25 15:20:16","5","2024-01-29 13:46:13",,"5"
"1903","44","2024-01-25","2020-09","32","891","1342","1-2024","1-2024","1","CUIT: 30711917779 (DJDI)","125","125","841.75","105218.75","6115","2","5359","2024-01-25 15:21:12","5","2024-01-29 13:04:56",,"5"
"1904","45","2024-01-25","2020-09","32","944","1342","1-2024","1-2024","1","CUIT: 30708784164 (DJDI)","125","125","841.75","105218.75","6112","2","5356","2024-01-25 15:21:42","5","2024-01-29 12:52:43",,"5"
"1905","46","2024-01-25","2020-09","32","1176","1342","1-2024","1-2024","1","CUIT: 30709650927 (DJDI)","125","125","841.75","105218.75","6121","2","5365","2024-01-25 15:22:05","5","2024-01-29 13:30:27",,"5"
"1906","47","2024-01-25","2020-09","32","1148","1342","1-2024","1-2024","1","CUIT: 30707792007 (DJDI)","125","125","840.75","105093.75","6108","2","5352","2024-01-25 15:22:28","5","2024-01-29 12:38:13","5","5"
"1907","48","2024-01-25","2020-09","32","860","1342","1-2024","1-2024","1","CUIT: 30694753201 (DJDI)","125","125","841.25","105156.25","6120","2","5364","2024-01-25 15:22:53","5","2024-01-29 13:27:00",,"5"
"1908","49","2024-01-25","2020-09","32","1174","1342","1-2024","1-2024","1","CUIT: 30707937420 (DJDI)","125","125","841.25","105156.25","6123","2","5367","2024-01-25 15:23:20","5","2024-01-29 13:42:18",,"5"
"1909","50","2024-01-25","2020-09","32","1132","1342","1-2024","1-2024","1","CUIT: 30582911408 (DJDI)","125","125","840.75","105093.75","6114","2","5358","2024-01-25 15:24:07","5","2024-01-29 13:01:49",,"5"
"1910","51","2024-01-25","2020-09","32","1050","1342","1-2024","1-2024","1","CUIT: 30716719347 (DJDI)","125","125","839.25","104906.25","6107","2","5351","2024-01-25 15:24:32","5","2024-01-29 12:28:43",,"5"
"1911","52","2024-01-25","2020-09","32","908","1342","1-2024","1-2024","1","CUIT: 30643748688 (DJDI)","125","125","840.75","105093.75","6119","2","5363","2024-01-25 15:25:33","5","2024-01-29 13:22:16",,"5"
"1912","53","2024-01-25","2020-09","32","942","1342","1-2024","1-2024","1","CUIT: 30708146621 (DJDI)","125","125","841.25","105156.25","6109","2","5353","2024-01-25 15:26:02","5","2024-01-29 12:42:11",,"5"
"1913","54","2024-01-25","2020-09","32","1119","1342","1-2024","1-2024","1","CUIT: 30711102309 (DJDI)","125","125","841.75","105218.75","6101","5","522","2024-01-25 15:26:38","5","2024-01-26 12:26:02",,"5"
"1914","55","2024-01-25","2020-09","32","1014","1342","1-2024","1-2024","1","CUIT: 30709988367 (DJDI)","125","125","841.75","105218.75","6113","2","5357","2024-01-25 15:27:02","5","2024-01-29 12:56:51",,"5"
"1915","56","2024-01-25","2020-09","32","1120","1342","1-2024","1-2024","1","CUIT: 30707916083 (DJDI)","125","125","841.75","105218.75","6102","5","523","2024-01-25 15:28:03","5","2024-01-26 12:28:21",,"5"
"1916","57","2024-01-25","2020-09","32","1090","1342","1-2024","1-2024","1","CUIT: 30715799800 (DJDI)","125","125","841.75","105218.75","6117","2","5361","2024-01-25 15:28:22","5","2024-01-29 13:11:58",,"5"
"1917","58","2024-01-29","2020-09","32","667","1342","1-2024","1-2024","1","CUIT: 30554178886 (DJDI)","125","125","841.25","105156.25","6116","2","5360","2024-01-29 11:49:51","5","2024-01-29 13:08:31",,"5"
"1918","59","2024-01-29","2020-09","32","39","1342","1-2024","1-2024","1","CUIT: 30709044946 (DJDI)","125","125","841.75","105218.75","6110","2","5354","2024-01-29 11:50:31","5","2024-01-29 12:45:34",,"5"
"1919","60","2024-01-29","2020-09","32","1074","1342","4-2023","4-2023","1","CUIT: 30716356678","125","125","841.75","105218.75","6111","2","5355","2024-01-29 11:58:19","5","2024-01-29 12:49:41",,"5"
"1920","61","2024-01-29","2020-09","32","983","1342","3-2023","4-2023","2","CUIT: 27228624042","125","250","840.75","210187.5","6106","2","5350","2024-01-29 11:58:53","5","2024-01-29 12:11:06",,"5"
"1921","62","2024-01-29","2020-09","32","1050","1342","3-2023","4-2023","2","CUIT: 30716719347","125","250","840.75","210187.5","6107","2","5351","2024-01-29 11:59:50","5","2024-01-29 12:28:43",,"5"
"1922","63","2024-01-29","2020-09","32","1019","1342","4-2023","4-2023","1","CUIT: 30702179153","125","125","840.75","105093.75","6118","2","5362","2024-01-29 12:00:18","5","2024-01-29 13:15:57",,"5"
"1923","64","2024-01-29","2020-09","32","1014","1342","4-2023","4-2023","1","CUIT: 30709988367","125","125","840.75","105093.75","6113","2","5357","2024-01-29 12:00:43","5","2024-01-29 12:56:51",,"5"
"1924","65","2024-01-29","2020-09","32","1192","1342","1-2024","1-2024","1","CUIT: 30677737545 (DJDI)","125","125","841.75","105218.75","6122","2","5366","2024-01-29 12:22:25","5","2024-01-29 13:38:24",,"5"
"1925","66","2024-02-02","2020-09","32","917","1342","3-2023","4-2023","2","CUIT: 30602173638","250","500","846.5","423250","6126","2","5370","2024-02-02 12:04:05","5","2024-02-02 13:24:33",,"5"
"1926","67","2024-02-02","2020-09","32","938","1342","2-2023","3-2023","2","CUIT: 30604456475 RECTIFICATIVAS","125","250","846","211500","6140","2","5384","2024-02-02 12:07:40","5","2024-02-02 14:37:44",,"5"
"1927","68","2024-02-02","2020-09","32","1017","1342","4-2023","4-2023","1","CUIT: 30628395450","150","150","844.5","126675","6138","2","5382","2024-02-02 12:08:29","5","2024-02-02 14:32:47",,"5"
"1928","69","2024-02-02","2020-09","32","1071","1342","4-2023","4-2023","1","CUIT: 30696223757","150","150","844.5","126675","6136","2","5380","2024-02-02 12:08:54","5","2024-02-02 14:27:24",,"5"
"1929","70","2024-02-02","2020-09","32","1097","1342","4-2023","4-2023","1","CUIT: 33539811059","150","150","844.5","126675","6137","2","5381","2024-02-02 12:09:11","5","2024-02-02 14:29:42",,"5"
"1930","71","2024-02-02","2020-09","32","1023","1342","3-2023","4-2023","2","CUIT: 30504042894 (LA DEL 3°Q 2023 ES RECTIFICATIVA)","140","280","844.5","236460","6141","2","5385","2024-02-02 12:10:15","5","2024-02-02 14:40:04",,"5"
"1931","72","2024-02-02","2020-09","32","1105","1342","3-2023","4-2023","2","CUIT: 20339854387","125","250","845","211250","6129","2","5373","2024-02-02 12:10:47","5","2024-02-02 14:08:19",,"5"
"1932","73","2024-02-02","2020-09","32","1137","1342","3-2023","4-2023","2","CUIT: 30700987457","125","250","845","211250","6143","2","5387","2024-02-02 12:11:13","5","2024-02-02 14:44:07",,"5"
"1933","74","2024-02-02","2020-09","32","971","1342","4-2023","4-2023","1","CUIT: 20108971747","125","125","845.5","105687.5","6132","2","5376","2024-02-02 12:12:53","5","2024-02-02 14:15:40",,"5"
"1934","75","2024-02-02","2020-09","32","942","1342","4-2023","4-2023","1","CUIT: 30708146621","125","125","845.5","105687.5","6134","2","5378","2024-02-02 12:13:28","5","2024-02-02 14:20:49",,"5"
"1935","76","2024-02-02","2020-09","32","994","1342","2-2023","4-2023","3","CUIT: 30711954046","125","375","846","317250","6130","2","5374","2024-02-02 12:14:02","5","2024-02-02 14:10:52",,"5"
"1936","77","2024-02-02","2020-09","32","1115","1342","4-2023","4-2023","1","CUIT: 30715705830","125","125","846","105750","6133","2","5377","2024-02-02 12:14:24","5","2024-02-02 14:17:45",,"5"
"1937","78","2024-02-02","2020-09","32","1191","1342","4-2023","4-2023","1","CUIT: 30711190836","125","125","846","105750","6131","2","5375","2024-02-02 12:14:52","5","2024-02-02 14:13:51",,"5"
"1938","79","2024-02-02","2020-09","32","1111","1342","3-2023","4-2023","2","CUIT: 30708447087","125","250","846","211500","6142","2","5386","2024-02-02 12:15:14","5","2024-02-02 14:42:37",,"5"
"1939","80","2024-02-02","2020-09","32","1036","1342","2-2023","4-2023","3","CUIT: 30709511846","125","375","846","317250","6139","2","5383","2024-02-02 12:15:45","5","2024-02-02 14:35:19",,"5"
"1940","81","2024-02-02","2020-09","32","1005","1342","4-2023","4-2023","1","CUIT: 30709025755","125","125","846","105750","6135","2","5379","2024-02-02 12:16:29","5","2024-02-02 14:23:26",,"5"
"1941","82","2024-02-02","2020-09","32","9","1342","3-2023","4-2023","2","CUIT: 20069290508","125","250","846","211500","6128","2","5372","2024-02-02 13:11:44","5","2024-02-02 14:05:55",,"5"
"1942","83","2024-02-05","2020-09","32","1057","1342","1-2024","1-2024","1","CUIT: 30687276996 OPERACIONES DESDE EL 01/01/24 AL 16/01/24","140952","140952","1","140952","6160","2","5396","2024-02-05 15:22:41","5","2024-02-08 14:55:57",,"5"
"1943","84","2024-02-08","2020-09","32","904","1342","4-2023","4-2023","1","CUIT: 30504437546","125","125","848","106000","6147","5","524","2024-02-08 12:25:58","5","2024-02-08 14:12:46",,"5"
"1944","85","2024-02-08","2020-09","32","840","1342","4-2023","4-2023","1","CUIT: 33708829639","150","150","848","127200","6159","2","5395","2024-02-08 12:26:20","5","2024-02-08 14:53:28",,"5"
"1945","86","2024-02-08","2020-09","32","1048","1342","4-2023","4-2023","1","CUIT: 30708937785","125","125","848","106000","6157","2","5393","2024-02-08 12:26:37","5","2024-02-08 14:47:31",,"5"
"1946","87","2024-02-08","2020-09","32","1106","1342","4-2023","4-2023","1","CUIT: 30703258634","125","125","848","106000","6155","2","5391","2024-02-08 12:26:56","5","2024-02-08 14:38:25",,"5"
"1947","88","2024-02-08","2020-09","32","891","1342","4-2023","4-2023","1","CUIT: 30711917779","125","125","848","106000","6150","5","527","2024-02-08 12:27:18","5","2024-02-08 14:25:17",,"5"
"1948","89","2024-02-08","2020-09","32","898","1342","4-2023","4-2023","1","CUIT: 30695092233","125","125","848","106000","6151","5","528","2024-02-08 12:27:38","5","2024-02-08 14:27:42",,"5"
"1949","90","2024-02-08","2020-09","32","1121","1342","4-2023","4-2023","1","CUIT: 30515491615","125","125","848.5","106062.5","6152","5","529","2024-02-08 12:28:13","5","2024-02-08 14:29:46",,"5"
"1950","91","2024-02-08","2020-09","32","1129","1342","4-2023","4-2023","1","CUIT: 20205862243","125","125","848.5","106062.5","6156","2","5392","2024-02-08 12:28:44","5","2024-02-08 14:44:21",,"5"
"1951","92","2024-02-08","2020-09","32","1090","1342","4-2023","4-2023","1","CUIT: 30715799800","125","125","848.5","106062.5","6158","2","5394","2024-02-08 12:29:03","5","2024-02-08 14:50:02",,"5"
"1952","93","2024-02-08","2020-09","32","1159","1342","3-2023","4-2023","2","CUIT: 20256836581","125","250","848.5","212125","6149","5","526","2024-02-08 12:29:25","5","2024-02-08 14:23:10",,"5"
"1953","94","2024-02-08","2020-09","32","655","1342","3-2023","4-2023","2","CUIT: 33709989419","125","250","849.5","212375","6148","5","525","2024-02-08 12:29:41","5","2024-02-08 14:16:14",,"5"
"1954","95","2024-02-08","2020-09","32","1103","1342","2-2023","4-2023","3","CUIT: 30717495027","125","375","849","318375","6153","5","530","2024-02-08 12:29:57","5","2024-02-08 14:32:02",,"5"
"1955","96","2024-02-14","2020-09","32","1072","1342","4-2023","4-2023","1","CUIT: 30714848034","175","175","853","149275","6161","2","5397","2024-02-14 17:32:54","5","2024-02-14 17:45:14",,"5"
"1956","97","2024-02-14","2020-09","32","1073","1342","4-2023","4-2023","1","CUIT: 33691265949","175","175","853","149275","6162","2","5398","2024-02-14 17:33:24","5","2024-02-14 17:47:30",,"5"
"1957","98","2024-02-28","2020-09","32","997","1342","3-2023","4-2023","2","CUIT: 30711776008","125","250","853","213250","6233","2","5450","2024-02-28 16:30:24","5","2024-03-01 18:57:39",,"5"
"1958","99","2024-02-28","2020-09","32","965","1342","4-2023","4-2023","1","CUIT: 30691665433","125","125","853","106625","6216","2","5433","2024-02-28 16:30:52","5","2024-03-01 16:16:53",,"5"
"1959","100","2024-02-28","2020-09","32","1114","1342","3-2023","4-2023","2","CUIT: 30637485837","125","250","854","213500","6232","2","5449","2024-02-28 16:31:33","5","2024-03-01 18:52:27",,"5"
"1960","101","2024-02-28","2020-09","32","900","1342","4-2023","4-2023","1","CUIT: 30638611097","140","140","855.5","119770","6222","2","5439","2024-02-28 16:31:56","5","2024-03-01 16:29:52",,"5"
"1961","102","2024-02-28","2020-09","32","879","1342","4-2023","4-2023","1","CUIT: 30506357841","125","125","850","106250","6217","2","5434","2024-02-28 16:32:28","5","2024-03-01 16:19:50",,"5"
"1962","103","2024-02-28","2020-09","32","1124","1342","4-2023","4-2023","1","CUIT: 30709997617","125","125","850","106250","6196","5","541","2024-02-28 16:32:49","5","2024-03-01 14:22:53",,"5"
"1963","104","2024-02-28","2020-09","32","228","1342","4-2023","4-2023","1","CUIT: 30501579471","150","150","853.5","128025","6218","2","5435","2024-02-28 16:33:15","5","2024-03-01 16:21:56",,"5"
"1964","105","2024-02-28","2020-09","32","1035","1342","4-2023","4-2023","1","CUIT: 30709196258","140","140","854","119560","6234","2","5451","2024-02-28 16:34:52","5","2024-03-01 18:59:36",,"5"
"1965","106","2024-02-28","2020-09","32","915","1342","4-2023","4-2023","1","CUIT: 30674287085","125","125","853","106625","6208","2","5425","2024-02-28 16:35:10","5","2024-03-01 15:21:58",,"5"
"1966","107","2024-02-28","2020-09","32","929","1342","4-2023","4-2023","1","CUIT: 30715863193","125","125","854","106750","6226","2","5443","2024-02-28 16:35:35","5","2024-03-01 16:38:06",,"5"
"1967","108","2024-02-28","2020-09","32","905","1342","4-2023","4-2023","1","CUIT: 30715468294","125","125","854","106750","6225","2","5442","2024-02-28 16:35:58","5","2024-03-01 16:36:16",,"5"
"1968","109","2024-02-28","2020-09","32","721","1342","3-2023","3-2023","1","CUIT: 30629717958 RECTIFICATIVA","125","125","850","106250","6229","2","5446","2024-02-28 16:36:28","5","2024-03-01 18:23:30",,"5"
"1969","110","2024-02-28","2020-09","32","721","1342","4-2023","4-2023","1","CUIT: 30629717958","125","125","854","106750","6229","2","5446","2024-02-28 16:36:52","5","2024-03-01 18:23:30",,"5"
"1970","111","2024-02-28","2020-09","32","869","1342","4-2023","4-2023","1","CUIT: 30626391385","125","125","850","106250","6224","2","5441","2024-02-28 16:37:19","5","2024-03-01 16:34:07",,"5"
"1971","112","2024-02-28","2020-09","32","1018","1342","4-2023","4-2023","1","CUIT: 30709254630","175","175","854","149450","6230","2","5447","2024-02-28 16:37:42","5","2024-03-01 18:43:18",,"5"
"1972","113","2024-02-28","2020-09","32","1145","1342","4-2023","4-2023","1","CUIT: 30716315270","175","175","854","149450","6231","2","5448","2024-02-28 16:38:08","5","2024-03-01 18:45:25",,"5"
"1973","114","2024-02-28","2020-09","32","1083","1342","3-2023","4-2023","2","CUIT: 23259940419","125","250","853.5","213375","6202","5","547","2024-02-28 16:38:31","5","2024-03-01 15:01:50",,"5"
"1974","115","2024-02-28","2020-09","32","946","1342","4-2023","4-2023","1","CUIT: 30518801453","125","125","854","106750","6213","2","5430","2024-02-28 16:38:55","5","2024-03-01 16:07:32",,"5"
"1975","116","2024-02-28","2020-09","32","1086","1342","4-2023","4-2023","1","CUIT: 30573118983","175","175","853","149275","6201","5","546","2024-02-28 16:39:21","5","2024-03-01 14:59:52",,"5"
"1976","117","2024-02-28","2020-09","32","899","1342","4-2023","4-2023","1","CUIT: 30592724541","125","125","854","106750","6206","2","5423","2024-02-28 16:39:47","5","2024-03-01 15:17:49",,"5"
"1977","118","2024-02-28","2020-09","32","979","1342","4-2023","4-2023","1","CUIT: 30600738379","125","125","854","106750","6227","2","5444","2024-02-28 16:40:17","5","2024-03-01 16:39:52",,"5"
"1978","119","2024-02-28","2020-09","32","1079","1342","4-2023","4-2023","1","CUIT: 30708789816","125","125","853","106625","6228","2","5445","2024-02-28 16:40:34","5","2024-03-01 16:42:15",,"5"
"1979","120","2024-02-28","2020-09","32","890","1342","4-2023","4-2023","1","CUIT: 30710873808","125","125","853","106625","6210","2","5427","2024-02-28 16:41:02","5","2024-03-01 15:31:52",,"5"
"1980","121","2024-02-28","2024-03","32","1022","1342","4-2023","4-2023","1","CUIT: 30688359127  Orden de Compra 2790","150","150","854","128100","6242","2","5457","2024-02-28 16:41:24","5","2024-03-08 16:03:11","1","5"
"1981","122","2024-02-28","2020-09","32","860","1342","4-2023","4-2023","1","CUIT: 30694753201","125","125","854","106750","6204","5","549","2024-02-28 16:41:46","5","2024-03-01 15:06:53",,"5"
"1982","123","2024-02-28","2020-09","32","1120","1342","4-2023","4-2023","1","CUIT: 30707916083","125","125","854","106750","6203","5","548","2024-02-28 16:42:04","5","2024-03-01 15:05:31",,"5"
"1983","124","2024-02-28","2020-09","32","1099","1342","4-2023","4-2023","1","CUIT: 20160708833","125","125","854","106750","6219","2","5436","2024-02-28 16:42:25","5","2024-03-01 16:23:51",,"5"
"1984","125","2024-02-28","2020-09","32","953","1342","4-2023","4-2023","1","CUIT: 30711416028","125","125","854","106750","6193","5","538","2024-02-28 16:42:49","5","2024-03-01 14:16:01",,"5"
"1985","126","2024-02-28","2020-09","32","913","1342","4-2023","4-2023","1","CUIT: 30504023377","175","175","855.5","149712.5","6214","2","5431","2024-02-28 16:43:20","5","2024-03-01 16:11:59",,"5"
"1986","127","2024-02-28","2020-09","32","435","1342","4-2023","4-2023","1","CUIT: 30617091190","125","125","854","106750","6215","2","5432","2024-02-28 16:43:38","5","2024-03-01 16:14:38",,"5"
"1987","128","2024-02-28","2020-09","32","1163","1342","4-2023","4-2023","1","CUIT: 30710765045","125","125","854","106750","6194","5","539","2024-02-28 16:43:57","5","2024-03-01 14:18:53",,"5"
"1988","129","2024-02-28","2020-09","32","1032","1342","4-2023","4-2023","1","CUIT: 30714981613","125","125","854","106750","6198","5","543","2024-02-28 16:44:16","5","2024-03-01 14:27:43",,"5"
"1989","130","2024-02-28","2020-09","32","1148","1342","4-2023","4-2023","1","CUIT: 30707792007","125","125","854","106750","6195","5","540","2024-02-28 16:44:36","5","2024-03-01 14:21:01",,"5"
"1990","131","2024-02-28","2020-09","32","938","1342","4-2023","4-2023","1","CUIT: 30604456475","125","125","856","107000","6199","5","544","2024-02-28 16:44:55","5","2024-03-01 14:55:02",,"5"
"1991","132","2024-02-28","2020-09","32","843","1342","4-2023","4-2023","1","CUIT: 30543349085","125","125","854","106750","6207","2","5424","2024-02-28 16:45:20","5","2024-03-01 15:19:40",,"5"
"1992","133","2024-02-28","2020-09","32","1106","1342","4-2023","4-2023","1","CUIT: 30703258634 CERTIF DE DEUDA - SUMAR $3.900 DE GASTOS","32000","32000","1","32000","6236","2","5453","2024-02-28 16:48:47","5","2024-03-01 19:10:03",,"5"
"1993","134","2024-02-28","2020-09","32","1096","1342","4-2023","4-2023","1","CUIT: 30500755195","125","125","857","107125","6205","5","550","2024-02-28 16:49:06","5","2024-03-01 15:08:54",,"5"
"1994","135","2024-02-28","2020-09","32","1195","1342","3-2023","4-2023","2","CUIT: 30712480358","125","250","856","214000","6220","2","5437","2024-02-28 16:49:33","5","2024-03-01 16:25:52",,"5"
"1995","136","2024-02-28","2020-09","32","1055","1342","4-2023","4-2023","1","CUIT: 20119118868","125","125","856","107000","6200","5","545","2024-02-28 16:49:54","5","2024-03-01 14:56:43",,"5"
"1996","137","2024-02-28","2020-09","32","1042","1342","2-2023","4-2023","3","CUIT: 30716051338","125","375","857","321375","6238","2","5455","2024-02-28 16:50:20","5","2024-03-01 19:26:49",,"5"
"1997","138","2024-02-28","2020-09","32","1088","1342","2-2023","4-2023","3","CUIT: 30717522512","125","375","857","321375","6237","2","5454","2024-02-28 16:50:43","5","2024-03-01 19:25:07",,"5"
"1998","139","2024-02-28","2020-09","32","1161","1342","4-2023","4-2023","1","CUIT: 30707441360","125","125","856","107000","6211","2","5428","2024-02-28 16:51:08","5","2024-03-01 15:51:40",,"5"
"1999","140","2024-02-28","2020-09","32","1142","1342","4-2023","4-2023","1","CUIT: 30708640979","125","125","856","107000","6235","2","5452","2024-02-28 16:51:33","5","2024-03-01 19:06:38",,"5"
"2000","141","2024-02-28","2020-09","32","1125","1342","3-2023","4-2023","2","CUIT: 30690867393","125","250","857.5","214375","6212","2","5429","2024-02-28 16:52:05","5","2024-03-01 16:04:21",,"5"
"2001","142","2024-02-28","2020-09","32","1199","1342","2-2023","4-2023","3","CUIT: 30624002578","125","375","859.5","322312.5","6223","2","5440","2024-02-28 16:52:29","5","2024-03-01 16:32:15",,"5"
"2002","143","2024-02-28","2020-09","32","1089","1342","4-2023","4-2023","1","CUIT: 33618610719","125","125","857","107125","6221","2","5438","2024-02-28 16:52:51","5","2024-03-01 16:27:39",,"5"
"2003","144","2024-02-28","2020-09","32","933","1342","4-2023","4-2023","1","CUIT: 30708063629","125","125","857.5","107187.5","6197","5","542","2024-02-28 16:53:10","5","2024-03-01 14:24:58",,"5"
"2004","145","2024-02-28","2020-09","32","1004","1342","4-2023","4-2023","1","CUIT: 30716637189","125","125","859.5","107437.5","6209","2","5426","2024-02-28 16:53:36","5","2024-03-01 15:28:23",,"5"
"2005","146","2024-02-28","2020-09","32","1154","1342","3-2023","4-2023","2","CUIT: 20280331954","125","250","860","215000","6191","5","536","2024-02-28 16:54:02","5","2024-02-28 17:37:13",,"5"
"2006","147","2024-02-28","2020-09","32","1200","1342","4-2023","4-2023","1","CUIT: 23299503429","125","125","859.5","107437.5","6192","5","537","2024-02-28 17:47:21","5","2024-02-28 17:50:49",,"5"
"2007","148","2024-03-12","2020-09","32","866","1342","4-2023","4-2023","1","CUIT: 30590162279","175","175","865","151375","6257","2","5470","2024-03-12 14:01:56","5","2024-03-12 14:51:01",,"5"
"2008","149","2024-03-12","2020-09","32","908","1342","4-2023","4-2023","1","CUIT: 30643748688","175","175","860","150500","6258","2","5471","2024-03-12 14:02:29","5","2024-03-12 14:53:22",,"5"
"2009","150","2024-03-12","2020-09","32","879","1342","4-2023","4-2023","1","CUIT: 30506357841 RECTIFICATIVA","125","125","861","107625","6256","2","5469","2024-03-12 14:02:54","5","2024-03-12 14:47:20",,"5"
"2010","151","2024-03-12","2020-09","32","1075","1342","3-2023","4-2023","2","CUIT: 30716440601","125","250","863","215750","6260","5","556","2024-03-12 14:03:24","5","2024-03-12 14:59:20",,"5"
"2011","152","2024-03-12","2020-09","32","1201","1342","3-2023","4-2023","2","CUIT: 30715781618","125","250","865","216250","6259","5","555","2024-03-12 14:03:46","5","2024-03-12 14:56:43",,"5"
"2012","153","2024-03-12","2020-09","32","526","1342","4-2023","4-2023","1","CUIT: 30686241749 OC N° 4500509038","140","140","865.5","121170","6285","2","5494","2024-03-12 14:04:33","5","2024-03-19 15:20:40","5","5"
"2013","154","2024-03-12","2020-09","32","1182","1342","4-2023","4-2023","1","CUIT: 33711252709","125","125","865.5","108187.5","6255","2","5468","2024-03-12 14:04:55","5","2024-03-12 14:43:45",,"5"
"2014","155","2024-03-21","2020-09","32","1208","1342","3-2023","4-2023","2","CUIT: 30690623915 RECTIFICATIVAS","125","250","869.5","217375","6286","2","5495","2024-03-21 12:01:26","5","2024-03-21 14:26:35","5","5"
"2015","156","2024-03-21","2020-09","32","1205","1342","4-2023","4-2023","1","CUIT: 33709741999","125","125","871.5","108937.5","6290","5","559","2024-03-21 12:01:47","5","2024-03-21 14:37:51",,"5"
"2016","157","2024-03-21","2020-09","32","1209","1342","2-2023","3-2023","2","CUIT: 30711763879","125","250","871.5","217875","6289","2","5498","2024-03-21 12:02:36","5","2024-03-21 14:34:27",,"5"
"2017","158","2024-03-21","2020-09","32","1210","1342","4-2023","4-2023","1","CUIT: 30714467111","125","125","871.5","108937.5","6288","2","5497","2024-03-21 12:03:16","5","2024-03-21 14:32:08",,"5"
"2018","159","2024-03-21","2020-09","32","1078","1342","4-2023","4-2023","1","CUIT: 33708759479","125","125","872.5","109062.5","6287","2","5496","2024-03-21 12:03:35","5","2024-03-21 14:29:19","5","5"
"2019","160","2024-04-08","2020-09","4","1084","1342","4-2023","4-2023","1","CUIT: 33711217679","125","125","876","109500",,,,"2024-04-08 09:20:33","5","2024-04-08 12:22:17","5","5"
"2020","161","2024-04-08","2020-09","32","1077","1342","2-2023","3-2023","2","CUIT: 30540367120","125","250","881.5","220375","6297","2","5504","2024-04-08 09:21:15","5","2024-04-08 16:08:41","5","5"
"2021","162","2024-04-08","2020-09","32","1211","1342","4-2023","4-2023","1","CUIT: 30711756260","125","125","881.5","110187.5","6298","2","5505","2024-04-08 09:21:28","5","2024-04-08 16:12:08",,"5"
"2022","163","2024-04-08","2020-09","32","1084","1342","4-2023","4-2023","1","CUIT: 33711217679","125","125","876","109500","6296","2","5503","2024-04-08 12:17:36","5","2024-04-08 16:06:11","5","5"
"2023","164","2024-04-08","2020-09","4","1077","1342","2-2023","3-2023","2","CUIT: 30540367120","125","250","881.5","220375",,,,"2024-04-08 12:18:15","5","2024-04-08 12:22:46","5","5"
"2024","165","2024-04-08","2024-04","4","1057","1342","1-2023","1-2024","5","Cuit: 30687276996",,,,,,,,"2024-04-08 15:20:55","2","2024-04-08 15:21:51","1","5"
"2025","166","2024-04-10","2020-09","32","1017","1342","1-2024","1-2024","1","CUIT: 30628395450","150","150","884","132600","6302","2","5509","2024-04-10 17:38:38","5","2024-04-11 13:58:52",,"5"
"2026","167","2024-04-10","2020-09","32","1097","1342","1-2024","1-2024","1","CUIT: 33539811059","150","150","884","132600","6301","2","5508","2024-04-10 17:38:55","5","2024-04-11 13:57:05",,"5"
"2027","168","2024-04-10","2020-09","32","1071","1342","1-2024","1-2024","1","CUIT: 30696223757","150","150","884","132600","6300","2","5507","2024-04-10 17:39:11","5","2024-04-11 13:54:23",,"5"
"2028","169","2024-04-10","2020-09","32","1099","1342","4-2023","4-2023","1","CUIT: 20160708833 RECTIFICATIVA","125","125","883","110375","6303","2","5510","2024-04-10 17:39:36","5","2024-04-11 14:00:48","5","5"
"2029","170","2024-04-10","2020-09","32","938","1342","4-2023","4-2023","1","CUIT: 30604456475 RECTIFICATIVA","125","125","884","110500","6304","5","561","2024-04-10 17:40:09","5","2024-04-11 14:04:16",,"5"
"2030","171","2024-04-11","2020-09","32","1061","1342","1-2024","1-2024","1","CUIT: 30528844746","125","125","884.5","110562.5","6299","2","5506","2024-04-11 11:16:02","5","2024-04-11 13:44:24",,"5"
"2031","172","2024-04-11","2020-09","32","1127","1342","1-2024","1-2024","1","CUIT: 34612073475","125","125","884.5","110562.5","6305","5","562","2024-04-11 11:16:21","5","2024-04-11 14:05:58",,"5"
"2032","173","2024-04-16","2020-09","32","942","1342","1-2024","1-2024","1","CUIT: 30708146621","125","125","885.5","110687.5","6327","5","565","2024-04-16 10:53:05","5","2024-04-17 15:56:24",,"5"
"2033","174","2024-04-16","2020-09","32","915","1342","1-2024","1-2024","1","CUIT: 30674287085","125","125","885.5","110687.5","6325","2","5528","2024-04-16 10:53:24","5","2024-04-17 15:48:19",,"5"
"2034","175","2024-04-16","2020-09","32","1094","1342","3-2023","4-2023","2","CUIT: 30695057020","125","250","887.5","221875","6328","5","566","2024-04-16 10:53:49","5","2024-04-17 15:59:42",,"5"
"2035","176","2024-04-16","2020-09","32","1151","1342","1-2024","1-2024","1","CUIT: 30710397283","125","125","887.5","110937.5","6326","2","5529","2024-04-16 10:54:04","5","2024-04-17 15:51:58",,"5"
"2036","177","2024-04-18","2020-09","32","904","1342","1-2024","1-2024","1","CUIT: 30504437546","125","125","888","111000","6336","5","569","2024-04-18 08:32:33","5","2024-04-18 19:46:32",,"5"
"2037","178","2024-04-18","2020-09","32","1078","1342","1-2024","1-2024","1","CUIT: 33708759479","125","125","888","111000","6335","2","5534","2024-04-18 08:32:50","5","2024-04-18 19:40:23",,"5"
"2038","179","2024-04-18","2020-09","32","1213","1342","1-2024","1-2024","1","CUIT: 30618555840","125","125","888","111000","6334","2","5533","2024-04-18 08:33:06","5","2024-04-18 19:36:48",,"5"
"2039","180","2024-04-18","2020-09","32","937","1342","1-2024","1-2024","1","CUIT: 30714838411","125","125","888","111000","6332","2","5531","2024-04-18 08:33:21","5","2024-04-18 19:27:56",,"5"
"2040","181","2024-04-18","2020-09","32","869","1342","1-2024","1-2024","1","CUIT: 30626391385","125","125","888","111000","6333","2","5532","2024-04-18 08:33:44","5","2024-04-18 19:34:06",,"5"
"2041","182","2024-04-18","2020-09","32","1005","1342","1-2024","1-2024","1","CUIT: 30709025755","125","125","888","111000","6337","5","570","2024-04-18 08:34:09","5","2024-04-18 19:48:53",,"5"
"2042","183","2024-04-23","2020-09","32","840","1342","1-2024","1-2024","1","CUIT: 33708829639","150","150","892","133800","6340","2","5537","2024-04-23 15:21:11","5","2024-04-26 15:00:07",,"5"
"2043","184","2024-04-23","2020-09","32","1124","1342","1-2024","1-2024","1","CUIT: 30709997617","125","125","892","111500","6343","5","573","2024-04-23 15:21:35","5","2024-04-26 15:12:15",,"5"
"2044","185","2024-04-23","2020-09","32","1022","1342","1-2024","1-2024","1","CUIT: 30688359127  OC N° 21224","150","150","892","133800","6355","2","5546","2024-04-23 15:21:50","5","2024-04-30 14:37:55","5","5"
"2045","186","2024-04-23","2020-09","32","1163","1342","1-2024","1-2024","1","CUIT: 30710765045","125","125","892","111500","6341","5","571","2024-04-23 15:22:07","5","2024-04-26 15:05:06",,"5"
"2046","187","2024-04-26","2020-09","32","890","1342","1-2024","1-2024","1","CUIT: 30710873808","125","125","892.5","111562.5","6338","2","5535","2024-04-26 08:28:25","5","2024-04-26 14:51:05",,"5"
"2047","188","2024-04-26","2020-09","32","1102","1342","1-2024","1-2024","1","CUIT: 30709623997","125","125","893","111625","6342","5","572","2024-04-26 08:28:45","5","2024-04-26 15:08:42",,"5"
"2048","189","2024-04-26","2020-09","32","955","1342","1-2024","1-2024","1","CUIT: 30503865455","125","125","892.5","111562.5","6339","2","5536","2024-04-26 08:29:02","5","2024-04-26 14:56:24",,"5"
"2049","190","2024-05-07","2020-09","32","721","1342","1-2024","1-2024","1","CUIT: 30629717958","125","125","899","112375","6361","2","5551","2024-05-07 15:31:06","5","2024-05-08 23:06:14",,"5"
"2050","191","2024-05-07","2020-09","32","1106","1342","1-2024","1-2024","1","CUIT: 30703258634","125","125","899","112375","6359","2","5549","2024-05-07 15:31:25","5","2024-05-08 22:58:25",,"5"
"2051","192","2024-05-07","2020-09","32","971","1342","1-2024","1-2024","1","CUIT: 20108971747","125","125","899.5","112437.5","6362","5","578","2024-05-07 15:31:48","5","2024-05-08 23:12:10",,"5"
"2052","193","2024-05-07","2020-09","32","1035","1342","1-2024","1-2024","1","CUIT: 30709196258","140","140","899.5","125930","6360","2","5550","2024-05-07 15:32:08","5","2024-05-08 23:02:42",,"5"
"2053","194","2024-05-10","2020-09","32","1214","1342","3-2023","1-2024","3","CUIT: 30714124540","125","375","899.5","337312.5","6366","2","5552","2024-05-10 13:39:57","5","2024-05-10 14:53:39",,"5"
"2054","195","2024-05-10","2020-09","32","1120","1342","1-2024","1-2024","1","CUIT: 30707916083","125","125","901","112625","6365","5","581","2024-05-10 13:40:16","5","2024-05-10 14:46:54",,"5"
"2055","196","2024-05-10","2020-09","32","891","1342","1-2024","1-2024","1","CUIT: 30711917779","125","125","901.5","112687.5","6363","5","579","2024-05-10 13:40:32","5","2024-05-10 14:38:59",,"5"
"2056","197","2024-05-10","2020-09","32","898","1342","1-2024","1-2024","1","CUIT: 30695092233","125","125","901.5","112687.5","6364","5","580","2024-05-10 13:40:50","5","2024-05-10 14:44:10",,"5"
"2057","198","2024-05-14","2020-09","32","1073","1342","1-2024","1-2024","1","CUIT: 33691265949","175","175","904","158200","6372","2","5557","2024-05-14 11:45:25","5","2024-05-14 12:24:07",,"5"
"2058","199","2024-05-14","2020-09","32","1072","1342","1-2024","1-2024","1","CUIT: 30714848034","175","175","904","158200","6371","2","5556","2024-05-14 11:45:42","5","2024-05-14 12:20:33",,"5"
"2059","200","2024-05-17","2020-09","32","946","1342","1-2024","1-2024","1","CUIT: 30518801453","125","125","903","112875","6408","2","5585","2024-05-17 14:32:19","5","2024-05-17 15:48:08",,"5"
"2060","201","2024-05-17","2020-09","32","1086","1342","1-2024","1-2024","1","CUIT: 30573118983","175","175","905.5","158462.5","6405","5","590","2024-05-17 14:32:36","5","2024-05-17 15:43:38",,"5"
"2061","202","2024-05-17","2020-09","32","929","1342","1-2024","1-2024","1","CUIT: 30715863193","125","125","905.5","113187.5","6400","2","5580","2024-05-17 14:32:55","5","2024-05-17 15:38:41",,"5"
"2062","203","2024-05-17","2020-09","32","905","1342","1-2024","1-2024","1","CUIT: 30715468294","125","125","905.5","113187.5","6399","2","5579","2024-05-17 14:33:11","5","2024-05-17 15:36:49",,"5"
"2063","204","2024-05-17","2020-09","32","933","1342","1-2024","1-2024","1","CUIT: 30708063629","125","125","905","113125","6401","5","588","2024-05-17 14:33:34","5","2024-05-17 15:39:10",,"5"
"2064","205","2024-05-17","2020-09","32","879","1342","1-2024","1-2024","1","CUIT: 30506357841","125","125","905","113125","6410","2","5587","2024-05-17 14:33:55","5","2024-05-17 15:51:08",,"5"
"2065","206","2024-05-17","2020-09","32","944","1342","1-2024","1-2024","1","CUIT: 30708784164","125","125","905","113125","6398","5","587","2024-05-17 14:34:12","5","2024-05-17 15:35:31",,"5"
"2066","207","2024-05-17","2020-09","32","892","1342","1-2024","1-2024","1","CUIT: 33584584179","140","140","905","126700","6403","5","589","2024-05-17 14:34:35","5","2024-05-17 15:41:42",,"5"
"2067","208","2024-05-17","2020-09","32","655","1342","1-2024","1-2024","1","CUIT: 33709989419","125","125","905","113125","6397","5","586","2024-05-17 14:34:52","5","2024-05-17 15:31:00",,"5"
"2068","209","2024-05-17","2020-09","32","1090","1342","1-2024","1-2024","1","CUIT: 30715799800","125","125","905","113125","6404","2","5582","2024-05-17 14:35:10","5","2024-05-17 15:42:37",,"5"
"2069","210","2024-05-17","2020-09","32","902","1342","1-2024","1-2024","1","CUIT: 30712022368","140","140","905","126700","6396","5","585","2024-05-17 14:35:27","5","2024-05-17 15:28:11",,"5"
"2070","211","2024-05-17","2020-09","32","965","1342","1-2024","1-2024","1","CUIT: 30707937420","125","125","904.5","113062.5","6409","2","5586","2024-05-17 14:35:43","5","2024-05-17 15:49:40","5","5"
"2071","212","2024-05-17","2020-09","32","1099","1342","1-2024","1-2024","1","CUIT: 20160708833","125","125","905","113125","6407","2","5584","2024-05-17 14:36:16","5","2024-05-17 15:46:31",,"5"
"2072","213","2024-05-17","2020-09","32","435","1342","1-2024","1-2024","1","CUIT: 30617091190","125","125","905","113125","6402","2","5581","2024-05-17 14:36:34","5","2024-05-17 15:40:33",,"5"
"2073","214","2024-05-17","2020-09","32","1048","1342","1-2024","1-2024","1","CUIT: 30708937785","125","125","905.5","113187.5","6406","2","5583","2024-05-17 14:36:54","5","2024-05-17 15:44:26",,"5"
"2074","215","2024-05-22","2020-09","32","899","1342","1-2024","1-2024","1","CUIT: 30592724541","125","125","905.5","113187.5","6412","2","5588","2024-05-22 17:06:56","5","2024-05-22 17:39:12",,"5"
"2075","216","2024-05-22","2020-09","32","979","1342","1-2024","1-2024","1","CUIT: 30600738379","125","125","905.5","113187.5","6421","2","5597","2024-05-22 17:07:10","5","2024-05-22 18:03:34",,"5"
"2076","217","2024-05-22","2020-09","32","1137","1342","1-2024","1-2024","1","CUIT: 30700987457","125","125","905.5","113187.5","6422","2","5598","2024-05-22 17:07:23","5","2024-05-22 18:05:51",,"5"
"2077","218","2024-05-22","2020-09","32","1023","1342","1-2024","1-2024","1","CUIT: 30504042894","140","140","905.5","126770","6420","2","5596","2024-05-22 17:07:39","5","2024-05-22 18:01:35",,"5"
"2078","219","2024-05-22","2020-09","32","1074","1342","1-2024","1-2024","1","CUIT: 30716356678","125","125","905.5","113187.5","6425","5","592","2024-05-22 17:07:56","5","2024-05-22 18:14:15",,"5"
"2079","220","2024-05-22","2020-09","32","997","1342","1-2024","1-2024","1","CUIT: 30711776008","125","125","905.5","113187.5","6424","2","5600","2024-05-22 17:08:17","5","2024-05-22 18:11:46",,"5"
"2080","221","2024-05-22","2020-09","32","843","1342","1-2024","1-2024","1","CUIT: 30543349085","125","125","907.5","113437.5","6413","2","5589","2024-05-22 17:08:53","5","2024-05-22 17:45:21",,"5"
"2081","222","2024-05-22","2020-09","32","1096","1342","1-2024","1-2024","1","CUIT: 30500755195","125","125","905","113125","6427","5","594","2024-05-22 17:09:21","5","2024-05-22 18:18:06",,"5"
"2082","223","2024-05-22","2020-09","32","900","1342","1-2024","1-2024","1","CUIT: 30638611097","140","140","908","127120","6419","2","5595","2024-05-22 17:09:38","5","2024-05-22 17:58:34",,"5"
"2083","224","2024-05-22","2020-09","32","1079","1342","1-2024","1-2024","1","CUIT: 30708789816","125","125","905.5","113187.5","6423","2","5599","2024-05-22 17:09:57","5","2024-05-22 18:08:12",,"5"
"2084","225","2024-05-22","2020-09","32","1004","1342","1-2024","1-2024","1","CUIT: 30716637189","125","125","907.5","113437.5","6415","2","5591","2024-05-22 17:10:16","5","2024-05-22 17:49:47",,"5"
"2085","226","2024-05-22","2020-09","32","1089","1342","1-2024","1-2024","1","CUIT: 33618610719","125","125","905.5","113187.5","6418","2","5594","2024-05-22 17:10:34","5","2024-05-22 17:55:33",,"5"
"2086","227","2024-05-22","2020-09","32","1042","1342","1-2024","1-2024","1","CUIT: 30716051338","125","125","907.5","113437.5","6414","2","5590","2024-05-22 17:10:54","5","2024-05-22 17:47:46",,"5"
"2087","228","2024-05-22","2020-09","32","228","1342","1-2024","1-2024","1","CUIT: 30501579471","150","150","908","136200","6416","2","5592","2024-05-22 17:11:10","5","2024-05-22 17:51:25",,"5"
"2088","229","2024-05-22","2020-09","32","1036","1342","1-2024","1-2024","1","CUIT: 30709511846","125","125","907.5","113437.5","6417","2","5593","2024-05-22 17:11:26","5","2024-05-22 17:53:46",,"5"
"2089","230","2024-05-22","2020-09","32","1121","1342","1-2024","1-2024","1","CUIT: 30515491615","125","125","908.5","113562.5","6426","5","593","2024-05-22 17:11:40","5","2024-05-22 18:15:47",,"5"
"2090","231","2024-05-27","2020-09","32","917","1342","1-2024","1-2024","1","CUIT: 30602173638","250","250","908.5","227125","6441","2","5609","2024-05-27 12:41:43","5","2024-05-28 11:04:26",,"5"
"2091","232","2024-05-27","2020-09","32","526","1342","1-2024","1-2024","1","CUIT: 30686241749   OC 4500533945","140","140","904","126560","6434","2","5602","2024-05-27 12:42:00","5","2024-05-28 10:17:17","5","5"
"2092","233","2024-05-27","2020-09","32","913","1342","1-2024","1-2024","1","CUIT: 30504023377","175","175","908.5","158987.5","6436","2","5604","2024-05-27 12:42:20","5","2024-05-28 10:30:58",,"5"
"2093","234","2024-05-27","2020-09","32","860","1342","1-2024","1-2024","1","CUIT: 30694753201","125","125","909","113625","6433","5","599","2024-05-27 12:42:49","5","2024-05-28 10:04:37",,"5"
"2094","235","2024-05-27","2020-09","32","1182","1342","1-2024","1-2024","1","CUIT: 33711252709","125","125","908.5","113562.5","6444","2","5612","2024-05-27 12:45:21","5","2024-05-28 11:13:19",,"5"
"2095","236","2024-05-27","2020-09","32","970","1342","1-2024","1-2024","1","CUIT: 33711994209","125","125","908.5","113562.5","6432","5","598","2024-05-27 12:45:52","5","2024-05-28 10:01:37",,"5"
"2096","237","2024-05-27","2020-09","32","1105","1342","1-2024","1-2024","1","CUIT: 20339854387","125","125","908.5","113562.5","6431","5","597","2024-05-27 12:46:14","5","2024-05-28 09:58:13",,"5"
"2097","238","2024-05-27","2020-09","32","1161","1342","1-2024","1-2024","1","CUIT: 30707441360","125","125","908.5","113562.5","6442","2","5610","2024-05-27 12:46:49","5","2024-05-28 11:06:57",,"5"
"2098","239","2024-05-27","2020-09","32","866","1342","1-2024","1-2024","1","CUIT: 30590162279","175","175","909.5","159162.5","6437","2","5605","2024-05-27 12:47:19","5","2024-05-28 10:35:53",,"5"
"2099","240","2024-05-27","2020-09","32","1018","1342","1-2024","1-2024","1","CUIT: 30709254630","175","175","909.5","159162.5","6439","2","5607","2024-05-27 12:47:46","5","2024-05-28 10:41:39",,"5"
"2100","241","2024-05-27","2020-09","32","1145","1342","1-2024","1-2024","1","CUIT: 30716315270","175","175","909.5","159162.5","6438","2","5606","2024-05-27 12:48:03","5","2024-05-28 10:38:27",,"5"
"2101","242","2024-05-27","2020-09","32","908","1342","1-2024","1-2024","1","CUIT: 30643748688","175","175","909.5","159162.5","6440","2","5608","2024-05-27 12:48:36","5","2024-05-28 10:44:48",,"5"
"2102","243","2024-05-27","2020-09","32","1125","1342","1-2024","1-2024","1","CUIT: 30690867393","125","125","909.5","113687.5","6443","2","5611","2024-05-27 12:48:52","5","2024-05-28 11:09:27",,"5"
"2103","244","2024-05-27","2020-09","32","1132","1342","4-2023","1-2024","2","CUIT: 30582911408","125","250","911.5","227875","6435","2","5603","2024-05-27 12:49:16","5","2024-05-28 10:25:44",,"5"
"2104","245","2024-06-10","2020-09","32","938","1342","1-2024","1-2024","1","CUIT: 30604456475","125","125","911.5","113937.5","6453","5","602","2024-06-10 10:27:30","5","2024-06-10 20:32:28",,"5"
"2105","246","2024-06-10","2020-09","32","1148","1342","1-2024","1-2024","1","CUIT: 30707792007","125","125","911.5","113937.5","6452","5","601","2024-06-10 10:27:49","5","2024-06-10 20:28:52",,"5"
"2106","247","2024-06-10","2020-09","32","1217","1342","1-2024","1-2024","1","CUIT: 30711967245","125","125","913","114125","6446","2","5614","2024-06-10 10:28:07","5","2024-06-10 20:10:18",,"5"
"2107","248","2024-06-10","2020-09","32","1050","1342","1-2024","1-2024","1","CUIT: 30716719347","125","125","914","114250","6447","2","5615","2024-06-10 10:28:28","5","2024-06-10 20:12:42",,"5"
"2108","249","2024-06-10","2020-09","32","1139","1342","4-2023","1-2024","2","CUIT: 30717670082","125","250","918","229500","6451","5","600","2024-06-10 10:29:04","5","2024-06-10 20:25:06",,"5"
"2109","250","2024-06-10","2020-09","32","1019","1342","1-2024","1-2024","1","CUIT: 30702179153","125","125","918","114750","6449","2","5617","2024-06-10 10:29:44","5","2024-06-10 20:16:41",,"5"
"2110","251","2024-06-10","2020-09","32","1090","1342","1-2024","1-2024","1","CUIT: 30715799800 RECTIFICATIVA","125","125","918","114750","6450","2","5618","2024-06-10 10:30:12","5","2024-06-10 20:21:14",,"5"
"2111","252","2024-06-10","2020-09","32","1008","1342","1-2024","1-2024","1","CUIT: 30707822917","125","125","918","114750","6448","2","5616","2024-06-10 10:31:06","5","2024-06-10 20:14:45",,"5"
"2112","253","2024-06-11","2020-09","32","890","1342","4-2023","4-2023","1","CUIT: 30710873808 (RECUPERO DE IVA POR EXPORTACION 12.2023)","441514.4","441514.4","1","441514.4","6454","2","5619","2024-06-11 09:53:18","5","2024-06-11 10:23:58",,"5"
"2113","254","2024-06-19","2020-09","32","1083","1342","1-2024","1-2024","1","CUIT: 23259940419","125","125","921","115125","6483","5","606","2024-06-19 09:33:16","5","2024-06-24 09:28:05",,"5"
"2114","255","2024-06-19","2020-09","32","953","1342","1-2024","1-2024","1","CUIT: 30711416028","125","125","921","115125","6481","5","604","2024-06-19 09:33:48","5","2024-06-24 09:24:07",,"5"
"2115","256","2024-06-19","2020-09","32","1159","1342","1-2024","1-2024","1","CUIT: 20256836581","125","125","921","115125","6482","5","605","2024-06-19 09:34:09","5","2024-06-24 09:26:13",,"5"
"2116","257","2024-06-19","2020-09","32","1014","1342","1-2024","1-2024","1","CUIT: 30709988367","125","125","921.5","115187.5","6479","2","5643","2024-06-19 09:34:36","5","2024-06-24 09:19:40",,"5"
"2117","258","2024-06-19","2020-09","32","1114","1342","1-2024","1-2024","1","CUIT: 30637485837","125","125","924","115500","6478","2","5642","2024-06-19 09:34:54","5","2024-06-24 09:16:07",,"5"
"2118","259","2024-06-19","2020-09","32","1219","1342","1-2024","1-2024","1","CUIT: 33709494509","125","125","924","115500","6480","2","5644","2024-06-19 09:58:15","5","2024-06-24 09:22:00",,"5"
"2119","260","2024-06-28","2020-09","32","1098","1342","1-2024","1-2024","1","CUIT: 30584941053","125","125","924.5","115562.5","6498","5","613","2024-06-28 13:52:20","5","2024-07-01 16:52:49",,"5"
"2120","261","2024-06-28","2020-09","32","900","1342","4-2023","4-2023","1","CUIT: 30638611097 (DDJJ ANUAL 2023)","531","531","929.5","493564.5","6502","2","5655","2024-06-28 13:53:02","5","2024-07-01 17:01:56",,"5"
"2121","262","2024-06-28","2020-09","32","866","1342","4-2023","4-2023","1","CUIT: 30590162279","485","485","929.5","450807.5","6501","2","5654","2024-06-28 13:53:31","5","2024-07-01 17:00:03",,"5"
"2122","263","2024-06-28","2020-09","32","1032","1342","1-2024","1-2024","1","CUIT: 30714981613","125","125","928","116000","6499","5","614","2024-06-28 13:53:50","5","2024-07-01 16:55:49",,"5"
"2123","264","2024-06-28","2020-09","32","1129","1342","1-2024","1-2024","1","CUIT: 20205862243","125","125","929.5","116187.5","6500","2","5653","2024-06-28 13:54:11","5","2024-07-01 16:58:04",,"5"
"2124","265","2024-07-10","2020-09","32","890","1342","1-2024","1-2024","1","CUIT: 30710873808 (RECUPERO DE IVA POR EXPORTACIÓN 03.2024)","480563","480563","1","480563","6504","2","5657","2024-07-10 11:45:14","5","2024-07-11 21:27:45",,"5"
"2125","266","2024-07-15","2020-09","32","899","1342","4-2023","4-2023","1","CUIT: 30592724541 (DDJJ ANUAL 2023)","500","500","934","467000","6516","2","5669","2024-07-15 13:00:26","5","2024-07-15 15:17:28",,"5"
"2126","267","2024-07-15","2020-09","32","435","1342","4-2023","4-2023","1","CUIT: 30617091190 (DDJJ ANUAL 2023)","500","500","930.5","465250","6517","2","5670","2024-07-15 13:01:25","5","2024-07-15 15:20:56",,"5"
"2127","268","2024-07-15","2020-09","32","942","1342","2-2024","2-2024","1","CUIT: 30708146621","125","125","933.5","116687.5","6519","5","616","2024-07-15 13:01:58","5","2024-07-15 15:31:46","5","5"
"2128","269","2024-07-15","2020-09","32","1088","1342","1-2024","1-2024","1","CUIT: 30717522512","125","125","934.5","116812.5","6505","2","5658","2024-07-15 13:02:55","5","2024-07-15 14:26:51",,"5"
"2129","270","2024-07-15","2020-09","32","1048","1342","2-2024","2-2024","1","CUIT: 30708937785","125","125","936.5","117062.5","6513","2","5666","2024-07-15 13:03:35","5","2024-07-15 15:06:23",,"5"
"2130","271","2024-07-15","2020-09","32","1220","1342","1-2024","2-2024","2","CUIT: 20308008682","125","250","937.5","234375","6506","2","5659","2024-07-15 13:04:20","5","2024-07-15 14:36:09",,"5"
"2131","272","2024-07-15","2020-09","32","1005","1342","2-2024","2-2024","1","CUIT: 30709025755","125","125","937.5","117187.5","6520","5","617","2024-07-15 13:04:51","5","2024-07-15 15:34:38",,"5"
"2132","273","2024-07-15","2020-09","32","1097","1342","2-2024","2-2024","1","CUIT: 33539811059","150","150","940","141000","6509","2","5662","2024-07-15 13:05:13","5","2024-07-15 14:49:58",,"5"
"2133","274","2024-07-15","2020-09","32","1071","1342","2-2024","2-2024","1","CUIT: 30696223757","150","150","940","141000","6508","2","5661","2024-07-15 13:06:03","5","2024-07-15 14:47:19",,"5"
"2134","275","2024-07-15","2020-09","32","1017","1342","2-2024","2-2024","1","CUIT: 30628395450","150","150","940","141000","6510","2","5663","2024-07-15 13:06:17","5","2024-07-15 14:52:59",,"5"
"2135","276","2024-07-15","2020-09","32","1221","1342","1-2024","1-2024","1","CUIT: 30714956481","125","125","937.5","117187.5","6507","2","5660","2024-07-15 13:06:54","5","2024-07-15 14:40:05",,"5"
"2136","277","2024-07-15","2020-09","32","1035","1342","2-2024","2-2024","1","CUIT: 30709196258","175","175","940","164500","6514","2","5667","2024-07-15 13:07:22","5","2024-07-15 15:10:27",,"5"
"2137","278","2024-07-15","2020-09","32","1217","1342","2-2024","2-2024","1","CUIT: 30711967245","125","125","938","117250","6511","2","5664","2024-07-15 13:07:47","5","2024-07-15 14:59:24",,"5"
"2138","279","2024-07-15","2020-09","32","1219","1342","2-2024","2-2024","1","CUIT: 33709494509","125","125","938","117250","6515","2","5668","2024-07-15 13:08:09","5","2024-07-15 15:13:31",,"5"
"2139","280","2024-07-15","2020-09","32","944","1342","2-2024","2-2024","1","CUIT: 30708784164","125","125","940","117500","6521","5","618","2024-07-15 13:08:34","5","2024-07-15 15:36:55",,"5"
"2140","281","2024-07-15","2020-09","32","1201","1342","1-2024","1-2024","1","CUIT: 30715781618","125","125","938","117250","6518","5","615","2024-07-15 13:10:10","5","2024-07-15 15:27:20",,"5"
"2141","282","2024-07-15","2020-09","32","937","1342","2-2024","2-2024","1","CUIT: 30714838411","125","125","938","117250","6512","2","5665","2024-07-15 13:10:51","5","2024-07-15 15:02:37",,"5"
"2142","283","2024-07-15","2020-09","32","1127","1342","2-2024","2-2024","1","CUIT: 34612073475","125","125","940","117500","6522","5","619","2024-07-15 13:11:22","5","2024-07-15 15:39:03",,"5"
"2143","284","2024-07-17","2020-09","32","945","1342","4-2023","1-2024","2","CUIT: 30582981341","125","250","940.5","235125","6553","5","623","2024-07-17 16:26:53","5","2024-07-17 19:49:49",,"5"
"2144","285","2024-07-17","2020-09","32","1159","1342","2-2024","2-2024","1","CUIT: 20256836581","125","125","941","117625","6554","5","624","2024-07-17 16:27:24","5","2024-07-17 19:54:33",,"5"
"2145","286","2024-07-17","2020-09","32","971","1342","2-2024","2-2024","1","CUIT: 20108971747","125","125","942","117750","6555","5","625","2024-07-17 16:27:43","5","2024-07-17 19:56:47",,"5"
"2146","287","2024-07-17","2020-09","32","1137","1342","2-2024","2-2024","1","CUIT: 30700987457","125","125","942","117750","6552","2","5697","2024-07-17 16:27:59","5","2024-07-17 19:46:30",,"5"
"2147","288","2024-07-17","2020-09","32","1151","1342","2-2024","2-2024","1","CUIT: 30710397283","125","125","942","117750","6551","2","5696","2024-07-17 16:28:17","5","2024-07-17 19:44:16",,"5"
"2148","289","2024-07-24","2020-09","32","1061","1342","2-2024","2-2024","1","CUIT: 30528844746","125","125","944.5","118062.5","6556","2","5698","2024-07-24 15:53:14","5","2024-07-24 19:25:29",,"5"
"2149","290","2024-07-24","2020-09","32","840","1342","2-2024","2-2024","1","CUIT: 33708829639","150","150","944.5","141675","6563","2","5705","2024-07-24 15:53:34","5","2024-07-24 19:44:54",,"5"
"2150","291","2024-07-24","2020-09","32","1129","1342","2-2024","2-2024","1","CUIT: 20205862243","125","125","942.5","117812.5","6559","2","5701","2024-07-24 15:54:13","5","2024-07-24 19:34:31",,"5"
"2151","292","2024-07-24","2020-09","32","869","1342","2-2024","2-2024","1","CUIT: 30626391385","125","125","944.5","118062.5","6560","2","5702","2024-07-24 15:54:34","5","2024-07-24 19:36:44",,"5"
"2152","293","2024-07-24","2020-09","32","1142","1342","1-2024","1-2024","1","CUIT: 30708640979","125","125","942.5","117812.5","6558","2","5700","2024-07-24 15:54:54","5","2024-07-24 19:30:55",,"5"
"2153","294","2024-07-24","2020-09","32","904","1342","2-2024","2-2024","1","CUIT: 30504437546","125","125","946","118250","6565","5","626","2024-07-24 15:55:31","5","2024-07-24 19:54:17",,"5"
"2154","295","2024-07-24","2020-09","32","946","1342","2-2024","2-2024","1","CUIT: 30518801453","125","125","946.5","118312.5","6557","2","5699","2024-07-24 15:56:05","5","2024-07-24 19:28:29",,"5"
"2155","296","2024-07-24","2020-09","32","1057","1342","1-2024","1-2024","1","CUIT: 30687276996 RECTIFICATIVA","175","175","946","165550","6561","2","5703","2024-07-24 15:56:32","5","2024-07-24 19:40:05",,"5"
"2156","297","2024-07-24","2020-09","32","721","1342","2-2024","2-2024","1","CUIT: 30629717958","125","125","946.5","118312.5","6562","2","5704","2024-07-24 15:56:51","5","2024-07-24 19:42:41",,"5"
"2157","298","2024-07-24","2020-09","32","526","1342","4-2023","4-2023","1","CUIT: 30686241749 DDJJ ANUAL 2023 OC 4500557879","550","550","930.5","511775","6564","2","5706","2024-07-24 17:32:07","5","2024-07-24 19:51:20",,"5"
"2158","299","2024-07-24","2020-09","32","526","1342","2-2024","2-2024","1","CUIT: 30686241749 OC 4500557877","140","140","936.5","131110","6564","2","5706","2024-07-24 17:33:35","5","2024-07-24 19:51:20",,"5"
"2159","300","2024-07-26","2020-09","32","911","1342","3-2023","1-2024","3","CUIT: 30632072917","125","375","946","354750","6567","2","5707","2024-07-26 11:11:26","5","2024-07-26 11:56:54",,"5"
"2160","301","2024-07-26","2020-09","32","911","1342","4-2023","4-2023","1","CUIT: 30632072917 DDJJ ANUAL 2023","500","500","946","473000","6567","2","5707","2024-07-26 11:11:53","5","2024-07-26 11:56:54",,"5"
"2161","302","2024-07-26","2020-09","32","1102","1342","2-2024","2-2024","1","CUIT: 30709623997","125","125","947.5","118437.5","6570","5","629","2024-07-26 11:12:49","5","2024-07-26 12:04:43",,"5"
"2162","303","2024-07-26","2020-09","32","1161","1342","2-2024","2-2024","1","CUIT: 30707441360","125","125","947.5","118437.5","6568","2","5708","2024-07-26 11:13:12","5","2024-07-26 11:59:22",,"5"
"2163","304","2024-07-26","2020-09","32","902","1342","2-2024","2-2024","1","CUIT: 30712022368","140","140","947.5","132650","6569","5","628","2024-07-26 11:13:34","5","2024-07-26 12:02:55",,"5"
"2164","305","2024-07-26","2020-09","32","892","1342","2-2024","2-2024","1","CUIT: 33584584179","140","140","947.5","132650","6572","5","631","2024-07-26 11:13:53","5","2024-07-26 12:08:43",,"5"
"2165","306","2024-07-26","2020-09","32","1103","1342","1-2024","2-2024","2","CUIT: 30717495027","125","250","947.5","236875","6571","5","630","2024-07-26 11:14:20","5","2024-07-26 12:06:50",,"5"
"2166","307","2024-08-01","2020-09","32","891","1342","2-2024","2-2024","1","CUIT: 30711917779","125","125","951","118875","6576","5","634","2024-08-01 15:13:34","5","2024-08-01 15:42:48",,"5"
"2167","308","2024-08-01","2020-09","32","898","1342","2-2024","2-2024","1","CUIT: 30695092233","125","125","951","118875","6577","5","635","2024-08-01 15:13:49","5","2024-08-01 15:44:21",,"5"
"2168","309","2024-08-01","2020-09","32","1022","1342","2-2024","2-2024","1","CUIT: 30688359127 OC 00000-00021597","150","150","951","142650","6582","2","5713","2024-08-01 15:14:12","5","2024-08-06 14:52:43","5","5"
"2169","310","2024-08-01","2020-09","32","1114","1342","2-2024","2-2024","1","CUIT: 30637485837","125","125","951","118875","6573","2","5709","2024-08-01 15:14:32","5","2024-08-01 15:35:56",,"5"
"2170","311","2024-08-01","2020-09","32","1074","1342","2-2024","2-2024","1","CUIT: 30716356678","125","125","951.5","118937.5","6575","5","633","2024-08-01 15:14:51","5","2024-08-01 15:40:18",,"5"
"2171","312","2024-08-01","2020-09","32","1096","1342","2-2024","2-2024","1","CUIT: 30500755195","125","125","951.5","118937.5","6578","5","636","2024-08-01 15:15:08","5","2024-08-01 15:46:03",,"5"
"2172","313","2024-08-01","2020-09","32","1163","1342","2-2024","2-2024","1","CUIT: 30710765045","125","125","951.5","118937.5","6574","5","632","2024-08-01 15:15:24","5","2024-08-01 15:38:15",,"5"
"2173","314","2024-08-05","2020-09","32","1139","1342","2-2024","2-2024","1","CUIT: 30717670082","125","125","953.5","119187.5","6585","5","637","2024-08-05 15:58:51","5","2024-08-06 15:23:07",,"5"
"2174","315","2024-08-05","2020-09","32","1106","1342","2-2024","2-2024","1","CUIT: 30703258634","125","125","953.5","119187.5","6581","2","5712","2024-08-05 15:59:08","5","2024-08-06 14:49:18",,"5"
"2175","316","2024-08-05","2020-09","32","228","1342","2-2024","2-2024","1","CUIT: 30501579471","150","150","954","143100","6583","2","5714","2024-08-05 15:59:30","5","2024-08-06 14:54:07",,"5"
"2176","317","2024-08-05","2020-09","32","955","1342","2-2024","2-2024","1","CUIT: 30503865455","125","125","954","119250","6584","2","5715","2024-08-05 15:59:54","5","2024-08-06 14:55:52",,"5"
"2177","318","2024-08-12","2020-09","32","1072","1342","2-2024","2-2024","1","CUIT: 30714848034","175","175","958","167650","6586","2","5716","2024-08-12 10:36:41","5","2024-08-12 11:46:12",,"5"
"2178","319","2024-08-12","2020-09","32","1073","1342","2-2024","2-2024","1","CUIT: 33691265949","175","175","958","167650","6587","2","5717","2024-08-12 10:36:57","5","2024-08-12 11:50:05",,"5"
"2179","320","2024-08-13","2020-09","32","1121","1342","2-2024","2-2024","1","CUIT: 30515491615","125","125","954.5","119312.5","6600","5","640","2024-08-13 17:15:46","5","2024-08-13 20:09:46",,"5"
"2180","321","2024-08-13","2020-09","32","1078","1342","2-2024","2-2024","1","CUIT: 33708759479","125","125","954.5","119312.5","6597","2","5727","2024-08-13 17:15:59","5","2024-08-13 19:59:34",,"5"
"2181","322","2024-08-13","2020-09","32","905","1342","2-2024","2-2024","1","CUIT: 30715468294","125","125","958","119750","6593","2","5723","2024-08-13 17:16:15","5","2024-08-13 19:29:48",,"5"
"2182","323","2024-08-13","2020-09","32","929","1342","2-2024","2-2024","1","CUIT: 30715863193","125","125","958","119750","6594","2","5724","2024-08-13 17:16:29","5","2024-08-13 19:33:09",,"5"
"2183","324","2024-08-13","2020-09","32","1124","1342","2-2024","2-2024","1","CUIT: 30709997617","125","125","955.5","119437.5","6598","5","638","2024-08-13 17:16:42","5","2024-08-13 20:03:48",,"5"
"2184","325","2024-08-13","2020-09","32","979","1342","2-2024","2-2024","1","CUIT: 30600738379","125","125","957.5","119687.5","6601","5","641","2024-08-13 17:16:59","5","2024-08-13 20:12:06",,"5"
"2185","326","2024-08-13","2020-09","32","1208","1342","1-2024","2-2024","2","CUIT: 30690623915","125","250","957.5","239375","6595","2","5725","2024-08-13 17:17:16","5","2024-08-13 19:36:55",,"5"
"2186","327","2024-08-13","2020-09","32","1088","1342","2-2024","2-2024","1","CUIT: 30717522512","125","125","958","119750","6590","2","5720","2024-08-13 17:17:36","5","2024-08-13 19:19:31",,"5"
"2187","328","2024-08-13","2020-09","32","1042","1342","2-2024","2-2024","1","CUIT: 30716051338","125","125","958","119750","6591","2","5721","2024-08-13 17:17:50","5","2024-08-13 19:21:57",,"5"
"2188","329","2024-08-13","2020-09","32","1036","1342","2-2024","2-2024","1","CUIT: 30709511846","125","125","958","119750","6592","2","5722","2024-08-13 17:18:04","5","2024-08-13 19:25:01",,"5"
"2189","330","2024-08-13","2020-09","32","933","1342","2-2024","2-2024","1","CUIT: 30708063629","125","125","958.5","119812.5","6599","5","639","2024-08-13 17:18:18","5","2024-08-13 20:07:27",,"5"
"2190","331","2024-08-13","2020-09","32","1090","1342","2-2024","2-2024","1","CUIT: 30715799800","125","125","958.5","119812.5","6596","2","5726","2024-08-13 17:18:30","5","2024-08-13 19:56:52",,"5"
"2191","332","2024-08-15","2020-09","32","866","1342","2-2024","2-2024","1","CUIT: 30590162279","175","175","958.5","167737.5","6604","2","5730","2024-08-15 17:09:49","5","2024-08-15 20:52:36",,"5"
"2192","333","2024-08-15","2020-09","32","908","1342","2-2024","2-2024","1","CUIT: 30643748688","175","175","958.5","167737.5","6605","2","5731","2024-08-15 17:10:03","5","2024-08-15 20:55:07",,"5"
"2193","334","2024-08-15","2020-09","32","1145","1342","2-2024","2-2024","1","CUIT: 30716315270","175","175","958.5","167737.5","6603","2","5729","2024-08-15 17:10:16","5","2024-08-15 20:50:44",,"5"
"2194","335","2024-08-15","2020-09","32","1018","1342","2-2024","2-2024","1","CUIT: 30709254630","175","175","958.5","167737.5","6602","2","5728","2024-08-15 17:10:30","5","2024-08-15 20:48:33",,"5"
"2195","336","2024-08-15","2020-09","32","435","1342","2-2024","2-2024","1","CUIT: 30617091190","125","125","958.5","119812.5","6607","2","5733","2024-08-15 17:10:48","5","2024-08-15 20:58:28",,"5"
"2196","337","2024-08-15","2020-09","32","913","1342","2-2024","2-2024","1","CUIT: 30504023377","175","175","958.5","167737.5","6606","2","5732","2024-08-15 17:11:02","5","2024-08-15 20:56:46","5","5"
"2197","338","2024-08-15","2020-09","32","1086","1342","2-2024","2-2024","1","CUIT: 30573118983","175","175","958","167650","6609","5","642","2024-08-15 17:11:38","5","2024-08-15 21:16:42",,"5"
"2198","339","2024-08-15","2020-09","32","997","1342","2-2024","2-2024","1","CUIT: 30711776008","125","125","958.5","119812.5","6608","2","5734","2024-08-15 17:12:00","5","2024-08-15 21:14:56",,"5"
"2199","340","2024-08-21","2020-09","32","899","1342","2-2024","2-2024","1","CUIT: 30592724541","125","125","963","120375","6638","2","5756","2024-08-21 14:56:51","5","2024-08-21 17:36:54",,"5"
"2200","341","2024-08-21","2020-09","32","843","1342","2-2024","2-2024","1","CUIT: 30543349085","125","125","960","120000","6639","2","5757","2024-08-21 14:57:06","5","2024-08-21 17:38:58",,"5"
"2201","342","2024-08-21","2020-09","32","1023","1342","2-2024","2-2024","1","CUIT: 30504042894","140","140","962","134680","6650","2","5768","2024-08-21 14:57:23","5","2024-08-21 17:58:31",,"5"
"2202","343","2024-08-21","2020-09","32","1132","1342","2-2024","2-2024","1","CUIT: 30582911408","125","125","963","120375","6641","2","5759","2024-08-21 14:57:42","5","2024-08-21 17:42:05",,"5"
"2203","344","2024-08-21","2020-09","32","879","1342","2-2024","2-2024","1","CUIT: 30506357841","125","125","960","120000","6645","2","5763","2024-08-21 14:58:56","5","2024-08-21 17:48:56",,"5"
"2204","345","2024-08-21","2020-09","32","1008","1342","2-2024","2-2024","1","CUIT: 30707822917","125","125","962","120250","6647","2","5765","2024-08-21 14:59:12","5","2024-08-21 17:52:48",,"5"
"2205","346","2024-08-21","2020-09","32","1057","1342","2-2024","2-2024","1","CUIT: 30687276996","175","175","963","168525","6651","2","5769","2024-08-21 14:59:26","5","2024-08-21 18:00:40",,"5"
"2206","347","2024-08-21","2020-09","32","1019","1342","2-2024","2-2024","1","CUIT: 30702179153","125","125","962","120250","6648","2","5766","2024-08-21 14:59:41","5","2024-08-21 17:54:45",,"5"
"2207","348","2024-08-21","2020-09","32","965","1342","2-2024","2-2024","1","CUIT: 30691665433","125","125","963","120375","6644","2","5762","2024-08-21 15:00:08","5","2024-08-21 17:47:36",,"5"
"2208","349","2024-08-21","2020-09","32","900","1342","2-2024","2-2024","1","CUIT: 30638611097","140","140","963","134820","6649","2","5767","2024-08-21 15:00:25","5","2024-08-21 17:56:43",,"5"
"2209","350","2024-08-21","2020-09","32","1094","1342","1-2024","2-2024","2","CUIT: 30695057020","112.5","225","963","216675","6652","5","650","2024-08-21 15:02:37","5","2024-08-21 18:02:44",,"5"
"2210","351","2024-08-21","2020-09","32","1120","1342","2-2024","2-2024","1","CUIT: 30707916083","125","125","963","120375","6653","5","651","2024-08-21 15:02:55","5","2024-08-21 18:04:20",,"5"
"2211","352","2024-08-21","2020-09","32","1142","1342","2-2024","2-2024","1","CUIT: 30708640979","125","125","963","120375","6643","2","5761","2024-08-21 15:03:14","5","2024-08-21 17:45:54",,"5"
"2212","353","2024-08-21","2020-09","32","1004","1342","2-2024","2-2024","1","CUIT: 30716637189","125","125","963","120375","6640","2","5758","2024-08-21 15:03:30","5","2024-08-21 17:40:40",,"5"
"2213","354","2024-08-21","2020-09","32","999","1342","2-2024","2-2024","1","CUIT: 30540938322","125","125","963","120375","6646","2","5764","2024-08-21 15:03:43","5","2024-08-21 17:50:38",,"5"
"2214","355","2024-08-21","2020-09","32","1226","1342","2-2024","2-2024","1","CUIT: 30717830942","125","125","963","120375","6642","2","5760","2024-08-21 15:21:10","5","2024-08-21 17:43:53",,"5"
"2215","356","2024-08-26","2020-09","4","1222","1342","2-2024","2-2024","1","CUIT: 30633854439","0","0","0","0",,,,"2024-08-26 11:09:07","5","2024-08-26 11:10:28","5","5"
"2216","357","2024-08-28","2020-09","32","1222","1342","1-2023","2-2024","6","CUIT: 30633854439","125","750","963.5","722625","6655","5","653","2024-08-28 09:58:33","5","2024-08-28 20:21:38",,"5"
"2217","358","2024-08-28","2020-09","32","890","1342","2-2024","2-2024","1","CUIT: 30710873808","125","125","964","120500","6661","2","5772","2024-08-28 09:59:02","5","2024-08-28 22:14:39",,"5"
"2218","359","2024-08-28","2020-09","32","938","1342","2-2024","2-2024","1","CUIT: 30604456475","125","125","964","120500","6658","5","656","2024-08-28 09:59:17","5","2024-08-28 21:54:03",,"5"
"2219","360","2024-08-28","2020-09","32","917","1342","2-2024","2-2024","1","CUIT: 30602173638","250","250","963","240750","6663","2","5774","2024-08-28 09:59:37","5","2024-08-28 22:17:43",,"5"
"2220","361","2024-08-28","2020-09","32","970","1342","2-2024","2-2024","1","CUIT: 33711994209","125","125","963.5","120437.5","6657","5","655","2024-08-28 10:00:00","5","2024-08-28 21:37:00",,"5"
"2221","362","2024-08-28","2020-09","32","1125","1342","2-2024","2-2024","1","CUIT: 30690867393","125","125","963.5","120437.5","6664","2","5775","2024-08-28 10:00:17","5","2024-08-28 22:19:32",,"5"
"2222","363","2024-08-28","2020-09","32","1098","1342","2-2024","2-2024","1","CUIT: 30584941053","125","125","964","120500","6656","5","654","2024-08-28 10:00:35","5","2024-08-28 20:28:11",,"5"
"2223","364","2024-08-28","2020-09","32","915","1342","2-2024","2-2024","1","CUIT: 30674287085","125","125","966","120750","6659","2","5770","2024-08-28 10:01:04","5","2024-08-28 22:11:07",,"5"
"2224","365","2024-08-28","2020-09","32","959","1342","2-2024","2-2024","1","CUIT: 30710578482","125","125","968","121000","6662","2","5773","2024-08-28 10:01:17","5","2024-08-28 22:16:05",,"5"
"2225","366","2024-08-28","2020-09","32","1079","1342","2-2024","2-2024","1","CUIT: 30708789816","125","125","968","121000","6665","2","5776","2024-08-28 10:03:13","5","2024-08-28 22:21:05",,"5"
"2226","367","2024-08-28","2020-09","32","1050","1342","2-2024","2-2024","1","CUIT: 30716719347","125","125","968","121000","6660","2","5771","2024-08-28 10:04:21","5","2024-08-28 22:13:11",,"5"
"2227","368","2024-08-29","2020-09","32","1228","1342","1-2024","2-2024","2","CUIT: 30602357100","125","250","966","241500","6669","2","5780","2024-08-29 17:28:07","5","2024-09-02 14:01:43",,"5"
"2228","369","2024-09-06","2020-09","32","1106","1342","2-2024","2-2024","1","CUIT: 30703258634 CERTIFICACION CONTABLE (GASTOS 5.800)","62.5","62.5","970","60625","6686","2","5792","2024-09-06 08:30:11","5","2024-09-09 13:58:01",,"5"
"2229","370","2024-09-06","2020-09","32","655","1342","2-2024","2-2024","1","CUIT: 33709989419","125","125","973","121625","6683","5","660","2024-09-06 08:30:29","5","2024-09-06 12:24:32",,"5"
"2230","371","2024-09-06","2020-09","32","1079","1342","2-2024","2-2024","1","CUIT: 30708789816 RECTIFICATIVA","125","125","973","121625","6680","2","5789","2024-09-06 08:30:52","5","2024-09-06 12:13:04",,"5"
"2231","372","2024-09-06","2020-09","32","1182","1342","2-2024","2-2024","1","CUIT: 33711252709","125","125","973","121625","6681","2","5790","2024-09-06 08:31:11","5","2024-09-06 12:17:33",,"5"
"2232","373","2024-09-06","2020-09","32","1148","1342","2-2024","2-2024","1","CUIT: 30707792007","125","125","974","121750","6682","5","659","2024-09-06 08:31:29","5","2024-09-06 12:21:44",,"5"
"2233","374","2024-09-06","2020-09","32","1201","1342","2-2024","2-2024","1","CUIT: 30715781618","125","125","974","121750","6684","5","661","2024-09-06 08:31:53","5","2024-09-06 12:26:58",,"5"
"2234","375","2024-09-16","2020-09","32","1099","1342","2-2024","2-2024","1","CUIT: 20160708833","125","125","978","122250","6715","2","5816","2024-09-16 15:37:00","5","2024-09-16 19:17:08",,"5"
"2235","376","2024-09-20","2020-09","4","1088","1342","2-2021","3-2021","2","CUIT: 30717522512","125","250","890","222500",,,,"2024-09-20 14:44:45","5","2024-09-20 14:45:28","5","5"
"2236","377","2024-09-22","2020-09","4","1088","1342","1-2020","4-2020","4","Cuit: 30717522512","125","700","990","693000",,,,"2024-09-22 21:13:14","5","2024-09-23 09:26:47","5","5"
"2237","378","2024-10-01","2020-09","32","1236","1342","1-2024","2-2024","2","CUIT: 30711204632","125","250","988.5","247125","6721","2","5819","2024-10-01 17:00:36","5","2024-10-01 19:27:08",,"5"
"2238","379","2024-10-01","2020-09","32","860","1342","2-2024","2-2024","1","CUIT: 30694753201","150","150","990","148500","6723","5","670","2024-10-01 17:00:57","5","2024-10-01 19:37:03",,"5"
"2239","380","2024-10-01","2020-09","32","1048","1342","3-2024","3-2024","1","CUIT: 30708937785","125","125","990","123750","6722","2","5820","2024-10-01 17:01:10","5","2024-10-01 19:32:49",,"5"
"2240","381","2024-10-09","2020-09","32","1005","1342","3-2024","3-2024","1","CUIT: 30709025755","125","125","994","124250","6727","5","672","2024-10-09 12:50:06","5","2024-10-09 13:18:36",,"5"
"2241","382","2024-10-09","2020-09","32","1048","1342","3-2024","3-2024","1","CUIT: 30708937785 RECTIFICATIVA","125","125","994","124250","6734","2","5827","2024-10-09 12:50:27","5","2024-10-09 13:42:35",,"5"
"2242","383","2024-10-09","2020-09","32","721","1342","3-2024","3-2024","1","CUIT: 30629717958","125","125","995","124375","6733","2","5826","2024-10-09 12:50:50","5","2024-10-09 13:38:20",,"5"
"2243","384","2024-10-09","2020-09","32","942","1342","3-2024","3-2024","1","CUIT: 30708146621","125","125","995","124375","6726","5","671","2024-10-09 12:51:09","5","2024-10-09 13:15:52",,"5"
"2244","385","2024-10-09","2020-09","32","1078","1342","3-2024","3-2024","1","CUIT: 33708759479","125","125","995","124375","6732","2","5825","2024-10-09 12:51:30","5","2024-10-09 13:36:40",,"5"
"2245","386","2024-10-09","2020-09","32","1137","1342","3-2024","3-2024","1","CUIT: 30700987457","125","125","995","124375","6731","2","5824","2024-10-09 12:51:46","5","2024-10-09 13:34:42",,"5"
"2246","387","2024-10-09","2020-09","32","892","1342","3-2024","3-2024","1","CUIT: 33584584179","140","140","995.5","139370","6728","5","673","2024-10-09 12:52:07","5","2024-10-09 13:20:48",,"5"
"2247","388","2024-10-09","2020-09","32","900","1342","2-2024","2-2024","1","CUIT: 30638611097 RECTIFICATIVA","140","140","995.5","139370","6730","2","5823","2024-10-09 12:52:28","5","2024-10-09 13:25:22",,"5"
"2248","389","2024-10-09","2020-09","32","1032","1342","2-2024","2-2024","1","CUIT: 30714981613","125","125","995.5","124437.5","6729","5","674","2024-10-09 12:52:57","5","2024-10-09 13:23:09",,"5"
"2249","390","2024-10-15","2020-09","32","1114","1342","3-2024","3-2024","1","CUIT: 30637485837","125","125","998.5","124812.5","6739","2","5831","2024-10-15 17:25:07","5","2024-10-15 17:55:40",,"5"
"2250","391","2024-10-15","2020-09","32","1061","1342","3-2024","3-2024","1","CUIT: 30528844746","125","125","999.5","124937.5","6738","2","5830","2024-10-15 17:25:52","5","2024-10-15 17:52:55",,"5"
"2251","392","2024-10-15","2020-09","32","1201","1342","3-2024","3-2024","1","CUIT: 30715781618","125","125","999.5","124937.5","6742","5","677","2024-10-15 17:26:12","5","2024-10-15 18:11:21",,"5"
"2252","393","2024-10-15","2020-09","32","1156","1342","3-2023","2-2024","4","CUIT: 30714749850","175","700","999.5","699650","6741","2","5832","2024-10-15 17:27:16","5","2024-10-15 18:08:31",,"5"
"2253","394","2024-10-15","2020-09","32","1049","1342","1-2024","2-2024","2","CUIT: 30716513986","125","250","995.5","248875","6740","5","676","2024-10-15 17:45:39","5","2024-10-15 18:02:43","5","5"
"2254","395","2024-10-18","2020-09","32","902","1342","3-2024","3-2024","1","CUIT: 30712022368","140","140","1000.5","140070","6770","5","681","2024-10-18 12:03:42","5","2024-10-18 14:28:57",,"5"
"2255","396","2024-10-18","2020-09","32","1017","1342","3-2024","3-2024","1","CUIT: 30628395450","150","150","1000.5","150075","6769","2","5856","2024-10-18 12:04:02","5","2024-10-18 14:27:02","5","5"
"2256","397","2024-10-18","2020-09","32","1071","1342","3-2024","3-2024","1","CUIT: 30696223757","150","150","1000.5","150075","6767","2","5854","2024-10-18 12:04:24","5","2024-10-18 14:21:07",,"5"
"2257","398","2024-10-18","2020-09","32","1097","1342","3-2024","3-2024","1","CUIT: 33539811059","150","150","1000.5","150075","6768","2","5855","2024-10-18 12:04:41","5","2024-10-18 14:23:02",,"5"
"2258","399","2024-10-18","2020-09","32","1115","1342","1-2024","3-2024","3","CUIT: 30715705830","125","375","1001","375375","6766","2","5853","2024-10-18 12:05:10","5","2024-10-18 14:19:37",,"5"
"2259","400","2024-10-18","2020-09","32","1083","1342","2-2024","3-2024","2","CUIT: 23259940419","125","250","1000.5","250125","6771","5","682","2024-10-18 12:05:34","5","2024-10-18 14:30:36",,"5"
"2260","401","2024-11-04","2020-09","32","1220","1342","3-2024","3-2024","1","CUIT: 20308008682","125","125","1004","125500","6793","2","5870","2024-11-04 16:34:01","5","2024-11-04 17:27:41",,"5"
"2261","402","2024-11-04","2020-09","32","1139","1342","3-2024","3-2024","1","CUIT: 30717670082","125","125","1004","125500","6798","5","691","2024-11-04 16:34:24","5","2024-11-04 17:40:42",,"5"
"2262","403","2024-11-04","2020-09","32","1102","1342","3-2024","3-2024","1","CUIT: 30709623997","125","125","1004","125500","6799","5","692","2024-11-04 16:35:07","5","2024-11-04 17:42:55",,"5"
"2263","404","2024-11-04","2020-09","32","1112","1342","1-2024","2-2024","2","CUIT: 20141073711","125","250","1008","252000","6796","2","5873","2024-11-04 16:35:49","5","2024-11-04 17:35:51",,"5"
"2264","405","2024-11-04","2020-09","32","869","1342","3-2024","3-2024","1","CUIT: 30626391385","125","125","1004.5","125562.5","6797","2","5874","2024-11-04 16:36:08","5","2024-11-04 17:37:29",,"5"
"2265","406","2024-11-04","2020-09","32","1005","1342","3-2024","3-2024","1","CUIT: 30709025755 RECTIFICATIVA","125","125","1005","125625","6801","5","694","2024-11-04 16:36:30","5","2024-11-04 17:46:24",,"5"
"2266","407","2024-11-04","2020-09","32","1237","1342","2-2024","2-2024","1","CUIT: 20326750434","125","125","1005.5","125687.5","6804","5","697","2024-11-04 16:36:59","5","2024-11-04 17:52:44",,"5"
"2267","408","2024-11-04","2020-09","32","1057","1342","3-2024","3-2024","1","CUIT: 30687276996 RECTIFICATIVA","175","175","1008","176400","6805","5","698","2024-11-04 16:37:18","5","2024-11-04 17:54:11",,"5"
"2268","409","2024-11-04","2020-09","32","1151","1342","3-2024","3-2024","1","CUIT: 30710397283","125","125","1008","126000","6795","2","5872","2024-11-04 16:37:35","5","2024-11-04 17:33:46",,"5"
"2269","410","2024-11-04","2020-09","32","1074","1342","3-2024","3-2024","1","CUIT: 30716356678","125","125","1008.5","126062.5","6802","5","695","2024-11-04 16:37:58","5","2024-11-04 17:48:05",,"5"
"2270","411","2024-11-04","2020-09","32","904","1342","3-2024","3-2024","1","CUIT: 30504437546","125","125","1008.5","126062.5","6800","5","693","2024-11-04 16:38:17","5","2024-11-04 17:44:48",,"5"
"2271","412","2024-11-04","2020-09","32","1086","1342","3-2024","3-2024","1","CUIT: 30573118983","175","175","1009.5","176662.5","6806","5","699","2024-11-04 16:38:39","5","2024-11-04 17:55:58",,"5"
"2272","413","2024-11-04","2020-09","32","1236","1342","3-2024","3-2024","1","CUIT: 30711204632","125","125","1009.5","126187.5","6791","2","5868","2024-11-04 16:38:58","5","2024-11-04 17:20:58",,"5"
"2273","414","2024-11-04","2020-09","32","937","1342","3-2024","3-2024","1","CUIT: 30714838411","125","125","1011.5","126437.5","6792","2","5869","2024-11-04 16:39:12","5","2024-11-04 17:22:39",,"5"
"2274","415","2024-11-04","2020-09","32","946","1342","3-2024","3-2024","1","CUIT: 30518801453","125","125","1013.5","126687.5","6794","2","5871","2024-11-04 16:39:29","5","2024-11-04 17:29:21",,"5"
"2275","416","2024-11-04","2020-09","32","1127","1342","3-2024","3-2024","1","CUIT: 34612073475","125","125","1011.5","126437.5","6803","5","696","2024-11-04 16:39:44","5","2024-11-04 17:49:50",,"5"
"2276","417","2024-11-07","2020-09","32","228","1342","3-2024","3-2024","1","CUIT: 30501579471","150","150","1014","152100","6816","2","5877","2024-11-07 16:04:28","5","2024-11-08 09:13:56",,"5"
"2277","418","2024-11-07","2020-09","32","971","1342","3-2024","3-2024","1","CUIT: 20108971747","125","125","1014","126750","6808","5","701","2024-11-07 16:04:41","5","2024-11-08 08:57:49",,"5"
"2278","419","2024-11-07","2020-09","32","942","1342","3-2024","3-2024","1","CUIT: 30708146621 RECTIFICATIVA","125","125","1014","126750","6809","5","702","2024-11-07 16:05:00","5","2024-11-08 08:59:56",,"5"
"2279","420","2024-11-07","2020-09","32","840","1342","3-2024","3-2024","1","CUIT: 33708829639","150","150","1014.5","152175","6817","2","5878","2024-11-07 16:05:15","5","2024-11-08 09:16:43",,"5"
"2280","421","2024-11-07","2020-09","32","1106","1342","3-2024","3-2024","1","CUIT: 30703258634","125","125","1014.5","126812.5","6814","2","5875","2024-11-07 16:05:31","5","2024-11-08 09:10:15",,"5"
"2281","422","2024-11-07","2020-09","32","1124","1342","3-2024","3-2024","1","CUIT: 30709997617","125","125","1014","126750","6810","5","703","2024-11-07 16:05:42","5","2024-11-08 09:02:32",,"5"
"2282","423","2024-11-07","2020-09","32","1096","1342","3-2024","3-2024","1","CUIT: 30500755195","125","125","1014.5","126812.5","6813","5","706","2024-11-07 16:05:58","5","2024-11-08 09:08:26",,"5"
"2283","424","2024-11-07","2020-09","32","1238","1342","3-2024","3-2024","1","CUIT: 33707430309","125","125","1014.5","126812.5","6815","2","5876","2024-11-07 16:06:11","5","2024-11-08 09:12:08",,"5"
"2284","425","2024-11-07","2020-09","32","891","1342","3-2024","3-2024","1","CUIT: 30711917779","125","125","1014.5","126812.5","6811","5","704","2024-11-07 16:06:22","5","2024-11-08 09:04:12",,"5"
"2285","426","2024-11-07","2020-09","32","898","1342","3-2024","3-2024","1","CUIT: 30695092233","125","125","1014.5","126812.5","6812","5","705","2024-11-07 16:06:34","5","2024-11-08 09:06:44",,"5"
"2286","427","2024-11-07","2024-11","32","902","1342","3-2024","3-2024","1","CUIT: 30712022368 CERTIFICACION DE DEUDA $67.000","67000","67000","1","67000","6807","5","700","2024-11-07 16:15:18","5","2024-11-08 08:53:48","1","5"
"2287","428","2024-11-12","2020-09","32","929","1342","3-2024","3-2024","1","CUIT: 30715863193","125","125","1014.5","126812.5","6826","2","5887","2024-11-12 15:31:49","5","2024-11-12 16:23:27",,"5"
"2288","429","2024-11-12","2020-09","32","905","1342","3-2024","3-2024","1","CUIT: 30715468294","125","125","1014.5","126812.5","6825","2","5886","2024-11-12 15:32:05","5","2024-11-12 16:21:57",,"5"
"2289","430","2024-11-12","2020-09","32","1239","1342","3-2024","3-2024","1","CUIT: 30711204632","125","125","1017.5","127187.5","6830","2","5890","2024-11-12 15:32:21","5","2024-11-12 16:32:26",,"5"
"2290","431","2024-11-12","2020-09","32","1222","1342","3-2024","3-2024","1","CUIT: 30633854439","125","125","1017.5","127187.5","6829","5","707","2024-11-12 15:32:36","5","2024-11-12 16:29:37",,"5"
"2291","432","2024-11-12","2020-09","32","1015","1342","3-2024","3-2024","1","CUIT: 30628515502","125","125","1018","127250","6822","2","5883","2024-11-12 15:32:48","5","2024-11-12 16:16:48",,"5"
"2292","433","2024-11-12","2020-09","32","1090","1342","3-2024","3-2024","1","CUIT: 30715799800","125","125","1017.5","127187.5","6827","2","5888","2024-11-12 15:33:04","5","2024-11-12 16:25:16",,"5"
"2293","434","2024-11-12","2020-09","32","1142","1342","3-2024","3-2024","1","CUIT: 30708640979","125","125","1017.5","127187.5","6823","2","5884","2024-11-12 15:33:23","5","2024-11-12 16:18:44",,"5"
"2294","435","2024-11-12","2020-09","32","1208","1342","3-2024","3-2024","1","CUIT: 30690623915","125","125","1017.5","127187.5","6821","2","5882","2024-11-12 15:33:36","5","2024-11-12 16:15:15",,"5"
"2295","436","2024-11-12","2020-09","32","997","1342","3-2024","3-2024","1","CUIT: 30711776008","125","125","1017.5","127187.5","6828","2","5889","2024-11-12 15:33:51","5","2024-11-12 16:27:01",,"5"
"2296","437","2024-11-12","2020-09","32","1099","1342","3-2024","3-2024","1","CUIT: 20160708833","125","125","1017.5","127187.5","6824","2","5885","2024-11-12 15:34:06","5","2024-11-12 16:20:25",,"5"
"2297","438","2024-11-12","2020-09","4","892","1342","3-2024","3-2024","1","CERTIFICACION DE DEUDA 67.000 MAS GASTOS 6.500","140","140","1","140",,,,"2024-11-12 15:35:00","5","2024-11-25 16:58:48","5","5"
"2298","439","2024-11-20","2020-09","32","917","1342","2-2024","2-2024","1","CUIT: 30602173638 RECTIFICATIVA","250","250","1008.5","252125","6860","2","5913","2024-11-20 15:31:43","5","2024-11-20 16:50:43",,"5"
"2299","440","2024-11-20","2020-09","32","917","1342","3-2024","3-2024","1","CUIT: 30602173638","250","250","1022.5","255625","6860","2","5913","2024-11-20 15:32:04","5","2024-11-20 16:50:43",,"5"
"2300","441","2024-11-20","2020-09","32","435","1342","3-2024","3-2024","1","CUIT: 30617091190","125","125","1018.5","127312.5","6863","2","5916","2024-11-20 15:32:24","5","2024-11-20 16:55:30",,"5"
"2301","442","2024-11-20","2020-09","32","899","1342","3-2024","3-2024","1","CUIT: 30592724541","125","125","1022","127750","6858","2","5911","2024-11-20 15:32:41","5","2024-11-20 16:45:56",,"5"
"2302","443","2024-11-20","2020-09","32","1156","1342","3-2024","3-2024","1","CUIT: 30714749850","175","175","1019","178325","6867","2","5920","2024-11-20 15:34:35","5","2024-11-20 17:02:59",,"5"
"2303","444","2024-11-20","2020-09","32","913","1342","3-2024","3-2024","1","CUIT: 30504023377","175","175","1019","178325","6862","2","5915","2024-11-20 15:34:49","5","2024-11-20 16:53:57",,"5"
"2304","445","2024-11-20","2020-09","32","900","1342","3-2024","3-2024","1","CUIT: 30638611097","140","140","1018.5","142590","6866","2","5919","2024-11-20 15:35:20","5","2024-11-20 17:01:22",,"5"
"2305","446","2024-11-20","2020-09","32","933","1342","3-2024","3-2024","1","CUIT: 30708063629","125","125","1022","127750","6870","5","716","2024-11-20 15:35:32","5","2024-11-20 17:21:56",,"5"
"2306","447","2024-11-20","2020-09","32","944","1342","3-2024","3-2024","1","CUIT: 30708784164","125","125","1022","127750","6873","2","5922","2024-11-20 15:35:49","5","2024-11-20 17:27:25",,"5"
"2307","448","2024-11-20","2020-09","32","979","1342","3-2024","3-2024","1","CUIT: 30600738379","125","125","1022.5","127812.5","6871","5","717","2024-11-20 15:36:02","5","2024-11-20 17:24:06",,"5"
"2308","449","2024-11-20","2020-09","32","965","1342","3-2024","3-2024","1","CUIT: 30691665433","125","125","1023","127875","6864","2","5917","2024-11-20 15:36:21","5","2024-11-20 16:56:59",,"5"
"2309","450","2024-11-20","2020-09","32","1098","1342","3-2024","3-2024","1","CUIT: 30584941053","125","125","1022.5","127812.5","6869","5","715","2024-11-20 15:36:34","5","2024-11-20 17:10:16",,"5"
"2310","451","2024-11-20","2020-09","32","955","1342","3-2024","3-2024","1","CUIT: 30503865455","125","125","1019","127375","6868","2","5921","2024-11-20 15:36:49","5","2024-11-20 17:05:16",,"5"
"2311","452","2024-11-20","2020-09","32","1125","1342","3-2024","3-2024","1","CUIT: 30690867393","125","125","1022","127750","6861","2","5914","2024-11-20 15:37:00","5","2024-11-20 16:52:26",,"5"
"2312","453","2024-11-20","2020-09","32","1120","1342","3-2024","3-2024","1","CUIT: 30707916083","125","125","1022","127750","6872","5","718","2024-11-20 15:37:10","5","2024-11-20 17:25:39",,"5"
"2313","454","2024-11-20","2020-09","32","879","1342","3-2024","3-2024","1","CUIT: 30506357841","125","125","1022","127750","6865","2","5918","2024-11-20 15:37:23","5","2024-11-20 16:59:27",,"5"
"2314","455","2024-11-20","2020-09","4","890","1342","3-2024","3-2024","1","CUIT: 30710873808","125","125","1022.5","127812.5",,,,"2024-11-20 15:37:33","5",,,"5"
"2315","456","2024-11-20","2020-09","32","1241","1342","3-2024","3-2024","1","CUIT: 30718374886","125","125","1018","127250","6859","2","5912","2024-11-20 15:47:15","5","2024-11-20 16:47:57",,"5"
"2316","457","2024-11-22","2020-09","32","866","1342","3-2024","3-2024","1","CUIT: 30590162279","175","175","1023","179025","6878","2","5927","2024-11-22 12:15:47","5","2024-11-25 16:36:55",,"5"
"2317","458","2024-11-22","2020-09","32","1018","1342","3-2024","3-2024","1","CUIT: 30709254630","175","175","1023","179025","6876","2","5925","2024-11-22 12:15:59","5","2024-11-25 16:33:30",,"5"
"2318","459","2024-11-22","2020-09","32","908","1342","3-2024","3-2024","1","CUIT: 30643748688","175","175","1022.5","178937.5","6879","2","5928","2024-11-22 12:16:13","5","2024-11-25 16:39:06",,"5"
"2319","460","2024-11-22","2020-09","32","1145","1342","3-2024","3-2024","1","CUIT: 30716315270","175","175","1022.5","178937.5","6877","2","5926","2024-11-22 12:16:28","5","2024-11-25 16:35:14",,"5"
"2320","461","2024-11-22","2020-09","32","655","1342","3-2024","3-2024","1","CUIT: 33709989419","125","125","1023","127875","6885","5","720","2024-11-22 12:16:40","5","2024-11-25 16:51:15",,"5"
"2321","462","2024-11-22","2020-09","32","843","1342","3-2024","3-2024","1","CUIT: 30543349085","125","125","1023","127875","6874","2","5923","2024-11-22 12:16:52","5","2024-11-25 16:29:05",,"5"
"2322","463","2024-11-22","2020-09","32","1023","1342","3-2024","3-2024","1","CUIT: 30504042894","140","140","1023","143220","6881","2","5930","2024-11-22 12:17:06","5","2024-11-25 16:43:28",,"5"
"2323","464","2024-11-22","2020-09","32","1121","1342","3-2024","3-2024","1","CUIT: 30515491615","125","125","1023","127875","6886","5","721","2024-11-22 12:17:19","5","2024-11-25 16:53:00",,"5"
"2324","465","2024-11-22","2020-09","32","999","1342","3-2024","3-2024","1","CUIT: 30540938322","125","125","1024.5","128062.5","6880","2","5929","2024-11-22 12:17:34","5","2024-11-25 16:41:18",,"5"
"2325","466","2024-11-22","2020-09","32","1019","1342","3-2024","3-2024","1","CUIT: 30702179153","125","125","1024.5","128062.5","6883","2","5932","2024-11-22 12:17:46","5","2024-11-25 16:46:48",,"5"
"2326","467","2024-11-22","2020-09","32","1008","1342","3-2024","3-2024","1","CUIT: 30707822917","125","125","1024.5","128062.5","6882","2","5931","2024-11-22 12:17:59","5","2024-11-25 16:45:06",,"5"
"2327","468","2024-11-22","2020-09","32","1161","1342","3-2024","3-2024","1","CUIT: 30707441360","125","125","1024.5","128062.5","6875","2","5924","2024-11-22 12:18:11","5","2024-11-25 16:30:53",,"5"
"2328","469","2024-11-22","2020-09","32","1057","1342","3-2024","3-2024","1","CUIT: 30687276996","175","175","1024.5","179287.5","6884","5","719","2024-11-22 12:18:24","5","2024-11-25 16:49:22",,"5"
"2329","470","2024-11-25","2020-09","4","892","1342","3-2024","3-2024","1","CUIT: 33584584179    CERTIFICACION DE DEUDA 67.000 MAS GASTOS 6.500","67000","67000","1","67000",,,,"2024-11-25 16:58:14","5","2024-11-25 17:01:26","5","5"
"2330","471","2024-11-26","2020-09","32","153","1342","3-2024","3-2024","1","CUIT: 30681686254","125","125","1027","128375","6892","2","5934","2024-11-26 16:55:49","5","2024-11-26 17:14:47",,"5"
"2331","472","2024-11-26","2020-09","32","1148","1342","3-2024","3-2024","1","CUIT: 30707792007","125","125","1026.5","128312.5","6894","5","726","2024-11-26 16:56:27","5","2024-11-26 17:21:51",,"5"
"2332","473","2024-11-26","2020-09","32","1159","1342","3-2024","3-2024","1","CUIT: 20256836581","125","125","1027","128375","6895","5","727","2024-11-26 16:56:46","5","2024-11-26 17:23:54",,"5"
"2333","474","2024-11-26","2020-09","32","1103","1342","3-2024","3-2024","1","CUIT: 30717495027","125","125","1027","128375","6896","5","728","2024-11-26 16:57:14","5","2024-11-26 17:25:19",,"5"
"2334","475","2024-11-26","2020-09","32","1242","1342","3-2024","3-2024","1","CUIT: 20342581618","125","125","1027","128375","6893","2","5935","2024-11-26 17:08:03","5","2024-11-26 17:16:36",,"5"
"2335","476","2024-11-28","2020-09","32","1035","1342","3-2024","3-2024","1","CUIT: 30709196258","140","140","1018","142520","6900","2","5939","2024-11-28 16:20:18","5","2024-12-02 13:16:00",,"5"
"2336","477","2024-11-28","2020-09","32","1022","1342","3-2024","3-2024","1","CUIT: 30688359127 OC 22051","150","150","1018","152700","6899","2","5938","2024-11-28 16:21:00","5","2024-12-02 13:13:59",,"5"
"2337","478","2024-12-05","2020-09","32","915","1342","3-2024","3-2024","1","CUIT: 30674287085","125","125","1028.5","128562.5","6902","2","5940","2024-12-05 10:26:11","5","2024-12-05 14:11:27",,"5"
"2338","479","2024-12-05","2020-09","32","1163","1342","3-2024","3-2024","1","CUIT: 30710765045","125","125","1028.5","128562.5","6906","5","730","2024-12-05 10:26:29","5","2024-12-05 14:29:06",,"5"
"2339","480","2024-12-05","2020-09","32","1014","1342","2-2024","3-2024","2","CUIT: 30709988367","125","250","1028.5","257125","6903","2","5941","2024-12-05 10:26:58","5","2024-12-05 14:15:53",,"5"
"2340","481","2024-12-05","2020-09","32","1079","1342","3-2024","3-2024","1","CUIT: 30708789816","125","125","1028.5","128562.5","6905","2","5943","2024-12-05 10:27:10","5","2024-12-05 14:24:24",,"5"
"2341","482","2024-12-05","2020-09","4","892","1342","3-2024","3-2024","1","CUIT: 33584584179 CERTIFICACION 67.000 MAS GASTOS 6500","140","140","1","140",,,,"2024-12-05 10:27:41","5","2024-12-11 15:42:42","5","5"
"2342","483","2024-12-05","2020-09","32","1077","1342","3-2024","3-2024","1","CUIT: 30540367120","125","125","1032.5","129062.5","6904","2","5942","2024-12-05 10:28:02","5","2024-12-05 14:20:08",,"5"
"2343","484","2024-12-05","2020-09","32","938","1342","3-2024","3-2024","1","CUIT: 30604456475","125","125","1032.5","129062.5","6907","5","731","2024-12-05 10:28:15","5","2024-12-05 14:35:06",,"5"
"2344","485","2024-12-11","2020-09","32","1036","1342","3-2024","3-2024","1","CUIT: 30709511846","125","125","1036","129500","6911","2","5947","2024-12-11 14:27:58","5","2024-12-11 15:59:53",,"5"
"2345","486","2024-12-11","2020-09","32","1163","1342","3-2024","3-2024","1","CUIT: 30710765045 RECTIFICATIVA","125","125","1036.5","129562.5","6913","5","732","2024-12-11 14:28:22","5","2024-12-11 16:09:32",,"5"
"2346","487","2024-12-11","2020-09","32","1218","1342","3-2024","3-2024","1","CUIT: 33709494509","125","125","1036.5","129562.5","6912","2","5948","2024-12-11 14:28:41","5","2024-12-11 16:05:48",,"5"
"2347","488","2024-12-11","2020-09","32","1217","1342","3-2024","3-2024","1","CUIT: 30711967245","125","125","1036.5","129562.5","6909","2","5945","2024-12-11 14:28:57","5","2024-12-11 15:47:13",,"5"
"2348","489","2024-12-11","2020-09","32","913","1342","3-2024","3-2024","1","CUIT: 30504023377 RECTIFICATIVA","175","175","1037","181475","6910","2","5946","2024-12-11 14:29:18","5","2024-12-11 15:56:07",,"5"
"2349","490","2024-12-11","2020-09","32","892","1342","3-2024","3-2024","1","CUIT: 33584584179   CERTIFICACION 67.000 MAS GASTOS 6500","67000","67000","1","67000","6914","5","733","2024-12-11 15:42:23","5","2024-12-11 16:28:48","5","5"
"2350","491","2024-12-13","2020-09","32","526","1342","3-2024","3-2024","1","CUIT: 30686241749 OC 4500615752","140","140","1014.5","142030","6917","2","5951","2024-12-13 09:27:49","5","2024-12-13 11:52:12",,"5"
"2351","492","2024-12-13","2020-09","32","1195","1342","1-2024","1-2024","1","CUIT: 30712480358","125","125","1037","129625","6915","2","5949","2024-12-13 09:28:41","5","2024-12-13 11:47:44",,"5"
"2352","493","2024-12-13","2020-09","32","1195","1342","3-2024","3-2024","1","CUIT: 30712480358","125","125","1037","129625","6915","2","5949","2024-12-13 09:28:55","5","2024-12-13 11:47:44",,"5"
"2353","494","2024-12-13","2020-09","32","1129","1342","3-2024","3-2024","1","CUIT: 20205862243","125","125","1037","129625","6916","2","5950","2024-12-13 09:29:10","5","2024-12-13 11:49:47",,"5"
"2354","495","2024-12-20","2020-09","32","1042","1342","3-2024","3-2024","1","CUIT: 30716051338","125","125","1042","130250","6958","2","5984","2024-12-20 12:11:17","5","2025-01-02 11:33:18",,"5"
"2355","496","2024-12-20","2020-09","32","1088","1342","3-2024","3-2024","1","CUIT: 30717522512","125","125","1042","130250","6957","2","5983","2024-12-20 12:11:37","5","2025-01-02 11:18:30",,"5"
"2356","497","2024-12-23","2025-01","4","1057","1342","1-2024","1-2024",,"Cuit: 30687276996   SOPORTE NORMATIVO","175",,"1044.5",,,,,"2024-12-23 12:30:31","1","2024-12-23 12:58:43","1","5"
"2357","498","2024-12-23","2020-09","32","1057","1342","1-2024","1-2024","1","CUIT: 30687276996    SOPORTE NORMATIVO","175","175","1044.5","182787.5","6944","5","740","2024-12-23 12:33:33","5","2024-12-23 12:49:31","5","5"
"2358","499","2024-12-30","2020-09","32","970","1342","3-2024","3-2024","1","CUIT: 33711994209","125","125","1052.5","131562.5","6959","5","742","2024-12-30 10:28:26","5","2025-01-02 11:44:17",,"5"
"2359","1","2025-01-16","2020-09","32","1243","1342","4-2021","4-2021","1","CUIT: 30621861464","125","125","1052.5","131562.5","6964","2","5987","2025-01-16 14:12:54","5","2025-01-17 10:06:20",,"5"
"2360","2","2025-01-16","2020-09","32","1243","1342","3-2024","3-2024","1","CUIT: 30621861464","125","125","1055","131875","6964","2","5987","2025-01-16 14:13:12","5","2025-01-17 10:06:20",,"5"
"2361","3","2025-01-16","2020-09","32","1073","1342","3-2024","3-2024","1","CUIT: 33691265949","175","175","1052.5","184187.5","6966","2","5989","2025-01-16 14:13:44","5","2025-01-17 10:11:37",,"5"
"2362","4","2025-01-16","2020-09","32","1115","1342","4-2024","4-2024","1","CUIT: 30715705830","125","125","1055","131875","6965","2","5988","2025-01-16 14:14:13","5","2025-01-17 10:08:20",,"5"
"2363","5","2025-01-16","2020-09","32","1032","1342","3-2024","3-2024","1","CUIT: 30714981613","125","125","1056","132000","6970","5","746","2025-01-16 14:14:35","5","2025-01-17 10:20:04",,"5"
"2364","6","2025-01-16","2020-09","32","945","1342","2-2024","3-2024","2","CUIT: 30582981341","125","250","1056","264000","6971","5","747","2025-01-16 14:14:53","5","2025-01-17 10:21:50",,"5"
"2365","7","2025-01-16","2020-09","32","1072","1342","3-2024","3-2024","1","CUIT: 30714848034","175","175","1059.5","185412.5","6967","2","5990","2025-01-16 14:15:14","5","2025-01-17 10:14:25",,"5"
"2366","8","2025-01-16","2020-09","32","1005","1342","4-2024","4-2024","1","CUIT: 30709025755","125","125","1059.5","132437.5","6969","5","745","2025-01-16 14:15:32","5","2025-01-17 10:18:01",,"5"
"2367","9","2025-01-16","2020-09","32","1137","1342","4-2024","4-2024","1","CUIT: 30700987457","125","125","1059.5","132437.5","6968","2","5991","2025-01-16 14:15:46","5","2025-01-17 10:16:01",,"5"
"2368","10","2025-02-04","2020-09","32","1017","1342","4-2024","4-2024","1","CUIT: 30628395450","150","150","1069","160350","7008","2","6024","2025-02-04 16:26:34","5","2025-02-05 16:24:39",,"5"
"2369","11","2025-02-04","2020-09","32","1097","1342","4-2024","4-2024","1","CUIT: 33539811059","150","150","1069","160350","7007","2","6023","2025-02-04 16:29:00","5","2025-02-05 16:22:53",,"5"
"2370","12","2025-02-04","2020-09","32","1071","1342","4-2024","4-2024","1","CUIT: 30696223757","150","150","1069","160350","7006","2","6022","2025-02-04 16:29:42","5","2025-02-05 16:21:18",,"5"
"2371","13","2025-02-04","2020-09","32","971","1342","4-2024","4-2024","1","CUIT: 20108971747","125","125","1066","133250","7016","5","753","2025-02-04 16:30:20","5","2025-02-05 16:41:00",,"5"
"2372","14","2025-02-04","2020-09","32","721","1342","4-2024","4-2024","1","CUIT: 30629717958","125","125","1069","133625","7014","2","6030","2025-02-04 16:30:53","5","2025-02-05 16:36:41",,"5"
"2373","15","2025-02-04","2020-09","32","1142","1342","4-2024","4-2024","1","CUIT: 30708640979","125","125","1070","133750","7009","2","6025","2025-02-04 16:31:47","5","2025-02-05 16:27:10",,"5"
"2374","16","2025-02-04","2020-09","32","904","1342","4-2024","4-2024","1","CUIT: 30504437546","125","125","1070","133750","7017","5","754","2025-02-04 16:32:19","5","2025-02-05 16:42:56",,"5"
"2375","17","2025-02-04","2020-09","32","1096","1342","4-2024","4-2024","1","CUIT: 30500755195","125","125","1070.5","133812.5","7019","5","755","2025-02-04 16:33:29","5","2025-02-05 16:47:20",,"5"
"2376","18","2025-02-04","2020-09","32","1050","1342","3-2024","3-2024","1","CUIT: 30716719347","125","125","1070","133750","7001","2","6017","2025-02-04 16:33:59","5","2025-02-05 16:07:05","5","5"
"2377","19","2025-02-04","2020-09","32","937","1342","4-2024","4-2024","1","CUIT: 30714838411","125","125","1070","133750","6999","2","6015","2025-02-04 16:36:02","5","2025-02-05 16:03:15",,"5"
"2378","20","2025-02-04","2020-09","32","1019","1342","4-2024","4-2024","1","CUIT: 30702179153","125","125","1073.5","134187.5","7012","2","6028","2025-02-04 17:36:16","5","2025-02-05 16:32:50",,"5"
"2379","21","2025-02-04","2020-09","32","1239","1342","4-2024","4-2024","1","CUIT: 30711204632","125","125","1073.5","134187.5","7003","2","6019","2025-02-04 17:36:43","5","2025-02-05 16:11:00",,"5"
"2380","22","2025-02-04","2020-09","32","1061","1342","4-2024","4-2024","1","CUIT: 30528844746","125","125","1071.5","133937.5","7000","2","6016","2025-02-04 17:37:16","5","2025-02-05 16:05:04",,"5"
"2381","23","2025-02-04","2020-09","32","1102","1342","4-2024","4-2024","1","CUIT: 30709623997","125","125","1071.5","133937.5","7015","5","752","2025-02-04 17:37:45","5","2025-02-05 16:38:59",,"5"
"2382","24","2025-02-04","2020-09","32","1226","1342","3-2024","3-2024","1","CUIT: 30717830942","125","125","1070.5","133812.5","7005","2","6021","2025-02-04 17:38:10","5","2025-02-05 16:18:37","5","5"
"2383","25","2025-02-04","2020-09","32","1132","1342","3-2024","3-2024","1","CUIT: 30582911408","125","125","1070.5","133812.5","7004","2","6020","2025-02-04 17:38:41","5","2025-02-05 16:17:10","5","5"
"2384","26","2025-02-04","2020-09","32","1078","1342","4-2024","4-2024","1","CUIT: 33708759479","125","125","1073.5","134187.5","7013","2","6029","2025-02-04 17:39:22","5","2025-02-05 16:34:41",,"5"
"2385","27","2025-02-04","2020-09","32","942","1342","4-2024","4-2024","1","CUIT: 30708146621","125","125","1073.5","134187.5","7018","2","6031","2025-02-04 17:40:20","5","2025-02-05 16:45:36",,"5"
"2386","28","2025-02-04","2020-09","32","1236","1342","4-2024","4-2024","1","CUIT: 30711204632","125","125","1073.5","134187.5","6998","2","6014","2025-02-04 17:40:51","5","2025-02-05 16:01:39",,"5"
"2387","29","2025-02-04","2020-09","32","1050","1342","4-2024","4-2024","1","CUIT: 30716719347","125","125","1073.5","134187.5","7001","2","6017","2025-02-04 17:41:33","5","2025-02-05 16:07:05",,"5"
"2388","30","2025-02-04","2020-09","32","1008","1342","4-2024","4-2024","1","CUIT: 30707822917","125","125","1074.5","134312.5","7011","2","6027","2025-02-04 17:52:35","5","2025-02-05 16:31:08",,"5"
"2389","31","2025-02-04","2020-09","32","1023","1342","4-2024","4-2024","1","CUIT: 30504042894","140","140","1074.5","150430","7010","2","6026","2025-02-04 17:53:20","5","2025-02-05 16:29:15",,"5"
"2390","32","2025-02-04","2020-09","32","890","1342","3-2024","3-2024","1","CUIT: 30710873808","125","125","1022.5","127812.5","7002","2","6018","2025-02-04 17:54:09","5","2025-02-05 16:09:11",,"5"
"2391","33","2025-02-04","2020-09","32","1106","1342","4-2024","4-2024","1","CUIT: 30703258634","125","125","1074.5","134312.5","6997","2","6013","2025-02-04 17:55:07","5","2025-02-05 15:58:07",,"5"
"2392","34","2025-02-06","2020-09","32","908","1342","3-2024","3-2024","1","CUIT: 30643748688 - RECTIFICATIVA-","175","175","1066","186550","7024","2","6036","2025-02-06 11:17:40","5","2025-02-06 14:57:18",,"5"
"2393","35","2025-02-06","2020-09","32","526","1342","4-2024","4-2024","1","CUIT: 30686241749 -NUMERO DE PEDIDO: 4500635638-","140","140","1069","149660","7023","2","6035","2025-02-06 11:19:28","5","2025-02-06 14:54:27",,"5"
"2394","36","2025-02-06","2020-09","32","1074","1342","4-2024","4-2024","1","CUIT: 30716356678","125","125","1074.5","134312.5","7027","5","756","2025-02-06 12:32:49","5","2025-02-06 15:02:56",,"5"
"2395","37","2025-02-06","2020-09","32","902","1342","4-2024","4-2024","1","CUIT: 30712022368 -CERTIFICACION CONTABLE- ","140","140","517.86","72500.4","7028","5","757","2025-02-06 12:34:07","5","2025-02-06 15:05:35",,"5"
"2396","38","2025-02-06","2020-09","32","840","1342","4-2024","4-2024","1","CUIT: 33708829639","150","150","1074.75","161212.5","7025","2","6037","2025-02-06 12:35:23","5","2025-02-06 14:59:08",,"5"
"2397","39","2025-02-06","2020-09","32","1218","1342","4-2024","4-2024","1","CUIT: 33709494509","125","125","1074.75","134343.75","7026","2","6038","2025-02-06 12:35:38","5","2025-02-06 15:00:39",,"5"
"2398","40","2025-02-06","2020-09","32","1217","1342","4-2024","4-2024","1","CUIT: 30711967245","125","125","1074.75","134343.75","7020","2","6032","2025-02-06 12:35:52","5","2025-02-06 14:41:43",,"5"
"2399","41","2025-02-06","2020-09","32","917","1342","4-2024","4-2024","1","CUIT: 30602173638","250","250","1074.75","268687.5","7022","2","6034","2025-02-06 12:36:19","5","2025-02-06 14:52:20",,"5"
"2400","42","2025-02-06","2020-09","32","1015","1342","4-2024","4-2024","1","CUIT: 30628515502","125","125","1074.75","134343.75","7021","2","6033","2025-02-06 12:36:34","5","2025-02-06 14:49:15",,"5"
"2401","43","2025-02-14","2020-09","32","900","1342","4-2024","4-2024","1","CUIT: 30638611097","140","140","1076","150640","7032","2","6042","2025-02-14 12:27:08","5","2025-02-14 14:52:06",,"5"
"2402","44","2025-02-14","2020-09","32","1132","1342","4-2024","4-2024","1","CUIT: 30582911408","125","125","1074.75","134343.75","7029","2","6039","2025-02-14 12:27:29","5","2025-02-14 14:42:38",,"5"
"2403","45","2025-02-14","2020-09","32","1226","1342","4-2024","4-2024","1","CUIT: 30717830942","125","125","1074.75","134343.75","7030","2","6040","2025-02-14 12:27:45","5","2025-02-14 14:46:19",,"5"
"2404","46","2025-02-14","2020-09","32","1035","1342","4-2024","4-2024","1","CUIT: 30709196258","140","140","1075.75","150605","7034","2","6044","2025-02-14 12:28:02","5","2025-02-14 14:58:07",,"5"
"2405","47","2025-02-14","2020-09","32","1086","1342","4-2024","4-2024","1","CUIT: 30573118983","175","175","1076","188300","7037","5","760","2025-02-14 12:28:14","5","2025-02-14 15:17:53",,"5"
"2406","48","2025-02-14","2020-09","32","1151","1342","4-2024","4-2024","1","CUIT: 30710397283","125","125","1075.75","134468.75","7031","2","6041","2025-02-14 12:28:33","5","2025-02-14 14:49:17",,"5"
"2407","49","2025-02-14","2020-09","32","1124","1342","4-2024","4-2024","1","CUIT: 30709997617","125","125","1076","134500","7035","5","758","2025-02-14 12:28:45","5","2025-02-14 15:12:06",,"5"
"2408","50","2025-02-14","2020-09","32","869","1342","4-2024","4-2024","1","CUIT: 30626391385","125","125","1076","134500","7033","2","6043","2025-02-14 12:28:58","5","2025-02-14 14:55:33",,"5"
"2409","51","2025-02-14","2020-09","32","933","1342","4-2024","4-2024","1","CUIT: 30708063629","125","125","1076","134500","7036","5","759","2025-02-14 12:29:12","5","2025-02-14 15:15:11",,"5"
"2410","52","2025-02-20","2020-09","32","999","1342","4-2024","4-2024","1","CUIT: 30540938322","125","125","1078.75","134843.75","7079","2","6075","2025-02-20 15:53:57","5","2025-02-20 22:52:59",,"5"
"2411","53","2025-02-20","2020-09","32","944","1342","4-2024","4-2024","1","CUIT: 30708784164","125","125","1079","134875","7078","2","6074","2025-02-20 15:54:11","5","2025-02-20 22:50:40",,"5"
"2412","54","2025-02-20","2020-09","32","843","1342","4-2024","4-2024","1","CUIT: 30543349085","125","125","1079","134875","7076","2","6072","2025-02-20 15:54:27","5","2025-02-20 22:35:05",,"5"
"2413","55","2025-02-20","2020-09","32","898","1342","4-2024","4-2024","1","CUIT: 30695092233","125","125","1079","134875","7083","5","774","2025-02-20 15:54:47","5","2025-02-21 00:30:52",,"5"
"2414","56","2025-02-20","2020-09","32","891","1342","4-2024","4-2024","1","CUIT: 30711917779","125","125","1079","134875","7082","5","773","2025-02-20 15:55:00","5","2025-02-21 00:28:57",,"5"
"2415","57","2025-02-20","2020-09","32","1048","1342","4-2024","4-2024","1","CUIT: 30708937785","125","125","1079","134875","7080","2","6076","2025-02-20 15:55:14","5","2025-02-20 22:59:28",,"5"
"2416","58","2025-02-20","2020-09","32","905","1342","4-2024","4-2024","1","CUIT: 30715468294","125","125","1079","134875","7073","2","6069","2025-02-20 15:55:28","5","2025-02-20 22:10:44",,"5"
"2417","59","2025-02-20","2020-09","32","929","1342","4-2024","4-2024","1","CUIT: 30715863193","125","125","1079","134875","7074","2","6070","2025-02-20 15:55:42","5","2025-02-20 22:14:55",,"5"
"2418","60","2025-02-20","2020-09","32","1121","1342","4-2024","4-2024","1","CUIT: 30515491615","125","125","1078.75","134843.75","7084","5","775","2025-02-20 15:56:07","5","2025-02-21 00:32:46",,"5"
"2419","61","2025-02-20","2020-09","32","1004","1342","3-2024","4-2024","2","CUIT: 30716637189","125","250","1076.25","269062.5","7075","2","6071","2025-02-20 15:56:28","5","2025-02-20 22:26:34",,"5"
"2420","62","2025-02-20","2020-09","32","1005","1342","4-2024","4-2024","1","CUIT: 30709025755 RECTIFICATIVA","125","125","1079","134875","7081","5","772","2025-02-20 15:56:43","5","2025-02-21 00:26:33","5","5"
"2421","63","2025-02-20","2020-09","32","1114","1342","4-2024","4-2024","1","CUIT: 30637485837","125","125","1079","134875","7077","2","6073","2025-02-20 15:56:54","5","2025-02-20 22:37:29",,"5"
"2422","64","2025-02-20","2020-09","32","1088","1342","4-2024","4-2024","1","CUIT: 30717522512","125","125","1079","134875","7072","2","6068","2025-02-20 15:57:09","5","2025-02-20 22:05:33",,"5"
"2423","65","2025-02-25","2020-09","32","946","1342","4-2024","4-2024","1","CUIT: 30518801453","125","125","1079.25","134906.25","7101","2","6092","2025-02-25 16:19:33","5","2025-02-25 21:21:29",,"5"
"2424","66","2025-02-25","2020-09","32","1073","1342","4-2024","4-2024","1","CUIT: 33691265949","175","175","1079.25","188868.75","7096","2","6087","2025-02-25 16:19:45","5","2025-02-25 20:58:27",,"5"
"2425","67","2025-02-25","2020-09","32","1072","1342","4-2024","4-2024","1","CUIT: 30714848034","175","175","1079.25","188868.75","7095","2","6086","2025-02-25 16:19:58","5","2025-02-25 20:55:34",,"5"
"2426","68","2025-02-25","2020-09","32","955","1342","4-2024","4-2024","1","CUIT: 30503865455","125","125","1081","135125","7105","2","6096","2025-02-25 16:20:19","5","2025-02-25 21:30:24",,"5"
"2427","69","2025-02-25","2020-09","32","1022","1342","4-2024","4-2024","1","CUIT: 30688359127 OC 22414","150","150","1080.25","162037.5","7087","2","6078","2025-02-25 16:20:33","5","2025-02-25 20:25:13","5","5"
"2428","70","2025-02-25","2020-09","32","965","1342","4-2024","4-2024","1","CUIT: 30691665433","125","125","1079.25","134906.25","7102","2","6093","2025-02-25 16:20:59","5","2025-02-25 21:24:07",,"5"
"2429","71","2025-02-25","2020-09","32","979","1342","4-2024","4-2024","1","CUIT: 30600738379","125","125","1079","134875","7109","5","780","2025-02-25 16:21:14","5","2025-02-25 21:40:00",,"5"
"2430","72","2025-02-25","2020-09","32","435","1342","4-2024","4-2024","1","CUIT: 30617091190","125","125","1080.25","135031.25","7097","2","6088","2025-02-25 16:21:32","5","2025-02-25 21:02:12",,"5"
"2431","73","2025-02-25","2020-09","32","879","1342","4-2024","4-2024","1","CUIT: 30506357841","125","125","1080.25","135031.25","7103","2","6094","2025-02-25 16:21:47","5","2025-02-25 21:26:41",,"5"
"2432","74","2025-02-25","2020-09","32","913","1342","4-2024","4-2024","1","CUIT: 30504023377","175","175","1081","189175","7098","2","6089","2025-02-25 16:22:01","5","2025-02-25 21:04:12",,"5"
"2433","75","2025-02-25","2020-09","32","1208","1342","4-2024","4-2024","1","CUIT: 30690623915","125","125","1081","135125","7099","2","6090","2025-02-25 16:22:16","5","2025-02-25 21:14:27",,"5"
"2434","76","2025-02-25","2020-09","32","1148","1342","4-2024","4-2024","1","CUIT: 30707792007","125","125","1079","134875","7106","5","777","2025-02-25 16:22:28","5","2025-02-25 21:33:53",,"5"
"2435","77","2025-02-25","2020-09","32","970","1342","4-2024","4-2024","1","CUIT: 33711994209","125","125","1080.25","135031.25","7107","5","778","2025-02-25 16:22:44","5","2025-02-25 21:35:24",,"5"
"2436","78","2025-02-25","2020-09","32","1032","1342","4-2024","4-2024","1","CUIT: 30714981613","125","125","1079.25","134906.25","7108","5","779","2025-02-25 16:22:57","5","2025-02-25 21:37:54",,"5"
"2437","79","2025-02-25","2020-09","32","1161","1342","4-2024","4-2024","1","CUIT: 30707441360","125","125","1079.25","134906.25","7100","2","6091","2025-02-25 16:23:12","5","2025-02-25 21:16:58",,"5"
"2438","80","2025-02-25","2020-09","32","1036","1342","4-2024","4-2024","1","CUIT: 30709511846","125","125","1080.25","135031.25","7104","2","6095","2025-02-25 16:23:27","5","2025-02-25 21:28:42",,"5"
"2439","81","2025-02-25","2020-09","32","1049","1342","3-2024","4-2024","2","CUIT: 30716513986","125","250","1081","270250","7088","2","6079","2025-02-25 16:23:44","5","2025-02-25 20:29:11",,"5"
"2440","82","2025-02-25","2020-09","32","1151","1342","4-2024","4-2024","1","CUIT: 30710397283 RECTIFICATIVA","125","125","1080.5","135062.5","7090","2","6081","2025-02-25 16:24:04","5","2025-02-25 20:37:10",,"5"
"2441","83","2025-02-25","2020-09","32","908","1342","4-2024","4-2024","1","CUIT: 30643748688","175","175","1080.5","189087.5","7094","2","6085","2025-02-25 16:24:20","5","2025-02-25 20:51:03",,"5"
"2442","84","2025-02-25","2020-09","32","1145","1342","4-2024","4-2024","1","CUIT: 30716315270","175","175","1080.5","189087.5","7092","2","6083","2025-02-25 16:24:35","5","2025-02-25 20:45:36",,"5"
"2443","85","2025-02-25","2020-09","32","1018","1342","4-2024","4-2024","1","CUIT: 30709254630","175","175","1080.5","189087.5","7091","2","6082","2025-02-25 16:24:47","5","2025-02-25 20:42:46",,"5"
"2444","86","2025-02-25","2020-09","32","866","1342","4-2024","4-2024","1","CUIT: 30590162279","175","175","1080.5","189087.5","7093","2","6084","2025-02-25 16:25:06","5","2025-02-25 20:48:31",,"5"
"2445","87","2025-02-25","2020-09","32","1115","1342","4-2024","4-2024","1","CUIT: 30715705830 RECTIFICATIVA","125","125","1081","135125","7089","2","6080","2025-02-25 16:25:25","5","2025-02-25 20:33:00",,"5"
"2446","88","2025-03-12","2020-09","32","1135","1342","3-2024","3-2024","1","CUIT: 30700967944","125","125","1081.75","135218.75","7122","5","782","2025-03-12 10:14:58","5","2025-03-12 13:34:13",,"5"
"2447","89","2025-03-12","2020-09","32","915","1342","4-2024","4-2024","1","CUIT: 30674287085","125","125","1081","135125","7129","2","6110","2025-03-12 10:15:18","5","2025-03-12 13:55:36",,"5"
"2448","90","2025-03-12","2020-09","32","1120","1342","4-2024","4-2024","1","CUIT: 30707916083","125","125","1081","135125","7126","5","786","2025-03-12 10:15:32","5","2025-03-12 13:45:18",,"5"
"2449","91","2025-03-12","2020-09","32","1083","1342","4-2024","4-2024","1","CUIT: 23259940419","125","125","1081.25","135156.25","7125","5","785","2025-03-12 10:15:47","5","2025-03-12 13:43:02",,"5"
"2450","92","2025-03-12","2020-09","32","1079","1342","4-2024","4-2024","1","CUIT: 30708789816","125","125","1080.5","135062.5","7132","2","6113","2025-03-12 10:15:58","5","2025-03-12 14:09:20",,"5"
"2451","93","2025-03-12","2020-09","32","1220","1342","4-2024","4-2024","1","CUIT: 20308008682","125","125","1081","135125","7130","2","6111","2025-03-12 10:16:11","5","2025-03-12 14:00:59",,"5"
"2452","94","2025-03-12","2020-09","32","1101","1342","4-2024","4-2024","1","CUIT: 30501025417","125","125","1081.25","135156.25","7123","5","783","2025-03-12 10:16:23","5","2025-03-12 13:37:12",,"5"
"2453","95","2025-03-12","2020-09","32","1242","1342","4-2024","4-2024","1","CUIT: 20342581618","125","125","1081.75","135218.75","7133","2","6114","2025-03-12 10:16:38","5","2025-03-12 14:11:26",,"5"
"2454","96","2025-03-12","2020-09","32","1042","1342","4-2024","4-2024","1","CUIT: 30716051338","125","125","1081.75","135218.75","7127","2","6108","2025-03-12 10:16:51","5","2025-03-12 13:49:20",,"5"
"2455","97","2025-03-12","2020-09","32","945","1342","4-2024","4-2024","1","CUIT: 30582981341","125","125","1081.75","135218.75","7124","5","784","2025-03-12 10:17:05","5","2025-03-12 13:39:47",,"5"
"2456","98","2025-03-12","2020-09","32","1099","1342","4-2024","4-2024","1","CUIT: 20160708833","125","125","1086","135750","7131","2","6112","2025-03-12 10:17:15","5","2025-03-12 14:03:06",,"5"
"2457","99","2025-03-12","2020-09","32","1241","1342","4-2024","4-2024","1","CUIT: 30718374886","125","125","1086","135750","7128","2","6109","2025-03-12 10:17:27","5","2025-03-12 13:52:38",,"5"
"2458","100","2025-03-20","2020-09","32","938","1342","4-2024","4-2024","1","CUIT: 30604456475","125","125","1088.5","136062.5","7165","5","793","2025-03-20 10:27:29","5","2025-03-21 13:43:23",,"5"
"2459","101","2025-03-20","2020-09","32","899","1342","4-2024","4-2024","1","CUIT: 30592724541","125","125","1088.5","136062.5","7162","2","6137","2025-03-20 10:27:43","5","2025-03-21 13:22:41",,"5"
"2460","102","2025-03-20","2020-09","32","1094","1342","3-2024","4-2024","2","CUIT: 30695057020","125","250","1086.26","271565","7166","5","794","2025-03-20 10:28:20","5","2025-03-21 13:47:35",,"5"
"2461","103","2025-03-20","2020-09","32","1129","1342","4-2024","4-2024","1","CUIT: 20205862243","125","125","1086.5","135812.5","7163","2","6138","2025-03-20 10:28:35","5","2025-03-21 13:25:11",,"5"
"2462","104","2025-03-20","2020-09","32","1122","1342","2-2023","2-2023","1","CUIT: 30712132597","125","125","1088.25","136031.25","7164","2","6139","2025-03-20 10:29:02","5","2025-03-21 13:31:56",,"5"
"2463","105","2025-03-20","2020-09","32","1122","1342","4-2024","4-2024","1","CUIT: 30712132597","125","125","1089.25","136156.25","7164","2","6139","2025-03-20 10:29:13","5","2025-03-21 13:31:56",,"5"
"2464","106","2025-03-20","2020-09","32","860","1342","3-2024","3-2024","1","CUIT: 30694753201","150","150","1086.25","162937.5","7167","5","795","2025-03-20 10:30:06","5","2025-03-21 13:53:55",,"5"
"2465","107","2025-04-08","2020-09","32","1246","1342","4-2020","4-2020","1","CUIT: 30501200804","125","125","1093","136625","7175","2","6146","2025-04-08 16:43:24","5","2025-04-09 10:17:49",,"5"
"2466","108","2025-04-08","2020-09","32","1246","1342","1-2024","1-2024","1","CUIT: 30501200804","125","125","1093","136625","7175","2","6146","2025-04-08 16:52:50","5","2025-04-09 10:17:49",,"5"
"2467","109","2025-04-08","2020-09","32","1246","1342","4-2024","4-2024","1","CUIT: 30501200804","125","125","1093","136625","7175","2","6146","2025-04-08 16:55:40","5","2025-04-09 10:17:49",,"5"
"2468","110","2025-04-08","2020-09","32","1099","1342","4-2024","4-2024","1","CUIT: 20160708833 (RECTIFICATIVA)","125","125","1093.5","136687.5","7169","2","6141","2025-04-08 16:57:49","5","2025-04-08 19:13:03",,"5"
"2469","111","2025-04-08","2020-09","32","1236","1342","1-2025","1-2025","1","CUIT: 30711204632","125","125","1094.5","136812.5","7170","2","6142","2025-04-08 16:59:47","5","2025-04-08 19:41:04",,"5"
"2470","112","2025-04-08","2020-09","32","1239","1342","1-2025","1-2025","1","CUIT: 30711204632","125","125","1094.5","136812.5","7171","2","6143","2025-04-08 17:01:09","5","2025-04-08 19:44:30",,"5"
"2471","113","2025-04-08","2020-09","32","1014","1342","4-2024","1-2025","2","CUIT: 30709988367","125","250","1095.5","273875","7172","2","6144","2025-04-08 17:02:55","5","2025-04-08 19:49:36",,"5"
"2472","114","2025-04-08","2020-09","32","1222","1342","4-2024","4-2024","1","CUIT: 30633854439","125","125","1094.5","136812.5","7174","5","796","2025-04-08 17:04:22","5","2025-04-08 20:01:32",,"5"
"2473","115","2025-04-08","2020-09","32","1122","1342","1-2025","1-2025","1","CUIT: 30712132597","125","125","1094.5","136812.5","7173","2","6145","2025-04-08 17:05:06","5","2025-04-08 19:51:57",,"5"
"2474","116","2025-04-16","2020-09","32","860","1342","4-2024","4-2024","1","CUIT: 30694753201","150","150","1096.5","164475","7216","5","807","2025-04-16 16:39:52","5","2025-04-17 19:54:52",,"5"
"2475","117","2025-04-16","2020-09","32","1057","1342","4-2024","4-2024","1","CUIT: 30687276996","175","175","1096.5","191887.5","7215","5","806","2025-04-16 16:41:10","5","2025-04-17 19:53:03",,"5"
"2476","118","2025-04-16","2020-09","32","1221","1342","4-2024","1-2025","2","CUIT: 30714956481","125","250","1230","307500","7206","2","6172","2025-04-16 16:42:04","5","2025-04-17 19:30:56",,"5"
"2477","119","2025-04-16","2020-09","32","1005","1342","1-2025","1-2025","1","CUIT: 30709025755","125","125","1160","153750","7214","5","805","2025-04-16 16:43:03","5","2025-04-17 19:50:52",,"5"
"2478","120","2025-04-16","2020-09","32","999","1342","1-2025","1-2025","1","CUIT: 30540938322","125","125","1096.5","137062.5","7208","2","6173","2025-04-16 16:44:00","5","2025-04-17 19:35:28",,"5"
"2479","121","2025-04-16","2020-09","32","1115","1342","1-2025","1-2025","1","CUIT: 30715705830","125","125","1096.5","137062.5","7203","2","6169","2025-04-16 16:44:39","5","2025-04-17 19:23:08",,"5"
"2480","122","2025-04-16","2020-09","32","1151","1342","1-2025","1-2025","1","CUIT: 30710397283","125","125","1096.5","137062.5","7207","5","802","2025-04-16 16:45:18","5","2025-04-17 19:33:34",,"5"
"2481","123","2025-04-16","2020-09","32","1114","1342","1-2025","1-2025","1","CUIT: 30637485837","125","125","1096.5","137062.5","7202","2","6168","2025-04-16 16:45:57","5","2025-04-17 19:20:56",,"5"
"2482","124","2025-04-16","2020-09","32","1098","1342","4-2024","1-2025","2","CUIT: 30584941053","125","250","1230","307500","7213","5","804","2025-04-16 16:47:03","5","2025-04-17 19:47:54",,"5"
"2483","125","2025-04-16","2020-09","32","721","1342","1-2025","1-2025","1","CUIT: 30629717958","125","125","1160","145000","7210","2","6175","2025-04-16 16:47:48","5","2025-04-17 19:39:24",,"5"
"2484","126","2025-04-16","2020-09","32","942","1342","1-2025","1-2025","1","CUIT: 30708146621","125","125","1160","145000","7212","5","803","2025-04-16 16:48:26","5","2025-04-17 19:45:28",,"5"
"2485","127","2025-04-16","2020-09","32","840","1342","1-2025","1-2025","1","CUIT: 33708829639","150","150","1160","174000","7211","2","6176","2025-04-16 16:49:20","5","2025-04-17 19:41:14",,"5"
"2486","128","2025-04-16","2020-09","32","1048","1342","1-2025","1-2025","1","CUIT: 30708937785","125","125","1160","145000","7209","2","6174","2025-04-16 16:50:16","5","2025-04-17 19:37:42",,"5"
"2487","129","2025-04-16","2020-09","32","1050","1342","1-2025","1-2025","1","CUIT: 30716719347","125","125","1160","145000","7201","2","6167","2025-04-16 16:50:53","5","2025-04-17 19:18:23",,"5"
"2488","130","2025-04-16","2020-09","32","1071","1342","1-2025","1-2025","1","CUIT: 30696223757","150","150","1160","174000","7204","2","6170","2025-04-16 16:51:26","5","2025-04-17 19:25:51",,"5"
"2489","131","2025-04-16","2020-09","32","1097","1342","1-2025","1-2025","1","CUIT: 33539811059","150","150","1160","174000","7205","2","6171","2025-04-16 16:51:51","5","2025-04-17 19:27:26",,"5"
"2490","132","2025-04-24","2020-09","32","1074","1342","3-2025","3-2025","1","CUIT: 30716356678","125","125","1110","138750","7225","5","811","2025-04-24 15:57:19","5","2025-04-28 10:11:53",,"5"
"2491","133","2025-04-24","2020-09","32","1061","1342","3-2025","3-2025","1","CUIT: 30528844746","125","125","1120","140000","7224","2","6181","2025-04-24 16:01:25","5","2025-04-28 10:08:09",,"5"
"2492","134","2025-04-29","2020-09","32","971","1342","1-2025","1-2025","1","CUIT: 20108971747","125","125","1180","147500","7228","5","812","2025-04-29 20:12:02","5","2025-05-02 11:20:47","5","5"
"2493","135","2025-04-29","2020-09","32","1142","1342","1-2025","1-2025","1","CUIT: 30708640979","125","125","1180","147500","7227","2","6183","2025-04-29 20:13:11","5","2025-05-02 11:16:25","5","5"
"2494","136","2025-05-08","2020-09","32","1017","1342","1-2025","1-2025","1","CUIT: 30628395450","150","150","1130","169500","7249","2","6202","2025-05-08 17:07:54","5","2025-05-13 13:09:43",,"5"
"2495","137","2025-05-08","2020-09","4","526","1342","1-2025","1-2025","1","CUIT: 30590162279","175","175","1130","197750",,,,"2025-05-08 17:16:47","5","2025-05-08 17:28:27","5","5"
"2496","138","2025-05-08","2020-09","32","526","1342","1-2025","1-2025","1","CUIT: 30686241749 OC 4500679612","140","140","1130","158200","7313","2","6252","2025-05-08 17:17:56","5","2025-06-01 12:00:38","5","5"
"2497","139","2025-05-08","2020-09","32","904","1342","1-2025","1-2025","1","CUIT: 30504437546","125","125","1210","151250","7252","5","816","2025-05-08 17:20:43","5","2025-05-13 13:24:51",,"5"
"2498","140","2025-05-08","2020-09","32","900","1342","1-2025","1-2025","1","CUIT: 30638611097","140","140","1130","158200","7247","2","6200","2025-05-08 17:21:43","5","2025-05-13 13:02:00",,"5"
"2499","141","2025-05-08","2020-09","32","944","1342","1-2025","1-2025","1","CUIT: 30708784164","125","125","1210","151250","7245","2","6198","2025-05-08 17:22:37","5","2025-05-13 12:57:23","5","5"
"2500","142","2025-05-08","2020-09","32","955","1342","1-2025","1-2025","1","CUIT: 30503865455","125","125","1210","151250","7248","2","6201","2025-05-08 17:23:32","5","2025-05-13 13:05:50",,"5"
"2501","143","2025-05-12","2020-09","32","946","1342","1-2025","1-2025","1","CUIT: 30518801453","125","125","1130","141250","7244","2","6197","2025-05-12 14:22:09","5","2025-05-13 12:54:14",,"5"
"2502","144","2025-05-12","2020-09","32","1250","1342","4-2024","4-2024","1","CUIT: 30718602773","125","125","1210","151250","7250","2","6203","2025-05-12 14:26:02","5","2025-05-13 13:17:32",,"5"
"2503","145","2025-05-12","2020-09","32","1102","1342","1-2025","1-2025","1","CUIT: 30709623997","125","125","1130","141250","7251","5","815","2025-05-12 14:26:59","5","2025-05-13 13:21:59",,"5"
"2504","146","2025-05-12","2020-09","32","1251","1342","4-2024","4-2024","1","CUIT: 30714379522","125","125","1130","141250","7253","5","817","2025-05-12 15:50:40","5","2025-05-13 13:27:36",,"5"
"2505","147","2025-05-12","2020-09","32","866","1342","4-2024","4-2024","1","CUIT: 30590162279   (6401 ANUAL PERIODO 2024)","485","485","1190","577150","7241","2","6194","2025-05-12 15:55:01","5","2025-05-13 12:38:31",,"5"
"2506","148","2025-05-12","2020-09","32","435","1342","4-2024","4-2024","1","CUIT: 30617091190 (6401 ANUAL PERIODO 2024)","500","500","1190","595000","7242","2","6195","2025-05-12 15:56:09","5","2025-05-13 12:42:12",,"5"
"2507","149","2025-05-12","2020-09","32","1008","1342","1-2025","1-2025","1","CUIT: 30707822917","125","125","1150","143750","7246","2","6199","2025-05-12 15:56:51","5","2025-05-13 12:59:21",,"5"
"2508","150","2025-05-12","2020-09","32","1106","1342","1-2025","1-2025","1","CUIT: 30703258634","125","125","1150","143750","7243","2","6196","2025-05-12 15:57:56","5","2025-05-13 12:47:27",,"5"
"2509","151","2025-05-29","2020-09","32","526","1342","1-2024","1-2024","1","CUIT: 30686241749    OC 4500679612","550","550","1190","654500","7313","2","6252","2025-05-29 10:26:36","5","2025-06-01 12:00:38",,"5"
"2510","152","2025-05-29","2020-09","32","937","1342","1-2025","1-2025","1","CUIT: 30714838411","125","125","1150","143750","7295","2","6234","2025-05-29 10:46:27","5","2025-06-01 11:19:14",,"5"
"2511","153","2025-05-29","2020-09","32","905","1342","1-2025","1-2025","1","CUIT: 30715468294","125","125","1160","145000","7312","2","6251","2025-05-29 10:50:22","5","2025-06-01 11:57:45",,"5"
"2512","154","2025-05-29","2020-09","32","929","1342","1-2025","1-2025","1","CUIT: 30715863193","125","125","1150","143750","7315","2","6254","2025-05-29 10:54:23","5","2025-06-01 12:06:31",,"5"
"2513","155","2025-05-29","2020-09","32","1035","1342","1-2025","1-2025","1","CUIT: 30709196258","140","140","1150","161000","7319","2","6258","2025-05-29 11:02:20","5","2025-06-01 12:14:38",,"5"
"2514","156","2025-05-29","2020-09","32","843","1342","1-2025","1-2025","1","CUIT: 30543349085","125","125","1160","145000","7293","2","6232","2025-05-29 11:12:20","5","2025-06-01 11:14:05",,"5"
"2515","157","2025-05-29","2020-09","32","1086","1342","1-2025","1-2025","1","CUIT: 30573118983","175","175","1150","201250","7329","5","835","2025-05-29 11:13:09","5","2025-06-01 14:22:30",,"5"
"2516","158","2025-05-29","2020-09","32","1049","1342","1-2025","1-2025","1","CUIT: 30716513986","125","125","1150","143750","7310","2","6249","2025-05-29 11:14:11","5","2025-06-01 11:53:58",,"5"
"2517","159","2025-05-29","2020-09","32","869","1342","1-2025","1-2025","1","CUIT: 30626391385","125","125","1150","143750","7316","2","6255","2025-05-29 11:15:12","5","2025-06-01 12:08:29",,"5"
"2518","160","2025-05-29","2020-09","32","1137","1342","1-2025","1-2025","1","CUIT: 30700987457","125","125","1150","143750","7317","2","6256","2025-05-29 11:16:03","5","2025-06-01 12:10:23",,"5"
"2519","161","2025-05-29","2020-09","32","1127","1342","1-2025","1-2025","1","CUIT: 34612073475","125","125","1150","143750","7332","5","838","2025-05-29 11:16:54","5","2025-06-01 14:27:29",,"5"
"2520","162","2025-05-29","2020-09","32","933","1342","1-2025","1-2025","1","CUIT: 30708063629","125","125","1150","143750","7324","5","832","2025-05-29 11:17:54","5","2025-06-01 14:13:50",,"5"
"2521","163","2025-05-29","2020-09","32","879","1342","1-2025","1-2025","1","CUIT: 30506357841","125","125","1150","143750","7309","2","6248","2025-05-29 11:19:10","5","2025-06-01 11:51:51",,"5"
"2522","164","2025-05-29","2020-09","32","979","1342","1-2025","1-2025","1","CUIT: 30600738379","125","125","1150","143750","7331","5","837","2025-05-29 11:20:19","5","2025-06-01 14:26:00",,"5"
"2523","165","2025-05-29","2020-09","32","917","1342","1-2025","1-2025","1","CUIT: 30602173638","250","250","1160","290000","7299","2","6238","2025-05-29 11:21:12","5","2025-06-01 11:28:00",,"5"
"2524","166","2025-05-29","2020-09","32","915","1342","1-2025","1-2025","1","CUIT: 30674287085","125","125","1155","144375","7294","2","6233","2025-05-29 11:22:19","5","2025-06-01 11:15:40",,"5"
"2525","167","2025-05-29","2020-09","32","891","1342","1-2025","1-2025","1","CUIT: 30711917779","125","125","1150","143750","7326","2","6260","2025-05-29 11:24:36","5","2025-06-01 14:17:21",,"5"
"2526","168","2025-05-29","2020-09","32","898","1342","1-2025","1-2025","1","CUIT: 30695092233","125","125","1150","143750","7327","2","6261","2025-05-29 11:25:54","5","2025-06-01 14:18:48",,"5"
"2527","169","2025-05-29","2020-09","32","1124","1342","1-2025","1-2025","1","CUIT: 30709997617","125","125","1150","143750","7323","5","831","2025-05-29 11:26:47","5","2025-06-01 14:12:12",,"5"
"2528","170","2025-05-29","2020-09","32","970","1342","1-2025","1-2025","1","CUIT: 33711994209","125","125","1155","144375","7325","5","833","2025-05-29 11:27:51","5","2025-06-01 14:15:29",,"5"
"2529","171","2025-05-29","2020-09","32","908","1342","1-2025","1-2025","1","CUIT: 30643748688","175","175","1155","202125","7303","2","6242","2025-05-29 11:32:49","5","2025-06-01 11:36:32",,"5"
"2530","172","2025-05-29","2020-09","32","899","1342","1-2025","1-2025","1","CUIT: 30592724541","125","125","1160","145000","7292","2","6231","2025-05-29 11:36:20","5","2025-06-01 11:11:01",,"5"
"2531","173","2025-05-29","2020-09","32","1121","1342","1-2025","1-2025","1","CUIT: 30515491615","125","125","1160","145000","7330","5","836","2025-05-29 11:37:07","5","2025-06-01 14:24:02",,"5"
"2532","174","2025-05-29","2020-09","32","1096","1342","1-2025","1-2025","1","CUIT: 30500755195","125","125","1155","144375","7333","5","839","2025-05-29 11:38:04","5","2025-06-01 14:28:52",,"5"
"2533","175","2025-05-29","2020-09","32","1148","1342","1-2025","1-2025","1","CUIT: 30707792007","125","125","1155","144375","7322","5","830","2025-05-29 11:38:49","5","2025-06-01 14:10:00",,"5"
"2534","176","2025-05-29","2020-09","32","1099","1342","1-2025","1-2025","1","CUIT: 20160708833","125","125","1150","143750","7311","2","6250","2025-05-29 11:39:40","5","2025-06-01 11:55:43",,"5"
"2535","177","2025-05-29","2020-09","32","913","1342","1-2025","1-2025","1","CUIT: 30504023377","175","175","1150","201250","7305","2","6244","2025-05-29 11:41:18","5","2025-06-01 11:40:23",,"5"
"2536","178","2025-05-29","2020-09","32","1077","1342","4-2024","4-2024","1","CUIT: 30540367120","125","125","1155","144375","7307","2","6246","2025-05-29 11:43:18","5","2025-06-01 11:44:08",,"5"
"2537","179","2025-05-29","2020-09","32","1077","1342","1-2025","1-2025","1","CUIT: 30540367120","125","125","1160","145000","7307","2","6246","2025-05-29 11:44:16","5","2025-06-01 11:44:08",,"5"
"2538","180","2025-05-29","2020-09","32","1023","1342","1-2025","1-2025","1","CUIT: 30504042894","140","140","1155","161700","7314","2","6253","2025-05-29 11:45:48","5","2025-06-01 12:03:26",,"5"
"2539","181","2025-05-29","2020-09","32","1220","1342","1-2025","1-2025","1","CUIT: 20308008682","125","125","1160","145000","7298","2","6237","2025-05-29 11:46:42","5","2025-06-01 11:25:55",,"5"
"2540","182","2025-05-29","2020-09","32","1036","1342","1-2025","1-2025","1","CUIT: 30709511846","125","125","1155","144375","7291","2","6230","2025-05-29 11:47:48","5","2025-06-01 11:08:39",,"5"
"2541","183","2025-05-29","2020-09","32","1042","1342","1-2025","1-2025","1","CUIT: 30716051338","125","125","1155","144375","7290","2","6229","2025-05-29 11:49:51","5","2025-06-01 11:06:16",,"5"
"2542","184","2025-05-29","2020-09","32","1088","1342","1-2025","1-2025","1","CUIT: 30717522512","125","125","1155","144375","7289","2","6228","2025-05-29 11:50:48","5","2025-06-01 11:03:03",,"5"
"2543","185","2025-05-29","2020-09","32","1254","1342","1-2025","1-2025","1","CUIT: 30708296143","125","125","1170","146250","7304","2","6243","2025-05-29 11:53:35","5","2025-06-01 11:38:24",,"5"
"2544","186","2025-05-29","2020-09","32","1017","1342","1-2025","1-2025","1","CUIT: 30628395450    RECTIF","150","150","1155","173250","7320","2","6259","2025-05-29 12:03:25","5","2025-06-01 12:16:18",,"5"
"2545","187","2025-05-29","2020-09","32","1208","1342","1-2025","1-2025","1","CUIT: 30690623915","125","125","1155","144375","7297","2","6236","2025-05-29 12:11:45","5","2025-06-01 11:24:18",,"5"
"2546","188","2025-05-29","2020-09","32","965","1342","1-2025","1-2025","1","CUIT: 30691665433","125","125","1160","145000","7308","2","6247","2025-05-29 12:13:40","5","2025-06-01 11:50:18",,"5"
"2547","189","2025-05-29","2020-09","32","1004","1342","1-2025","1-2025","1","CUIT: 30716637189","125","125","1160","145000","7296","2","6235","2025-05-29 12:16:44","5","2025-06-01 11:22:24",,"5"
"2548","190","2025-05-29","2020-09","32","1145","1342","1-2025","1-2025","1","CUIT: 30716315270","175","175","1155","202125","7300","2","6239","2025-05-29 12:19:06","5","2025-06-01 11:30:10",,"5"
"2549","191","2025-05-29","2020-09","32","1018","1342","1-2025","1-2025","1","CUIT: 30709254630","175","175","1150","201250","7301","2","6240","2025-05-29 12:20:14","5","2025-06-01 11:32:11",,"5"
"2550","192","2025-05-29","2020-09","32","1005","1342","1-2025","1-2025","1","CUIT: 30709025755  RECTIF","125","125","1155","144375","7321","5","829","2025-05-29 12:21:27","5","2025-06-01 14:08:16",,"5"
"2551","193","2025-05-29","2020-09","32","1019","1342","1-2025","1-2025","1","CUIT: 30702179153","125","125","1160","145000","7318","2","6257","2025-05-29 12:22:48","5","2025-06-01 12:12:36",,"5"
"2552","194","2025-05-29","2020-09","32","866","1342","1-2025","1-2025","1","CUIT: 30590162279","175","175","1150","201250","7302","2","6241","2025-05-29 13:38:30","5","2025-06-01 11:34:50",,"5"
"2553","195","2025-05-29","2020-09","32","435","1342","1-2025","1-2025","1","CUIT: 30617091190","125","125","1150","143750","7306","2","6245","2025-05-29 13:46:53","5","2025-06-01 11:42:17",,"5"
"2554","196","2025-05-29","2020-09","32","938","1342","1-2025","1-2025","1","CUIT: 30604456475","125","125","1175","146875","7328","5","834","2025-05-29 16:58:03","5","2025-06-01 14:21:02",,"5"
"2555","197","2025-06-09","2020-09","32","938","1342","1-2025","1-2025","1","CUIT: 30604456475","125","125","1175","146875","7341","5","842","2025-06-09 10:16:58","5","2025-06-10 10:50:15",,"5"
"2556","198","2025-06-09","2020-09","32","1120","1342","1-2025","1-2025","1","CUIT: 30707916083","125","125","1175","146875","7344","5","845","2025-06-09 10:18:15","5","2025-06-10 10:59:29",,"5"
"2557","199","2025-06-09","2020-09","32","1195","1342","4-2024","4-2024","1","CUIT: 30712480358","125","125","1200","150000","7346","2","6268","2025-06-09 10:19:25","5","2025-06-10 11:19:49",,"5"
"2558","200","2025-06-09","2020-09","32","1195","1342","1-2025","1-2025","1","CUIT: 30712480358","125","125","1200","150000","7346","2","6268","2025-06-09 10:20:10","5","2025-06-10 11:19:49",,"5"
"2559","201","2025-06-09","2020-09","32","1073","1342","1-2025","1-2025","1","CUIT: 33691265949","175","175","1200","210000","7347","2","6269","2025-06-09 10:21:51","5","2025-06-10 11:21:58",,"5"
"2560","202","2025-06-09","2020-09","32","1072","1342","1-2025","1-2025","1","CUIT: 30714848034","175","175","1200","210000","7345","2","6267","2025-06-09 10:23:27","5","2025-06-10 11:13:04",,"5"
"2561","203","2025-06-09","2020-09","32","1032","1342","1-2025","1-2025","1","CUIT: 30714981613","125","125","1200","150000","7340","5","841","2025-06-09 10:27:49","5","2025-06-10 10:44:21",,"5"
"2562","204","2025-06-09","2020-09","32","1101","1342","1-2025","1-2025","1","CUIT: 30501025417","125","125","1200","150000","7339","5","840","2025-06-09 10:28:38","5","2025-06-10 10:41:48",,"5"
"2563","205","2025-06-09","2020-09","32","1218","1342","1-2025","1-2025","1","CUIT: 33709494509","125","125","1205","150625","7349","2","6271","2025-06-09 10:29:30","5","2025-06-10 11:27:55",,"5"
"2564","206","2025-06-09","2020-09","32","1079","1342","1-2025","1-2025","1","CUIT: 30708789816","125","125","1200","150000","7348","2","6270","2025-06-09 10:30:25","5","2025-06-10 11:25:16",,"5"
"2565","207","2025-06-09","2020-09","32","1260","1342","1-2025","1-2025","1","CUIT: 20181658313","125","125","1195","149375","7342","5","843","2025-06-09 16:12:42","5","2025-06-10 10:52:37",,"5"
"2566","208","2025-06-09","2020-09","32","1261","1342","1-2025","1-2025","1","CUIT: 30717451216","175","175","1200","210000","7343","5","844","2025-06-09 16:13:39","5","2025-06-10 10:57:02",,"5"
"2567","209","2025-06-13","2020-09","32","1057","1342","1-2025","1-2025","1","CUIT: 30687276996","175","175","1200","210000","7354","5","846","2025-06-13 13:52:37","5","2025-06-15 20:44:37",,"5"
"2568","210","2025-06-13","2020-09","32","435","1342","1-2025","1-2025","1","CUIT: 30617091190 RECTIFICATIVA","125","125","1200","150000","7352","2","6274","2025-06-13 14:01:46","5","2025-06-15 20:39:53",,"5"
"2569","211","2025-06-13","2020-09","32","1259","1342","1-2024","1-2024","1","CUIT: 30714428256","125","125","1200","150000","7351","2","6273","2025-06-13 14:05:25","5","2025-06-15 20:37:48",,"5"
"2570","212","2025-06-13","2020-09","32","1259","1342","3-2024","3-2024","1","CUIT: 30714428256","125","125","1200","150000","7351","2","6273","2025-06-13 14:06:14","5","2025-06-15 20:37:48",,"5"
"2571","213","2025-06-13","2020-09","32","1259","1342","1-2025","1-2025","1","CUIT: 30714428256","125","125","1200","150000","7351","2","6273","2025-06-13 14:08:27","5","2025-06-15 20:37:48",,"5"
"2572","214","2025-06-13","2020-09","32","939","1342","2-2024","2-2024","1","CUIT: 30650242056","125","125","1200","150000","7353","2","6275","2025-06-13 14:11:30","5","2025-06-15 20:42:11",,"5"
"2573","215","2025-06-13","2020-09","32","939","1342","3-2024","3-2024","1","CUIT: 30650242056","125","125","1200","150000","7353","2","6275","2025-06-13 14:12:30","5","2025-06-15 20:42:11",,"5"
"2574","216","2025-06-13","2020-09","32","1217","1342","1-2025","1-2025","1","CUIT: 30711967245","125","125","1200","150000","7350","2","6272","2025-06-13 14:14:48","5","2025-06-15 20:34:35",,"5"
"2575","217","2025-06-26","2020-09","32","1241","1342","1-2025","1-2025","1","CUIT: 30718374886","125","125","1185","148125","7390","2","6303","2025-06-26 15:11:01","5","2025-06-27 14:54:14",,"5"
"2576","218","2025-06-26","2020-09","32","860","1342","1-2025","1-2025","1","CUIT: 30694753201","150","150","1195","179250","7391","5","855","2025-06-26 15:11:44","5","2025-06-27 14:57:35",,"5"
"2577","219","2025-06-26","2020-09","32","1099","1342","1-2025","1-2025","1","CUIT: 20160708833 RECTIFICATIVA","125","125","1195","149375","7389","2","6302","2025-06-26 15:16:28","5","2025-06-27 14:51:32",,"5"
"2578","220","2025-06-26","2020-09","32","1262","1342","1-2024","1-2024","1","CUIT: 20942495855","125","125","1195","149375","7392","5","856","2025-06-26 16:33:32","5","2025-06-27 15:01:39",,"5"
"2579","221","2025-06-26","2020-09","32","1262","1342","2-2024","2-2024","1","CUIT: 20942495855","125","125","1195","149375","7392","5","856","2025-06-26 16:34:37","5","2025-06-27 15:01:39",,"5"
"2580","222","2025-07-11","2020-09","32","1151","1342","1-2025","1-2025","1","CUIT: 30710397283 (RECTIFICATIVA)","125","125","1205","150625","7410","2","6319","2025-07-11 16:51:57","5","2025-07-13 20:02:34",,"5"
"2581","223","2025-07-11","2020-09","32","945","1342","1-2025","1-2025","1","CUIT: 30582981341","125","125","1260","157500","7413","5","860","2025-07-11 16:53:26","5","2025-07-13 20:11:52",,"5"
"2582","224","2025-07-11","2020-09","32","1050","1342","2-2025","2-2025","1","CUIT: 30716719347","125","125","1245","155625","7406","2","6315","2025-07-11 16:58:59","5","2025-07-13 19:52:08",,"5"
"2583","225","2025-07-11","2020-09","32","1163","1342","4-2024","4-2024","1","CUIT: 30710765045","125","125","1280","160000","7412","5","859","2025-07-11 17:00:53","5","2025-07-13 20:09:40",,"5"
"2584","226","2025-07-11","2020-09","32","1163","1342","1-2025","1-2025","1","CUIT: 30710765045","125","125","1280","160000","7412","5","859","2025-07-11 17:01:46","5","2025-07-13 20:09:40",,"5"
"2585","227","2025-07-11","2020-09","32","1129","1342","1-2025","1-2025","1","CUIT: 20205862243","125","125","1280","160000","7411","2","6320","2025-07-11 17:03:28","5","2025-07-13 20:06:02",,"5"
"2586","228","2025-07-11","2020-09","32","959","1342","3-2024","3-2024","1","CUIT: 30710578482","125","125","1280","160000","7407","2","6316","2025-07-11 17:04:39","5","2025-07-13 19:55:00",,"5"
"2587","229","2025-07-11","2020-09","32","959","1342","2-2025","2-2025","1","CUIT: 30710578482","125","125","1275","159375","7407","2","6316","2025-07-11 17:09:07","5","2025-07-13 19:55:00",,"5"
"2588","230","2025-07-11","2020-09","32","1245","1342","2-2024","2-2024","1","CUIT: 30716257181","125","125","1275","159375","7409","2","6318","2025-07-11 17:14:06","5","2025-07-13 20:00:20",,"5"
"2589","231","2025-07-11","2020-09","32","1245","1342","3-2024","3-2024","1","CUIT: 30716257181","125","125","1275","159375","7409","2","6318","2025-07-11 17:14:56","5","2025-07-13 20:00:20",,"5"
"2590","232","2025-07-11","2020-09","32","1245","1342","4-2024","4-2024","1","CUIT: 30604456475","125","125","1275","159375","7409","2","6318","2025-07-11 17:18:06","5","2025-07-13 20:00:20",,"5"
"2591","233","2025-07-11","2020-09","32","1245","1342","1-2025","1-2025","1","CUIT: 30716257181","125","125","1275","159375","7409","2","6318","2025-07-11 17:18:52","5","2025-07-13 20:00:20",,"5"
"2592","234","2025-07-11","2020-09","32","1245","1342","2-2025","2-2025","1","CUIT: 30716257181","125","125","1275","159375","7409","2","6318","2025-07-11 17:19:41","5","2025-07-13 20:00:20",,"5"
"2593","235","2025-07-11","2020-09","32","1161","1342","1-2025","1-2025","1","CUIT: 30707441360","125","125","1275","159375","7408","2","6317","2025-07-11 17:20:45","5","2025-07-13 19:57:23",,"5"
"2594","236","2025-07-11","2020-09","32","938","1342","1-2025","1-2025","1","CUIT: 30604456475  GASTOS DE LEGALIZACION $7400","125","125","2080","260000","7414","5","861","2025-07-11 17:20:48","5","2025-07-13 20:18:58","5","5"
"2595","237","2025-07-11","2020-09","32","526","1342","2-2025","2-2025","1","CUIT: 30686241749 (OC 4500704552)","140","140","1280","179200","7465","2","6356","2025-07-11 17:24:06","5","2025-08-03 11:32:50","5","5"
"2596","238","2025-07-24","2020-09","32","1098","1342","2-2025","2-2025","1","CUIT: 30584941053","125","125","1295","161875","7453","5","871","2025-07-24 12:27:50","5","2025-07-24 15:58:28",,"5"
"2597","239","2025-07-24","2020-09","32","1005","1342","2-2025","2-2025","1","CUIT: 30709025755","125","125","1295","161875","7468","5","878","2025-07-24 12:28:49","5","2025-08-03 11:41:38",,"5"
"2598","240","2025-07-24","2020-09","32","942","1342","2-2025","2-2025","1","CUIT: 30708146621","125","125","1295","161875","7452","5","870","2025-07-24 12:29:55","5","2025-07-24 15:56:46",,"5"
"2599","241","2025-07-24","2020-09","32","997","1342","4-2024","4-2024","1","CUIT: 30711776008","125","125","1280","160000","7449","2","6349","2025-07-24 12:31:25","5","2025-07-24 15:48:11",,"5"
"2600","242","2025-07-24","2020-09","32","997","1342","1-2025","1-2025","1","CUIT: 30711776008","125","125","1280","160000","7449","2","6349","2025-07-24 12:32:09","5","2025-07-24 15:48:11",,"5"
"2601","243","2025-07-24","2020-09","32","997","1342","2-2025","2-2025","1","CUIT: 30711776008","125","125","1280","160000","7449","2","6349","2025-07-24 12:32:54","5","2025-07-24 15:48:11",,"5"
"2602","244","2025-07-24","2020-09","32","1142","1342","2-2025","2-2025","1","CUIT: 30708640979","125","125","1280","160000","7447","2","6347","2025-07-24 12:36:43","5","2025-07-24 15:43:40",,"5"
"2603","245","2025-07-24","2020-09","32","904","1342","2-2025","2-2025","1","CUIT: 30504437546","125","125","1300","162500","7451","5","869","2025-07-24 12:39:57","5","2025-07-24 15:53:13",,"5"
"2604","246","2025-07-24","2020-09","32","1114","1342","2-2025","2-2025","1","CUIT: 30637485837","125","125","1280","160000","7446","2","6346","2025-07-24 12:41:21","5","2025-07-24 15:41:13",,"5"
"2605","247","2025-07-24","2020-09","32","1222","1342","1-2025","1-2025","1","CUIT: 30633854439","125","125","1290","161250","7450","5","868","2025-07-24 12:51:00","5","2025-07-24 15:50:35",,"5"
"2606","248","2025-07-24","2020-09","32","1106","1342","2-2025","2-2025","1","CUIT: 30703258634","125","125","1275","159375","7444","2","6344","2025-07-24 12:51:57","5","2025-07-24 15:35:44",,"5"
"2607","249","2025-07-24","2020-09","32","1096","1342","2-2025","2-2025","1","CUIT: 30500755195","125","125","1275","159375","7455","5","873","2025-07-24 12:52:55","5","2025-07-24 16:04:34",,"5"
"2608","250","2025-07-24","2020-09","32","1061","1342","2-2025","2-2025","1","CUIT: 30528844746","125","125","1275","159375","7445","2","6345","2025-07-24 12:53:38","5","2025-07-24 15:38:29",,"5"
"2609","251","2025-07-24","2020-09","32","1124","1342","2-2025","2-2025","1","CUIT: 30709997617","125","125","1275","159375","7454","5","872","2025-07-24 12:56:21","5","2025-07-24 16:02:40",,"5"
"2610","252","2025-07-24","2020-09","32","1263","1342","1-2025","1-2025","1","CUIT: 33718850539","125","125","1295","161875","7448","2","6348","2025-07-24 13:01:39","5","2025-07-24 15:45:42",,"5"
"2611","253","2025-07-24","2020-09","4","933","1342","1-2025","1-2025","1","CUIT: 30708063629 (RECUPERO IMPUESTO PAIS)","125","125","1275","159375",,,,"2025-07-24 13:11:20","5","2025-07-24 13:23:29","5","5"
"2612","254","2025-07-31","2020-09","32","900","1342","2-2025","2-2025","1","CUIT: 30638611097","140","140","1300","182000","7470","5","880","2025-07-31 15:54:48","5","2025-08-03 11:45:48",,"5"
"2613","255","2025-07-31","2020-09","32","971","1342","2-2025","2-2025","1","CUIT: 20108971747","125","125","1275","159375","7467","5","877","2025-07-31 15:55:49","5","2025-08-03 11:39:44",,"5"
"2614","256","2025-07-31","2020-09","32","1074","1342","2-2025","2-2025","1","CUIT: 30716356678","125","125","1295","161875","7469","5","879","2025-07-31 15:59:31","5","2025-08-03 11:43:37",,"5"
"2615","257","2025-07-31","2020-09","32","905","1342","2-2025","2-2025","1","CUIT: 30715468294","125","125","1325","165625","7464","2","6355","2025-07-31 16:01:46","5","2025-08-03 11:30:26",,"5"
"2616","258","2025-07-31","2020-09","32","946","1342","2-2025","2-2025","1","CUIT: 30518801453","125","125","1300","162500","7463","2","6354","2025-07-31 16:04:01","5","2025-08-03 11:27:54",,"5"
"2617","259","2025-07-31","2020-09","32","1217","1342","2-2025","2-2025","1","CUIT: 30711967245","125","125","1325","165625","7461","2","6352","2025-07-31 16:04:38","5","2025-08-03 11:23:49",,"5"
"2618","260","2025-07-31","2020-09","32","1137","1342","2-2025","2-2025","1","CUIT: 30700987457","125","125","1380","172500","7466","2","6357","2025-07-31 16:05:25","5","2025-08-03 11:34:37",,"5"
"2619","261","2025-07-31","2020-09","32","938","1342","1-2025","1-2025","1","CUIT: 30604456475 (GASTOS DE LEGALIZACION $8400)","125","125","2080","260000","7471","5","881","2025-07-31 16:25:26","5","2025-08-03 11:48:52",,"5"
"2620","262","2025-07-31","2020-09","32","1218","1342","2-2025","2-2025","1","CUIT: 33709494509","125","125","1325","165625","7462","2","6353","2025-07-31 16:26:25","5","2025-08-03 11:25:22",,"5"
"2621","263","2025-08-05","2020-09","32","929","1342","2-2025","2-2025","1","CUIT: 30715863193","125","125","1380","172500","7477","2","6361","2025-08-05 15:02:46","5","2025-08-06 19:50:04",,"5"
"2622","264","2025-08-05","2020-09","32","937","1342","2-2025","2-2025","1","CUIT: 30714838411","125","125","1375","171875","7476","2","6360","2025-08-05 15:04:15","5","2025-08-06 19:47:42",,"5"
"2623","265","2025-08-05","2020-09","32","1127","1342","2-2025","2-2025","1","CUIT: 34612073475","125","125","1375","171875","7478","5","884","2025-08-05 15:05:55","5","2025-08-06 19:52:53",,"5"
"2624","266","2025-08-14","2020-09","32","1088","1342","1-2025","2-2025","2","CUIT: 30717522512","125","250","1500","375000","7531","2","6388","2025-08-14 08:58:48","5","2025-08-23 19:38:07","5","5"
"2625","267","2025-08-22","2020-09","32","1097","1342","2-2025","2-2025","1","CUIT: 33539811059","150","150","1350","202500","7527","5","907","2025-08-22 16:34:33","5","2025-08-23 19:28:40",,"5"
"2626","268","2025-08-22","2020-09","32","1017","1342","2-2025","2-2025","1","CUIT: 30628395450","150","150","1345","201750","7528","5","908","2025-08-22 16:38:30","5","2025-08-23 19:30:14",,"5"
"2627","269","2025-08-22","2020-09","32","1071","1342","2-2025","2-2025","1","CUIT: 30696223757","150","150","1350","202500","7526","5","906","2025-08-22 16:39:52","5","2025-08-23 19:26:45",,"5"
"2628","270","2025-08-22","2020-09","32","840","1342","2-2025","2-2025","1","CUIT: 33708829639","150","150","1330","199500","7535","2","6392","2025-08-22 16:42:09","5","2025-08-23 19:47:31",,"5"
"2629","271","2025-08-22","2020-09","32","1073","1342","2-2025","2-2025","1","CUIT: 33691265949","175","175","1345","235375","7530","5","910","2025-08-22 16:45:45","5","2025-08-23 19:35:10",,"5"
"2630","272","2025-08-22","2020-09","32","1072","1342","2-2025","2-2025","1","CUIT: 30714848034","175","175","1345","235375","7529","5","909","2025-08-22 16:47:42","5","2025-08-23 19:33:34",,"5"
"2631","273","2025-08-22","2020-09","32","1261","1342","2-2025","2-2025","1","CUIT: 30717451216","175","175","1330","232750","7525","5","905","2025-08-22 16:51:59","5","2025-08-23 19:20:38",,"5"
"2632","274","2025-08-22","2020-09","32","869","1342","2-2025","2-2025","1","CUIT: 30626391385","125","125","1330","166250","7533","2","6390","2025-08-22 16:53:20","5","2025-08-23 19:43:32",,"5"
"2633","275","2025-08-22","2020-09","32","891","1342","2-2025","2-2025","1","CUIT: 30711917779","125","125","1345","168125","7522","5","902","2025-08-22 16:55:42","5","2025-08-23 19:13:58",,"5"
"2634","276","2025-08-22","2020-09","32","898","1342","2-2025","2-2025","1","CUIT: 30695092233","125","125","1345","168125","7523","5","903","2025-08-22 16:56:36","5","2025-08-23 19:15:23",,"5"
"2635","277","2025-08-22","2020-09","32","1035","1342","2-2025","2-2025","1","CUIT: 30709196258","140","140","1340","187600","7534","2","6391","2025-08-22 16:57:37","5","2025-08-23 19:45:48",,"5"
"2636","278","2025-08-22","2020-09","32","1148","1342","2-2025","2-2025","1","CUIT: 30707792007","125","125","1340","167500","7521","5","901","2025-08-22 17:05:30","5","2025-08-23 19:10:36",,"5"
"2637","279","2025-08-22","2020-09","32","1263","1342","2-2025","2-2025","1","CUIT: 33718850539","125","125","1340","167500","7532","2","6389","2025-08-22 17:06:14","5","2025-08-23 19:41:45",,"5"
"2638","280","2025-08-22","2020-09","32","1102","1342","2-2025","2-2025","1","CUIT: 30709623997","125","125","1340","167500","7520","5","900","2025-08-22 17:07:09","5","2025-08-23 19:08:38",,"5"
"2639","281","2025-08-22","2020-09","32","979","1342","2-2025","2-2025","1","CUIT: 30600738379","125","125","1335","166875","7524","5","904","2025-08-22 17:08:50","5","2025-08-23 19:18:31",,"5"
"2640","282","2025-08-22","2020-09","32","1208","1342","2-2025","2-2025","1","CUIT: 30690623915","125","125","1335","166875","7547","2","6402","2025-08-24 10:54:36","5","2025-08-24 14:27:17",,"5"
"2641","283","2025-08-22","2020-09","32","1048","1342","2-2025","2-2025","1","CUIT: 30708937785","125","125","1335","166875","7556","2","6411","2025-08-24 10:56:12","5","2025-08-24 14:49:14",,"5"
"2642","284","2025-08-22","2020-09","32","955","1342","2-2025","2-2025","1","CUIT: 30503865455","125","125","1335","166875","7558","2","6413","2025-08-24 10:56:57","5","2025-08-24 14:53:30",,"5"
"2643","285","2025-08-22","2020-09","32","944","1342","2-2025","2-2025","1","CUIT: 30708784164","125","125","1335","166875","7552","2","6407","2025-08-24 10:57:49","5","2025-08-24 14:41:08",,"5"
"2644","286","2025-08-22","2020-09","32","938","1342","2-2025","2-2025","1","CUIT: 30604456475","125","125","1310","163750","7561","5","915","2025-08-24 10:58:40","5","2025-08-24 14:59:56",,"5"
"2645","287","2025-08-22","2020-09","32","1036","1342","2-2025","2-2025","1","CUIT: 30709511846","125","125","1335","166875","7545","2","6400","2025-08-24 10:59:25","5","2025-08-24 14:22:48",,"5"
"2646","288","2025-08-22","2020-09","32","933","1342","2-2025","2-2025","1","CUIT: 30708063629","125","125","1330","166250","7559","5","913","2025-08-24 11:01:14","5","2025-08-24 14:55:08",,"5"
"2647","289","2025-08-22","2020-09","32","1161","1342","2-2025","2-2025","1","CUIT: 30707441360","125","125","1330","166250","7549","2","6404","2025-08-24 11:02:49","5","2025-08-24 14:31:53",,"5"
"2648","290","2025-08-22","2020-09","32","1023","1342","2-2025","2-2025","1","CUIT: 30504042894","140","140","1315","184100","7557","2","6412","2025-08-24 11:03:31","5","2025-08-24 14:51:26",,"5"
"2649","291","2025-08-22","2020-09","32","970","1342","2-2025","2-2025","1","CUIT: 33711994209","125","125","1325","165625","7560","5","914","2025-08-24 11:04:35","5","2025-08-24 14:57:00",,"5"
"2650","292","2025-08-22","2020-09","32","1086","1342","2-2025","2-2025","1","CUIT: 30573118983","175","175","1310","229250","7562","5","916","2025-08-24 11:06:09","5","2025-08-24 15:03:39",,"5"
"2651","293","2025-08-22","2020-09","32","999","1342","2-2025","2-2025","1","CUIT: 30540938322","125","125","1310","163750","7555","2","6410","2025-08-24 11:06:46","5","2025-08-24 14:47:40",,"5"
"2652","294","2025-08-22","2020-09","32","1057","1342","2-2025","2-2025","1","CUIT: 30687276996","175","175","1310","229250","7563","5","917","2025-08-24 11:07:32","5","2025-08-24 15:05:24",,"5"
"2653","295","2025-08-22","2020-09","32","917","1342","2-2025","2-2025","1","CUIT: 30602173638","250","250","1325","331250","7548","2","6403","2025-08-24 11:08:22","5","2025-08-24 14:30:10",,"5"
"2654","296","2025-08-22","2020-09","32","1254","1342","2-2025","2-2025","1","CUIT: 30708296143","125","125","1310","163750","7551","2","6406","2025-08-24 11:09:24","5","2025-08-24 14:37:31",,"5"
"2655","297","2025-08-22","2020-09","32","843","1342","2-2025","2-2025","1","CUIT: 30543349085","125","125","1310","163750","7543","2","6398","2025-08-24 11:10:26","5","2025-08-24 14:17:20",,"5"
"2656","298","2025-08-22","2020-09","32","1004","1342","2-2025","2-2025","1","CUIT: 30716637189","125","125","1310","163750","7546","2","6401","2025-08-24 11:11:28","5","2025-08-24 14:24:54",,"5"
"2657","299","2025-08-22","2020-09","32","965","1342","2-2025","2-2025","1","CUIT: 30691665433","125","125","1310","163750","7553","2","6408","2025-08-24 11:14:16","5","2025-08-24 14:42:58",,"5"
"2658","300","2025-08-22","2020-09","32","1151","1342","2-2025","2-2025","1","CUIT: 30710397283","125","125","1315","164375","7554","2","6409","2025-08-24 11:15:01","5","2025-08-24 14:45:06",,"5"
"2659","301","2025-08-22","2020-09","32","1239","1342","2-2025","2-2025","1","CUIT: 30504437546","125","125","1315","164375","7550","2","6405","2025-08-24 11:16:08","5","2025-08-24 14:35:50",,"5"
"2660","302","2025-08-22","2020-09","32","1042","1342","2-2025","2-2025","1","CUIT: 30716051338","125","125","1325","165625","7544","2","6399","2025-08-24 11:17:02","5","2025-08-24 14:19:46",,"5"
"2661","303","2025-08-22","2020-09","4","1088","1342","2-2025","2-2025","1","CUIT: 30717522512","125","125","1325","165625",,,,"2025-08-24 11:17:40","5","2025-08-24 11:55:13","5","5"
"2662","304","2025-08-24","2020-09","32","899","1342","1-2024","1-2024","1","CUIT: 30592724541      6401 ANUAL 2024","500","500","1310","655000","7542","2","6397","2025-08-24 11:29:37","5","2025-08-24 14:14:18",,"5"
"2663","305","2025-08-22","2020-09","32","1088","1342","2-2025","2-2025","1","CUIT: 30717522512","125","125","1325","165625","7583","2","6427","2025-08-31 13:25:11","5","2025-08-31 13:28:18","5","5"
"2664","306","2025-09-01","2020-09","32","913","1342","2-2025","2-2025","1","CUIT: 30504023377","175","175","1370","239750","7593","2","6436","2025-09-01 13:31:12","5","2025-09-01 18:54:06",,"5"
"2665","307","2025-09-01","2020-09","32","1079","1342","2-2025","2-2025","1","CUIT: 30708789816","125","125","1335","166875","7598","2","6441","2025-09-01 13:34:13","5","2025-09-01 19:06:30",,"5"
"2666","308","2025-09-01","2020-09","32","1019","1342","2-2025","2-2025","1","CUIT: 30702179153","125","125","1370","171250","7592","2","6435","2025-09-01 13:34:56","5","2025-09-01 18:52:15",,"5"
"2667","309","2025-09-01","2020-09","32","435","1342","2-2025","2-2025","1","CUIT: 30617091190","125","125","1370","171250","7594","2","6437","2025-09-01 13:35:40","5","2025-09-01 18:55:40",,"5"
"2668","310","2025-09-01","2020-09","32","915","1342","2-2025","2-2025","1","CUIT: 30674287085","125","125","1360","170000","7597","2","6440","2025-09-01 13:41:55","5","2025-09-01 19:04:31",,"5"
"2669","311","2025-09-01","2020-09","32","1008","1342","2-2025","2-2025","1","CUIT: 30707822917","125","125","1370","171250","7591","2","6434","2025-09-01 13:42:37","5","2025-09-01 18:50:30",,"5"
"2670","312","2025-09-01","2020-09","32","942","1342","2-2025","2-2025","1","CUIT: 30708146621   RECTIFICATIVA","125","125","1370","171250","7599","5","925","2025-09-01 13:48:11","5","2025-09-01 19:08:58",,"5"
"2671","313","2025-09-01","2020-09","32","1032","1342","2-2025","2-2025","1","CUIT: 30714981613","125","125","1360","170000","7600","5","926","2025-09-01 13:49:02","5","2025-09-01 19:10:32",,"5"
"2672","314","2025-09-01","2020-09","32","945","1342","2-2025","2-2025","1","CUIT: 30582981341","125","125","1360","170000","7601","5","927","2025-09-01 13:50:26","5","2025-09-01 19:11:54",,"5"
"2673","315","2025-09-01","2020-09","32","1015","1342","1-2025","1-2025","1","CUIT: 30628515502","125","125","1345","168125","7596","2","6439","2025-09-01 13:51:05","5","2025-09-01 19:02:15",,"5"
"2674","316","2025-09-01","2020-09","32","1015","1342","2-2025","2-2025","1","CUIT: 30628515502","125","125","1345","168125","7596","2","6439","2025-09-01 13:53:27","5","2025-09-01 19:02:15",,"5"
"2675","317","2025-09-01","2020-09","32","1241","1342","2-2025","2-2025","1","CUIT: 30718374886","125","125","1345","168125","7595","2","6438","2025-09-01 13:54:51","5","2025-09-01 18:58:37",,"5"
"2676","318","2025-09-01","2020-09","32","899","1342","2-2025","2-2025","1","CUIT: 30592724541 ","125","125","1370","171250","7602","5","928","2025-09-01 15:19:20","5","2025-09-01 19:14:20",,"5"
"2677","319","2025-09-08","2020-09","32","1121","1342","2-2025","2-2025","1","CUIT: 30515491615","125","125","1385","173125","7621","5","939","2025-09-08 15:08:25","5","2025-09-08 21:21:17",,"5"
"2678","320","2025-09-08","2020-09","32","1135","1342","1-2025","1-2025","1","CUIT: 30700967944","125","125","1375","171875","7620","5","938","2025-09-08 15:09:02","5","2025-09-08 21:19:31",,"5"
"2679","321","2025-09-08","2020-09","32","1135","1342","2-2025","2-2025","1","CUIT: 30700967944","125","125","1375","171875","7620","5","938","2025-09-08 15:09:38","5","2025-09-08 21:19:31",,"5"
"2680","322","2025-09-08","2020-09","32","879","1342","2-2025","2-2025","1","CUIT: 30506357841","125","125","1380","172500","7619","2","6448","2025-09-08 15:11:19","5","2025-09-08 21:17:25",,"5"
"2681","323","2025-09-08","2025-09","4","1088","1342","1-2025","2-2025","2","Cuit: 30717522512","125","250",,,,,,"2025-09-08 20:36:42","100","2025-09-08 20:36:49","100","5"
"2682","324","2025-09-16","2020-09","32","1115","1342","2-2025","2-2025","1","CUIT: 30715705830","125","125","1425","178125","7648","2","6469","2025-09-16 15:53:08","5","2025-09-17 20:19:44",,"5"
"2683","325","2025-09-16","2020-09","32","1005","1342","2-2025","2-2025","1","CUIT: 30709025755   RECTIFICATIVA","125","125","1425","178125","7650","5","946","2025-09-16 15:55:19","5","2025-09-17 20:24:23",,"5"
"2684","326","2025-09-16","2020-09","32","1246","1342","1-2025","2-2025","2","CUIT: 30501200804","125","250","1425","356250","7649","2","6470","2025-09-16 15:56:40","5","2025-09-17 20:22:17",,"5"
"2685","327","2025-09-16","2020-09","32","1022","1342","1-2025","2-2025","2","CUIT: 30688359127","150","300","1445","433500","7662","2","6479","2025-09-16 15:59:28","5","2025-10-07 12:44:35",,"5"
"2686","328","2025-09-25","2020-09","32","1199","1342","1-2025","2-2025","2","CUIT: 30624002578","125","250","1430","357500","7656","2","6473","2025-09-25 16:53:40","5","2025-09-25 22:24:45",,"5"
"2687","329","2025-09-25","2020-09","32","1236","1342","2-2025","2-2025","1","CUIT: 30711204632","125","125","1515","189375","7659","2","6476","2025-09-25 16:54:56","5","2025-09-25 22:40:29",,"5"
"2688","330","2025-09-25","2020-09","32","1008","1342","2-2025","2-2025","1","CUIT: 30707822917  (RECTIFICATIVA)","125","125","1430","178750","7658","2","6475","2025-09-25 16:55:38","5","2025-09-25 22:32:05",,"5"
"2689","331","2025-09-25","2020-09","32","1023","1342","2-2025","2-2025","1","CUIT: 30504042894   (RECTIFICATIVA)","140","140","1385","193900","7657","2","6474","2025-09-25 16:56:42","5","2025-09-25 22:29:32",,"5"
"2690","332","2025-09-25","2020-09","32","1049","1342","2-2025","2-2025","1","CUIT: 30716513986","125","125","1355","169375","7660","2","6477","2025-09-25 16:57:20","5","2025-09-25 22:51:20",,"5"
"2691","333","2025-10-06","2020-09","32","1284","1342","2-2024","2-2025","5","CUIT: 30692304884","250","1250","1380","1725000","7664","2","6481","2025-10-06 13:33:13","5","2025-10-07 12:48:46",,"5"
"2692","334","2025-10-06","2020-09","32","1019","1342","2-2025","2-2025","1","CUIT: 30702179153 (RECTIFICATIVA)","125","125","1350","168750","7666","2","6483","2025-10-06 13:34:40","5","2025-10-07 12:54:29","5","5"
"2693","335","2025-10-06","2020-09","32","1057","1342","2-2025","2-2025","1","CUIT: 30687276996   (RECTIFICATIVA)","175","175","1380","241500","7667","5","950","2025-10-06 13:35:41","5","2025-10-07 13:00:39",,"5"
"2694","336","2025-10-06","2020-09","32","915","1342","2-2025","2-2025","1","CUIT: 30674287085  (RECTIFICATIVA)","125","125","1450","181250","7663","2","6480","2025-10-06 13:36:43","5","2025-10-07 12:46:51",,"5"
"2695","337","2025-10-06","2020-09","32","1129","1342","2-2025","2-2025","1","CUIT: 20205862243","125","125","1450","181250","7665","2","6482","2025-10-06 13:37:28","5","2025-10-07 12:51:50",,"5"
"2696","338","2025-10-15","2020-09","32","1102","1342","3-2025","3-2025","1","CUIT: 30709623997","125","125","1455","181875","7678","5","953","2025-10-15 17:15:46","5","2025-10-16 15:46:16",,"5"
"2697","339","2025-10-15","2020-09","32","1074","1342","3-2025","3-2025","1","CUIT: 30716356678","125","125","1455","181875","7682","5","957","2025-10-15 17:16:56","5","2025-10-16 16:03:44",,"5"
"2698","340","2025-10-15","2020-09","32","1005","1342","3-2025","3-2025","1","CUIT: 30709025755","125","125","1450","181250","7680","5","955","2025-10-15 17:18:21","5","2025-10-16 15:51:23",,"5"
"2699","341","2025-10-15","2020-09","32","1050","1342","3-2025","3-2025","1","CUIT: 30716719347","125","125","1450","181250","7675","2","6489","2025-10-15 17:19:10","5","2025-10-16 15:41:06",,"5"
"2700","342","2025-10-15","2020-09","32","869","1342","3-2025","3-2025","1","CUIT: 30626391385","125","125","1375","171875","7677","2","6491","2025-10-15 17:20:11","5","2025-10-16 15:44:28",,"5"
"2701","343","2025-10-15","2020-09","32","942","1342","3-2025","3-2025","1","CUIT: 30708146621","125","125","1385","173125","7679","5","954","2025-10-15 17:21:01","5","2025-10-16 15:47:44",,"5"
"2702","344","2025-10-15","2020-09","32","1246","1342","3-2025","3-2025","1","CUIT: 30501200804","125","125","1385","173125","7676","2","6490","2025-10-15 17:21:48","5","2025-10-16 15:43:01",,"5"
"2703","345","2025-10-15","2020-09","32","1124","1342","3-2025","3-2025","1","CUIT: 30709997617","125","125","1385","173125","7681","5","956","2025-10-15 17:22:33","5","2025-10-16 16:02:16",,"5"
"2704","346","2025-10-24","2020-09","32","1017","1342","3-2025","3-2025","1","CUIT: 30628395450","150","150","1505","225750","7760","2","6553","2025-10-24 14:55:21","5","2025-11-02 13:25:29",,"5"
"2705","347","2025-10-24","2020-09","32","1017","1342","3-2025","3-2025","1","CUIT: 30628395450   RECTIFICATIVA","150","150","1505","225750","7760","2","6553","2025-10-24 14:56:50","5","2025-11-02 13:25:29",,"5"
"2706","348","2025-10-24","2020-09","32","1071","1342","3-2025","3-2025","1","CUIT: 30696223757","150","150","1475","221250","7736","2","6537","2025-10-24 15:07:51","5","2025-10-26 12:51:08",,"5"
"2707","349","2025-10-24","2020-09","32","1097","1342","3-2025","3-2025","1","CUIT: 33539811059","150","150","1475","221250","7737","2","6538","2025-10-24 15:09:35","5","2025-10-26 12:53:02",,"5"
"2708","350","2025-10-24","2020-09","32","904","1342","3-2025","3-2025","1","CUIT: 30504437546","125","125","1475","184375","7743","5","967","2025-10-24 15:11:14","5","2025-10-26 13:04:00",,"5"
"2709","351","2025-10-24","2020-09","32","1106","1342","3-2025","3-2025","1","CUIT: 30703258634","125","125","1495","186875","7734","2","6535","2025-10-24 15:12:08","5","2025-10-26 12:47:13",,"5"
"2710","352","2025-10-24","2020-09","32","1083","1342","1-2025","2-2025","2","CUIT: 23259940419","125","250","1515","378750","7744","5","968","2025-10-24 15:13:44","5","2025-10-26 13:06:19",,"5"
"2711","353","2025-10-24","2020-09","32","1195","1342","2-2025","2-2025","1","CUIT: 30712480358","125","125","1495","186875","7739","2","6540","2025-10-24 15:17:38","5","2025-10-26 12:56:57",,"5"
"2712","354","2025-10-24","2020-09","32","1263","1342","3-2025","3-2025","1","CUIT: 33718850539","125","125","1515","189375","7740","2","6541","2025-10-24 15:21:02","5","2025-10-26 12:58:37",,"5"
"2713","355","2025-10-24","2020-09","32","1114","1342","3-2025","3-2025","1","CUIT: 30637485837","125","125","1515","189375","7735","2","6536","2025-10-24 15:22:11","5","2025-10-26 12:48:59",,"5"
"2714","356","2025-10-24","2020-09","32","1137","1342","3-2025","3-2025","1","CUIT: 30700987457","125","125","1515","189375","7741","2","6542","2025-10-24 15:23:16","5","2025-10-26 13:00:16",,"5"
"2715","357","2025-10-24","2020-09","32","1142","1342","3-2025","3-2025","1","CUIT: 30708640979","125","125","1505","188125","7738","2","6539","2025-10-24 15:24:01","5","2025-10-26 12:55:16",,"5"
"2716","358","2025-10-24","2020-09","32","1290","1342","3-2025","3-2025","1","CUIT: 20401269259","125","125","1515","189375","7742","5","966","2025-10-24 15:53:01","5","2025-10-26 13:02:23",,"5"
"2717","359","2025-09-25","2025-10","32","1236","1342","2-2025","2-2025","1","Cuit: 30715979140","125","125","1515","189375","7727","2","6529","2025-10-26 10:57:37","1","2025-10-26 10:59:54",,"5"
"2718","360","2025-10-28","2020-09","32","1061","1342","3-2025","3-2025","1","CUIT: 30528844746","125","125","1515","189375","7757","2","6550","2025-10-28 14:21:59","5","2025-11-02 13:17:39",,"5"
"2719","361","2025-10-28","2020-09","32","1222","1342","2-2025","2-2025","1","CUIT: 30633854439","125","125","1515","189375","7761","5","974","2025-10-28 14:24:28","5","2025-11-02 13:27:50",,"5"
"2720","362","2025-10-28","2020-09","32","1096","1342","3-2025","3-2025","1","CUIT: 30500755195","125","125","1460","182500","7763","5","976","2025-10-28 14:26:02","5","2025-11-02 13:31:33",,"5"
"2721","363","2025-10-28","2020-09","32","971","1342","3-2025","3-2025","1","CUIT: 20108971747","125","125","1460","182500","7762","5","975","2025-10-28 14:26:49","5","2025-11-02 13:29:45",,"5"
"2722","364","2025-10-28","2020-09","32","1048","1342","3-2025","3-2025","1","CUIT: 30708937785","125","125","1460","182500","7758","2","6551","2025-10-28 14:28:57","5","2025-11-02 13:19:50",,"5"
"2723","365","2025-10-29","2020-09","32","1078","1342","1-2025","3-2025","3","CUIT: 33708759479","125","375","1495","560625","7759","2","6552","2025-10-29 16:14:41","5","2025-11-02 13:23:06",,"5"
"2724","366","2025-11-05","2020-09","32","1015","1342","3-2025","3-2025","1","CUIT: 30628515502","125","125","1465","183125","7766","2","6556","2025-11-05 15:21:03","5","2025-11-09 12:12:34",,"5"
"2725","367","2025-11-05","2020-09","32","1022","1342","3-2025","3-2025","1","CUIT: 30688359127","150","150","1475","221250","7780","2","6561","2025-11-05 15:22:01","5","2025-11-16 15:33:10",,"5"
"2726","368","2025-11-05","2020-09","32","1220","1342","2-2025","3-2025","2","CUIT: 20308008682","125","250","1500","375000","7765","2","6555","2025-11-05 15:23:11","5","2025-11-09 12:09:51",,"5"
"2727","369","2025-11-05","2020-09","32","944","1342","3-2025","3-2025","1","CUIT: 30708784164","125","125","1485","185625","7767","5","977","2025-11-05 15:24:14","5","2025-11-09 12:15:38",,"5"
"2728","370","2025-11-05","2020-09","32","891","1342","3-2025","3-2025","1","CUIT: 30711917779","125","125","1500","187500","7768","5","978","2025-11-05 15:24:56","5","2025-11-09 12:17:16",,"5"
"2729","371","2025-11-05","2020-09","32","898","1342","3-2025","3-2025","1","CUIT: 30695092233","125","125","1500","187500","7769","5","979","2025-11-05 15:25:35","5","2025-11-09 12:18:56",,"5"
"2730","372","2025-11-05","2020-09","32","1057","1342","3-2025","3-2025","1","CUIT: 30687276996","175","175","1475","258125","7770","5","980","2025-11-05 15:26:11","5","2025-11-09 12:20:29",,"5"
"2731","373","2025-12-01","2020-09","32","900","1342","3-2025","3-2025","1","CUIT: 30638611097","140","140","1425","199500","7840","5","993","2025-12-01 11:24:28","5","2025-12-03 14:46:55",,"5"
"2732","374","2025-12-01","2020-09","32","946","1342","3-2025","3-2025","1","CUIT: 30518801453","125","125","1435","179375","7816","2","6595","2025-12-01 11:26:10","5","2025-12-02 19:25:49",,"5"
"2733","375","2025-12-01","2020-09","32","955","1342","3-2025","3-2025","1","CUIT: 30503865455","125","125","1475","184375","7833","2","6610","2025-12-01 11:27:21","5","2025-12-02 20:15:12",,"5"
"2734","376","2025-12-01","2020-09","32","1161","1342","3-2025","3-2025","1","CUIT: 30707441360","125","125","1475","184375","7814","2","6593","2025-12-01 11:31:41","5","2025-12-02 18:20:57",,"5"
"2735","377","2025-12-01","2020-09","32","1242","1342","1-2025","3-2025","3","CUIT: 20342581618","125","375","1475","553125","7835","2","6612","2025-12-01 11:33:10","5","2025-12-02 20:24:25",,"5"
"2736","378","2025-12-01","2020-09","32","1014","1342","2-2025","2-2025","1","CUIT: 30709988367","125","125","1475","184375","7817","5","988","2025-12-01 11:36:19","5","2025-12-02 19:30:26",,"5"
"2737","379","2025-12-01","2020-09","32","1035","1342","3-2025","3-2025","1","CUIT: 30709196258","140","140","1445","202300","7830","2","6607","2025-12-01 11:37:39","5","2025-12-02 20:06:41",,"5"
"2738","380","2025-12-01","2020-09","32","1036","1342","3-2025","3-2025","1","CUIT: 30709511846","125","125","1445","180625","7831","2","6608","2025-12-01 11:48:00","5","2025-12-02 20:10:02",,"5"
"2739","381","2025-12-01","2020-09","32","915","1342","3-2025","3-2025","1","CUIT: 30674287085","125","125","1445","180625","7808","2","6587","2025-12-01 11:50:44","5","2025-12-02 18:00:25",,"5"
"2740","382","2025-12-01","2020-09","32","899","1342","3-2025","3-2025","1","CUIT: 30592724541","125","125","1425","178125","7803","2","6582","2025-12-01 11:51:37","5","2025-12-02 17:19:50","5","5"
"2741","383","2025-12-01","2020-09","32","1284","1342","3-2025","3-2025","1","CUIT: 30692304884","250","250","1435","358750","7815","2","6594","2025-12-01 11:55:46","5","2025-12-02 18:35:55",,"5"
"2742","384","2025-12-01","2020-09","32","1208","1342","3-2025","3-2025","1","CUIT: 30690623915","125","125","1430","178750","7810","2","6589","2025-12-01 11:56:38","5","2025-12-02 18:03:50",,"5"
"2743","385","2025-12-01","2020-09","32","843","1342","3-2025","3-2025","1","CUIT: 30543349085","125","125","1435","179375","7804","2","6583","2025-12-01 11:58:17","5","2025-12-02 17:21:42","5","5"
"2744","386","2025-12-01","2020-09","32","879","1342","3-2025","3-2025","1","CUIT: 30506357841","125","125","1435","179375","7821","5","989","2025-12-01 11:59:16","5","2025-12-02 19:40:10",,"5"
"2745","387","2025-12-01","2020-09","32","965","1342","3-2025","3-2025","1","CUIT: 30691665433","125","125","1435","179375","7820","2","6598","2025-12-01 12:00:55","5","2025-12-02 19:37:27",,"5"
"2746","388","2025-12-01","2020-09","32","1218","1342","3-2025","3-2025","1","CUIT: 33709494509","125","125","1440","180000","7806","2","6585","2025-12-01 12:01:55","5","2025-12-02 17:26:58",,"5"
"2747","389","2025-12-01","2020-09","32","1217","1342","3-2025","3-2025","1","CUIT: 30711967245","125","125","1440","180000","7805","2","6584","2025-12-01 12:04:37","5","2025-12-02 17:24:50",,"5"
"2748","390","2025-12-01","2020-09","32","1086","1342","3-2025","3-2025","1","CUIT: 30573118983","175","175","1425","249375","7839","5","992","2025-12-01 12:18:38","5","2025-12-03 14:42:21",,"5"
"2749","391","2025-12-01","2020-09","32","979","1342","3-2025","3-2025","1","CUIT: 30600738379","125","125","1430","178750","7841","5","994","2025-12-01 12:21:46","5","2025-12-03 14:48:58",,"5"
"2750","392","2025-12-01","2020-09","32","435","1342","3-2025","3-2025","1","CUIT: 30617091190","125","125","1430","178750","7819","2","6597","2025-12-01 12:22:37","5","2025-12-02 19:35:06",,"5"
"2751","393","2025-12-01","2020-09","32","1151","1342","3-2025","3-2025","1","CUIT: 30710397283","125","125","1425","178125","7823","2","6600","2025-12-01 12:23:32","5","2025-12-02 19:45:30",,"5"
"2752","394","2025-12-01","2020-09","32","913","1342","3-2025","3-2025","1","CUIT: 30504023377","175","175","1470","257250","7818","2","6596","2025-12-01 12:24:31","5","2025-12-02 19:33:18",,"5"
"2753","395","2025-12-01","2020-09","32","153","1342","4-2024","3-2025","4","CUIT: 30681686254","125","500","1425","712500","7811","2","6590","2025-12-01 12:26:04","5","2025-12-02 18:06:59",,"5"
"2754","396","2025-12-01","2020-09","32","938","1342","3-2025","3-2025","1","CUIT: 30604456475","125","125","1475","184375","7837","5","991","2025-12-01 12:27:42","5","2025-12-03 14:29:09",,"5"
"2755","397","2025-12-01","2020-09","32","929","1342","3-2025","3-2025","1","CUIT: 30714838411","125","125","1415","176875","7826","2","6603","2025-12-01 12:29:32","5","2025-12-02 19:56:13",,"5"
"2756","398","2025-12-01","2020-09","32","905","1342","3-2025","3-2025","1","CUIT: 30715468294","125","125","1415","176875","7825","2","6602","2025-12-01 12:30:51","5","2025-12-02 19:53:43",,"5"
"2757","399","2025-12-01","2020-09","32","917","1342","3-2025","3-2025","1","CUIT: 30602173638","250","250","1450","362500","7813","2","6592","2025-12-01 12:31:35","5","2025-12-02 18:18:55",,"5"
"2758","400","2025-12-01","2020-09","32","1148","1342","3-2025","3-2025","1","CUIT: 30707792007","125","125","1425","178125","7836","5","990","2025-12-01 12:35:02","5","2025-12-02 20:26:43",,"5"
"2759","401","2025-12-01","2020-09","32","1241","1342","3-2025","3-2025","1","CUIT: 30718374886","125","125","1425","178125","7807","2","6586","2025-12-01 12:41:47","5","2025-12-02 17:30:39",,"5"
"2760","402","2025-12-01","2020-09","32","655","1342","4-2024","4-2024","1","CUIT: 33709989419","125","125","1425","178125","7838","2","6613","2025-12-01 12:42:52","5","2025-12-03 14:34:12",,"5"
"2761","403","2025-12-01","2020-09","32","1073","1342","3-2025","3-2025","1","CUIT: 33691265949","175","175","1475","258125","7828","2","6605","2025-12-01 12:43:57","5","2025-12-02 20:01:35",,"5"
"2762","404","2025-12-01","2020-09","32","1072","1342","3-2025","3-2025","1","CUIT: 30714848034","175","175","1475","258125","7827","2","6604","2025-12-01 12:44:48","5","2025-12-02 19:59:38",,"5"
"2763","405","2025-12-01","2020-09","32","1261","1342","3-2025","3-2025","1","CUIT: 30717451216","175","175","1470","257250","7842","5","995","2025-12-01 12:45:36","5","2025-12-03 14:50:39",,"5"
"2764","406","2025-12-01","2020-09","32","1195","1342","3-2025","3-2025","1","CUIT: 30712480358","125","125","1450","181250","7824","2","6601","2025-12-01 12:46:57","5","2025-12-02 19:52:00",,"5"
"2765","407","2025-12-01","2020-09","32","999","1342","3-2025","3-2025","1","CUIT: 30540938322","125","125","1470","183750","7822","2","6599","2025-12-01 12:47:38","5","2025-12-02 19:43:09",,"5"
"2766","408","2025-12-01","2020-09","32","1023","1342","3-2025","3-2025","1","CUIT: 30504042894","140","140","1470","205800","7829","2","6606","2025-12-01 12:49:06","5","2025-12-02 20:04:21",,"5"
"2767","409","2025-12-01","2020-09","32","1115","1342","3-2025","3-2025","1","CUIT: 30715705830","125","125","1475","184375","7812","2","6591","2025-12-01 12:49:41","5","2025-12-02 18:08:49","5","5"
"2768","410","2025-12-01","2020-09","32","1008","1342","3-2025","3-2025","1","CUIT: 30707822917","125","125","1475","184375","7832","2","6609","2025-12-01 12:50:48","5","2025-12-02 20:13:30",,"5"
"2769","411","2025-12-01","2020-09","32","937","1342","3-2025","3-2025","1","CUIT: 30714838411","125","125","1425","178125","7809","2","6588","2025-12-01 14:28:17","5","2025-12-02 18:02:13",,"5"
"2770","412","2025-12-01","2020-09","32","1017","1342","3-2025","3-2025","1","CUIT: 30628395450  RECTIFICATIVA","150","150","1475","221250","7834","2","6611","2025-12-01 14:30:36","5","2025-12-02 20:17:40",,"5"
"2771","413","2025-12-12","2020-09","32","840","1342","3-2025","3-2025","1","CUIT: 33708829639","150","150","1480","222000","7868","2","6626","2025-12-12 16:04:25","5","2025-12-16 13:33:50",,"5"
"2772","414","2025-12-12","2020-09","32","1019","1342","3-2025","3-2025","1","CUIT: 30702179153","125","125","1475","184375","7867","2","6625","2025-12-12 16:05:48","5","2025-12-16 13:31:56",,"5"
"2773","415","2025-12-12","2020-09","32","1222","1342","3-2025","3-2025","1","CUIT: 30633854439","125","125","1480","185000","7869","5","1009","2025-12-12 16:06:34","5","2025-12-16 14:02:13",,"5"
"2774","416","2025-12-12","2020-09","32","1079","1342","3-2025","3-2025","1","CUIT: 30708789816","125","125","1470","183750","7866","2","6624","2025-12-12 16:07:25","5","2025-12-16 13:29:18",,"5"
"2775","417","2025-12-12","2020-09","32","1032","1342","3-2025","3-2025","1","CUIT: 30714981613","125","125","1470","183750","7872","5","1012","2025-12-12 16:08:28","5","2025-12-16 14:08:49",,"5"
"2776","418","2025-12-12","2020-09","32","945","1342","3-2025","3-2025","1","CUIT: 30582981341","125","125","1460","182500","7873","5","1013","2025-12-12 16:09:05","5","2025-12-16 14:10:46",,"5"
"2777","419","2025-12-12","2020-09","32","1199","1342","3-2025","3-2025","1","CUIT: 30624002578","125","125","1460","182500","7865","2","6623","2025-12-12 16:09:52","5","2025-12-16 13:26:28",,"5"
"2778","420","2025-12-12","2020-09","32","970","1342","3-2025","3-2025","1","CUIT: 33711994209","125","125","1460","182500","7871","5","1011","2025-12-12 16:10:47","5","2025-12-16 14:07:01",,"5"
"2779","421","2025-12-12","2020-09","32","933","1342","3-2025","3-2025","1","CUIT: 30708063629","125","125","1460","182500","7870","5","1010","2025-12-12 16:11:32","5","2025-12-16 14:05:16",,"5"
"2780","422","2025-12-12","2020-09","32","1099","1342","2-2025","3-2025","2","CUIT: 20160708833","125","250","1460","365000","7863","2","6621","2025-12-12 16:12:08","5","2025-12-16 13:20:12",,"5"
"2781","423","2025-12-12","2020-09","32","1254","1342","3-2025","3-2025","1","CUIT: 30708296143","125","125","1460","182500","7864","2","6622","2025-12-12 16:12:58","5","2025-12-16 13:22:11",,"5"
"2782","424","2025-12-12","2020-09","32","917","1342","3-2025","3-2025","1","CUIT: 30602173638 RECTIFICATIVA","250","250","1465","366250","7862","2","6620","2025-12-12 17:10:39","5","2025-12-16 13:11:44",,"5"
"2783","425","2025-12-15","2020-09","32","526","1342","3-2025","3-2025","1","CUIT: 30686241749 OC 4500762169","140","140","1470","205800","7893","2","6643","2025-12-15 11:09:36","5","2025-12-16 21:03:02",,"5"
"2784","1","2026-01-05","2020-09","32","1251","1342","2-2025","2-2025","1","CUIT: 30714379522","125","125","1210","151250","7900","5","1021","2026-01-05 15:57:55","5","2026-01-06 14:47:01",,"5"
"2785","2","2026-01-05","2020-09","32","655","1342","1-2025","3-2025","3","CUIT: 33709989419","125","375","1475","553125","7897","5","1018","2026-01-05 16:00:23","5","2026-01-06 14:40:05",,"5"
"2786","3","2026-01-05","2020-09","32","1250","1342","1-2025","3-2025","3","CUIT: 30718602773","125","375","1480","555000","7901","2","6646","2026-01-05 16:02:06","5","2026-01-06 14:51:00",,"5"
"2787","4","2026-01-05","2020-09","32","942","1342","4-2025","4-2025","1","CUIT: 30708146621","125","125","1495","186875","7898","5","1019","2026-01-05 16:03:19","5","2026-01-06 14:42:43",,"5"
"2788","5","2026-01-05","2020-09","32","970","1342","4-2025","4-2025","1","CUIT: 33711994209","125","125","1495","186875","7899","5","1020","2026-01-05 16:04:17","5","2026-01-06 14:45:05",,"5"
"2789","6","2026-01-30","2020-09","32","1050","1342","4-2025","4-2025","1","CUIT: 30716719347","125","125","1490","186250","7956","2","6691","2026-01-30 16:09:00","5","2026-02-01 18:19:03",,"5"
"2790","7","2026-01-30","2020-09","32","1121","1342","3-2025","3-2025","1","CUIT: 30515491615","125","125","1485","185625","7953","5","1031","2026-01-30 16:10:24","5","2026-02-01 17:40:28",,"5"
"2791","8","2026-01-30","2020-09","32","1023","1342","3-2025","3-2025","1","CUIT: 30504042894  (RECTIFICATIVA)","140","140","1485","207900","7941","2","6680","2026-01-30 16:12:49","5","2026-02-01 15:00:09",,"5"
"2792","9","2026-01-30","2020-09","32","1048","1342","4-2025","4-2025","1","CUIT: 30708937785","125","125","1490","186250","7962","2","6697","2026-01-30 16:13:26","5","2026-02-01 19:08:21",,"5"
"2793","10","2026-01-30","2020-09","32","1074","1342","4-2025","4-2025","1","CUIT: 30716356678","125","125","1490","186250","7967","5","1035","2026-01-30 16:14:12","5","2026-02-01 19:17:21",,"5"
"2794","11","2026-01-30","2020-09","32","1061","1342","4-2025","4-2025","1","CUIT: 30528844746","125","125","1470","183750","7955","2","6690","2026-01-30 16:15:22","5","2026-02-01 18:12:25",,"5"
"2795","12","2026-01-30","2020-09","32","971","1342","4-2025","4-2025","1","CUIT: 20108971747","125","125","1485","185625","7965","5","1033","2026-01-30 16:16:14","5","2026-02-01 19:13:57",,"5"
"2796","13","2026-01-30","2020-09","32","1236","1342","3-2025","3-2025","1","CUIT: 30715979140","125","125","1485","185625","7969","2","6699","2026-01-30 16:16:50","5","2026-02-01 19:26:35",,"5"
"2797","14","2026-01-30","2020-09","32","1137","1342","4-2025","4-2025","1","CUIT: 30700987457","125","125","1470","183750","7963","2","6698","2026-01-30 16:17:50","5","2026-02-01 19:09:59",,"5"
"2798","15","2026-01-30","2020-09","32","1017","1342","3-2025","3-2025","1","CUIT: 30628395450   (RECTIFICATIVA)","150","150","1470","220500","7942","2","6681","2026-01-30 16:18:52","5","2026-02-01 15:10:18",,"5"
"2799","16","2026-01-30","2020-09","32","904","1342","4-2025","4-2025","1","CUIT: 30504437546","125","125","1460","182500","7966","5","1034","2026-01-30 16:19:34","5","2026-02-01 19:15:41",,"5"
"2800","17","2026-01-30","2020-09","32","1130","1342","2-2023","4-2025","11","CUIT: 20137794943","125","1375","1460","2007500","7950","2","6687","2026-01-30 16:30:03","5","2026-02-01 17:25:53",,"5"
"2801","18","2026-01-30","2020-09","32","1161","1342","4-2025","4-2025","1","CUIT: 30707441360","125","125","1460","182500","7958","2","6693","2026-01-30 16:31:53","5","2026-02-01 18:23:19",,"5"
"2802","19","2026-01-30","2020-09","32","933","1342","4-2025","4-2025","1","CUIT: 30708063629","125","125","1455","181875","7968","5","1036","2026-01-30 16:32:48","5","2026-02-01 19:19:00",,"5"
"2803","20","2026-01-30","2020-09","32","1106","1342","4-2025","4-2025","1","CUIT: 30703258634","125","125","1455","181875","7945","2","6684","2026-01-30 16:34:01","5","2026-02-01 16:56:37",,"5"
"2804","21","2026-01-30","2020-09","32","1290","1342","4-2025","4-2025","1","CUIT: 20401269259","125","125","1455","181875","7946","5","1028","2026-01-30 16:35:13","5","2026-02-01 17:01:43",,"5"
"2805","22","2026-01-30","2020-09","32","1122","1342","2-2025","4-2025","3","CUIT: 30712132597","125","375","1465","549375","7951","2","6688","2026-01-30 16:36:05","5","2026-02-01 17:32:58",,"5"
"2806","23","2026-01-30","2020-09","32","1071","1342","4-2025","4-2025","1","CUIT: 30696223757","150","150","1460","219000","7943","2","6682","2026-01-30 16:37:45","5","2026-02-01 15:12:59",,"5"
"2807","24","2026-01-30","2020-09","32","1097","1342","4-2025","4-2025","1","CUIT: 33539811059","150","150","1460","219000","7944","2","6683","2026-01-30 16:38:45","5","2026-02-01 15:15:14",,"5"
"2808","25","2026-01-30","2020-09","32","1017","1342","4-2025","4-2025","1","CUIT: 30628395450","150","150","1460","219000","7942","2","6681","2026-01-30 16:39:23","5","2026-02-01 15:10:18",,"5"
"2809","26","2026-01-30","2020-09","32","1195","1342","4-2025","4-2025","1","CUIT: 30712480358","125","125","1465","183125","7960","2","6695","2026-01-30 16:40:28","5","2026-02-01 18:55:00",,"5"
"2810","27","2026-01-30","2020-09","32","1263","1342","4-2025","4-2025","1","CUIT: 33718850539","125","125","1460","182500","7961","2","6696","2026-01-30 16:41:17","5","2026-02-01 19:06:46",,"5"
"2811","28","2026-01-30","2020-09","32","937","1342","4-2025","4-2025","1","CUIT: 30714838411","125","125","1465","183125","7954","2","6689","2026-01-30 16:42:12","5","2026-02-01 18:10:07",,"5"
"2812","29","2026-01-30","2020-09","32","1073","1342","4-2025","4-2025","1","CUIT: 33691265949","175","175","1465","256375","7948","2","6686","2026-01-30 16:43:01","5","2026-02-01 17:06:55",,"5"
"2813","30","2026-01-30","2020-09","32","1261","1342","4-2025","4-2025","1","CUIT: 30717451216","175","175","1465","256375","7949","5","1029","2026-01-30 16:43:45","5","2026-02-01 17:08:53",,"5"
"2814","31","2026-01-30","2020-09","32","1072","1342","4-2025","4-2025","1","CUIT: 30714848034","175","175","1465","256375","7947","2","6685","2026-01-30 16:44:24","5","2026-02-01 17:05:24",,"5"
"2815","32","2026-01-30","2020-09","32","1102","1342","4-2025","4-2025","1","CUIT: 30709623997","125","125","1465","183125","7964","5","1032","2026-01-30 16:45:07","5","2026-02-01 19:11:55",,"5"
"2816","33","2026-01-30","2020-09","32","1015","1342","4-2025","4-2025","1","CUIT: 30628515502","125","125","1465","183125","7957","2","6692","2026-01-30 16:45:53","5","2026-02-01 18:21:03",,"5"
"2817","34","2026-01-30","2020-09","32","1151","1342","4-2025","4-2025","1","CUIT: 30710397283","125","125","1465","183125","7959","2","6694","2026-01-30 16:46:55","5","2026-02-01 18:40:15",,"5"
"2818","35","2026-01-30","2020-09","32","1297","1342","1-2025","4-2025","4","CUIT: 30715501925","125","500","1460","730000","7952","5","1030","2026-01-30 16:48:19","5","2026-02-01 17:37:20",,"5"
"2819","36","2026-02-20","2020-09","32","1086","1342","4-2025","4-2025","1","CUIT: 30573118983","175","175","1440","252000","8021","5","1054","2026-02-20 16:10:00","5","2026-02-23 15:29:11",,"5"
"2820","37","2026-02-20","2020-09","32","900","1342","4-2025","4-2025","1","CUIT: 30638611097","140","140","1420","198800","8022","5","1055","2026-02-20 16:11:08","5","2026-02-23 15:30:59",,"5"
"2821","38","2026-02-20","2020-09","32","1023","1342","4-2025","4-2025","1","CUIT: 30504042894","140","140","1465","205100","8036","2","6745","2026-02-20 16:11:54","5","2026-02-23 16:37:05",,"5"
"2822","39","2026-02-20","2020-09","32","1035","1342","4-2025","4-2025","1","CUIT: 30709196258","140","140","1450","203000","8044","2","6753","2026-02-20 16:12:42","5","2026-02-23 17:01:17",,"5"
"2823","40","2026-02-20","2020-09","32","891","1342","4-2025","4-2025","1","CUIT: 30711917779","125","125","1465","183125","8019","5","1052","2026-02-20 16:13:52","5","2026-02-23 15:09:07",,"5"
"2824","41","2026-02-20","2020-09","32","1142","1342","4-2025","4-2025","1","CUIT: 30708640979","125","125","1465","183125","8041","2","6750","2026-02-20 16:14:38","5","2026-02-23 16:55:03",,"5"
"2825","42","2026-02-20","2020-09","32","869","1342","4-2025","4-2025","1","CUIT: 30626391385","125","125","1465","183125","8038","2","6747","2026-02-20 16:15:24","5","2026-02-23 16:45:07",,"5"
"2826","43","2026-02-20","2020-09","32","955","1342","4-2025","4-2025","1","CUIT: 30503865455","125","125","1465","183125","8037","2","6746","2026-02-20 16:16:05","5","2026-02-23 16:39:40",,"5"
"2827","44","2026-02-20","2020-09","32","1124","1342","4-2025","4-2025","1","CUIT: 30709997617","125","125","1465","183125","8018","5","1051","2026-02-20 16:16:47","5","2026-02-23 15:03:32",,"5"
"2828","45","2026-02-20","2020-09","32","898","1342","4-2025","4-2025","1","CUIT: 30695092233","125","125","1465","183125","8020","5","1053","2026-02-20 16:19:51","5","2026-02-23 15:10:43",,"5"
"2829","46","2026-02-20","2020-09","32","944","1342","4-2025","4-2025","1","CUIT: 30708784164","125","125","1465","183125","8014","5","1047","2026-02-20 16:21:06","5","2026-02-23 14:50:28",,"5"
"2830","47","2026-02-20","2020-09","32","944","1342","3-2025","3-2025","1","CUIT: 30708784164  (RECTIFICATIVA)","125","125","1465","183125","8014","5","1047","2026-02-20 16:22:07","5","2026-02-23 14:50:28",,"5"
"2831","48","2026-02-20","2020-09","32","1217","1342","4-2025","4-2025","1","CUIT: 30711967245","125","125","1450","181250","8039","2","6748","2026-02-20 16:23:28","5","2026-02-23 16:47:20",,"5"
"2832","49","2026-02-20","2020-09","32","1218","1342","4-2025","4-2025","1","CUIT: 33709494509","125","125","1450","181250","8040","2","6749","2026-02-20 16:24:12","5","2026-02-23 16:49:05",,"5"
"2833","50","2026-02-20","2020-09","32","1096","1342","4-2025","4-2025","1","CUIT: 30500755195","125","125","1450","181250","8015","5","1048","2026-02-20 16:25:05","5","2026-02-23 14:53:39",,"5"
"2834","51","2026-02-20","2020-09","32","1236","1342","2-2025","3-2025","2","CUIT: 30715979140 (RECTIFICATIVAS 30/06/25 Y OTRA DEL 30/09/25)","125","250","1440","360000","8013","2","6733","2026-02-20 16:26:53","5","2026-02-23 14:42:55",,"5"
"2835","52","2026-02-20","2020-09","32","843","1342","4-2025","4-2025","1","CUIT: 30543349085","125","125","1440","180000","8027","2","6736","2026-02-20 16:29:32","5","2026-02-23 16:11:26",,"5"
"2836","53","2026-02-20","2020-09","32","1236","1342","4-2025","4-2025","1","CUIT: 30715979140","125","125","1425","178125","8013","2","6733","2026-02-20 16:30:57","5","2026-02-23 14:42:55",,"5"
"2837","54","2026-02-20","2020-09","32","905","1342","4-2025","4-2025","1","CUIT: 30715468294","125","125","1410","176250","8035","2","6744","2026-02-20 16:31:51","5","2026-02-23 16:33:28",,"5"
"2838","55","2026-02-20","2020-09","32","915","1342","4-2025","4-2025","1","CUIT: 30674287085","125","125","1420","177500","8029","2","6738","2026-02-20 16:33:36","5","2026-02-23 16:15:44",,"5"
"2839","56","2026-02-20","2020-09","32","1135","1342","3-2025","4-2025","2","CUIT: 30700967944","125","250","1420","355000","8016","5","1049","2026-02-20 16:35:22","5","2026-02-23 14:55:48",,"5"
"2840","57","2026-02-20","2020-09","32","979","1342","4-2025","4-2025","1","CUIT: 30600738379","125","125","1420","177500","8023","5","1056","2026-02-20 16:37:32","5","2026-02-23 15:32:36",,"5"
"2841","58","2026-02-20","2020-09","32","946","1342","4-2025","4-2025","1","CUIT: 30518801453","125","125","1420","177500","8031","2","6740","2026-02-20 16:38:03","5","2026-02-23 16:20:37",,"5"
"2842","59","2026-02-20","2020-09","32","1019","1342","4-2025","4-2025","1","CUIT: 30702179153","125","125","1420","177500","8043","2","6752","2026-02-20 16:38:41","5","2026-02-23 16:59:36",,"5"
"2843","60","2026-02-20","2020-09","32","1008","1342","4-2025","4-2025","1","CUIT: 30707822917","125","125","1420","177500","8042","2","6751","2026-02-20 16:39:38","5","2026-02-23 16:57:42",,"5"
"2844","61","2026-02-20","2020-09","32","999","1342","4-2025","4-2025","1","CUIT: 30540938322","125","125","1420","177500","8034","2","6743","2026-02-20 16:41:14","5","2026-02-23 16:31:24",,"5"
"2845","62","2026-02-20","2020-09","32","879","1342","4-2025","4-2025","1","CUIT: 30506357841","125","125","1420","177500","8033","2","6742","2026-02-20 16:41:47","5","2026-02-23 16:29:07",,"5"
"2846","63","2026-02-20","2020-09","32","1096","1342","4-2023","1-2024","2","CUIT: 30500755195 (RECTIFICATIVAS 4°TRIM 2023 Y 1° TRIM 2024)","125","250","1420","355000","8015","5","1048","2026-02-20 16:44:31","5","2026-02-23 14:53:39",,"5"
"2847","64","2026-02-20","2020-09","32","435","1342","4-2025","4-2025","1","CUIT: 30617091190","125","125","1420","177500","8026","2","6735","2026-02-20 16:45:45","5","2026-02-23 15:39:34",,"5"
"2848","65","2026-02-20","2020-09","32","913","1342","4-2025","4-2025","1","CUIT: 30504023377","175","175","1420","248500","8025","2","6734","2026-02-20 16:46:34","5","2026-02-23 15:38:06",,"5"
"2849","66","2026-02-20","2020-09","32","1005","1342","4-2025","4-2025","1","CUIT: 30709025755","125","125","1420","177500","8017","5","1050","2026-02-20 16:47:32","5","2026-02-23 14:57:25",,"5"
"2850","67","2026-02-20","2020-09","32","965","1342","4-2025","4-2025","1","CUIT: 30691665433","125","125","1410","176250","8032","2","6741","2026-02-20 16:48:23","5","2026-02-23 16:27:28",,"5"
"2851","68","2026-02-20","2020-09","32","1022","1342","4-2025","4-2025","1","CUIT: 30688359127 OC: 4501751996","150","150","1465","219750","8049","2","6757","2026-02-20 16:51:10","5","2026-03-02 15:52:38","5","5"
"2852","69","2026-02-20","2020-09","32","1130","1342","3-2025","4-2025","2","CUIT: 20137794943 (RECTIFICATIVAS 3ER Y 4TO TRIM)","125","250","1470","367500","8028","2","6737","2026-02-20 17:35:29","5","2026-02-23 16:13:52",,"5"
"2853","70","2026-02-20","2020-09","32","1057","1342","4-2025","4-2025","1","CUIT: 30687276996","175","175","1395","244125","8024","5","1057","2026-02-20 17:36:29","5","2026-02-23 15:34:23",,"5"
"2854","71","2026-02-20","2020-09","32","917","1342","4-2025","4-2025","1","CUIT: 30602173638","250","250","1395","348750","8030","2","6739","2026-02-20 17:37:07","5","2026-02-23 16:17:29",,"5"
"2855","72","2026-03-04","2020-09","32","1241","1342","4-2025","4-2025","1","CUIT: 30718374886","125","125","1400","175000","8057","2","6760","2026-03-04 15:01:38","5","2026-03-05 16:27:45",,"5"
"2856","73","2026-03-04","2020-09","32","1036","1342","4-2025","4-2025","1","CUIT: 30709511846","125","125","1390","173750","8060","2","6763","2026-03-04 15:04:50","5","2026-03-05 16:34:30",,"5"
"2857","74","2026-03-04","2020-09","32","1148","1342","4-2025","4-2025","1","CUIT: 30707792007","125","125","1400","175000","8055","5","1062","2026-03-04 15:05:30","5","2026-03-05 16:16:38",,"5"
"2858","75","2026-03-04","2020-09","32","1222","1342","4-2025","4-2025","1","CUIT: 30633854439","125","125","1415","176875","8054","5","1061","2026-03-04 15:08:54","5","2026-03-05 16:14:42",,"5"
"2859","76","2026-03-04","2020-09","32","1032","1342","4-2025","4-2025","1","CUIT: 30714981613","125","125","1415","176875","8056","5","1063","2026-03-04 15:09:45","5","2026-03-05 16:18:28",,"5"
"2860","77","2026-03-04","2020-09","32","1302","1342","4-2025","4-2025","1","CUIT: 30718055594","125","125","1420","177500","8053","5","1060","2026-03-04 15:10:42","5","2026-03-05 14:41:56",,"5"
"2861","78","2026-03-04","2020-09","32","915","1342","4-2025","4-2025","1","CUIT: 30674287085 (RECTIFICATIVA)","125","125","1415","176875","8050","2","6758","2026-03-04 15:11:37","5","2026-03-05 14:21:04",,"5"
"2862","79","2026-03-04","2020-09","32","1303","1342","4-2025","4-2025","1","CUIT: 30716789752","125","125","1420","177500","8061","2","6764","2026-03-04 15:12:23","5","2026-03-05 16:35:59",,"5"
"2863","80","2026-03-04","2020-09","32","1208","1342","4-2025","4-2025","1","CUIT: 30690623915","125","125","1415","176875","8059","2","6762","2026-03-04 15:13:28","5","2026-03-05 16:32:06",,"5"
"2864","81","2026-03-04","2020-09","32","1099","1342","4-2025","4-2025","1","CUIT: 20160708833","125","125","1435","179375","8058","2","6761","2026-03-04 15:15:25","5","2026-03-05 16:29:28",,"5"
"2865","82","2026-03-04","2020-09","32","840","1342","4-2025","4-2025","1","CUIT: 33708829639","150","150","1425","213750","8062","2","6765","2026-03-04 15:16:18","5","2026-03-05 16:37:42",,"5"
"2866","83","2026-03-04","2020-09","32","1005","1342","4-2025","4-2025","1","CUIT: 30709025755    (RECTIFICATIVA)","125","125","1415","176875","8052","5","1059","2026-03-04 15:21:12","5","2026-03-05 14:28:10",,"5"
"2867","84","2026-03-04","2020-09","32","999","1342","4-2025","4-2025","1","CUIT: 30540938322  (RECTIFICATIVA)","125","125","1435","179375","8051","2","6759","2026-03-04 15:22:19","5","2026-03-05 14:24:16",,"5"
"2868","85","2026-03-11","2020-09","32","526","1342","4-2025","4-2025","1","CUIT: 30686241749   ORDEN DE COMPRA 4500792634","140","140","1465","205100","8066","2","6768","2026-03-11 14:00:41","5","2026-03-16 13:26:34",,"5"
"2869","86","2026-03-11","2020-09","32","899","1342","4-2025","4-2025","1","CUIT: 30592724541","125","125","1425","178125","8067","5","1065","2026-03-11 14:02:27","5","2026-03-16 14:21:29",,"5"
"2870","87","2026-03-11","2020-09","32","938","1342","4-2025","4-2025","1","CUIT: 30604456475","125","125","1425","178125","8069","5","1067","2026-03-11 14:03:48","5","2026-03-16 14:28:18",,"5"
"2871","88","2026-03-11","2020-09","32","1099","1342","4-2025","4-2025","1","CUIT: 20160708833    RECTIFICATIVA","125","125","1425","178125","8065","2","6767","2026-03-11 14:04:44","5","2026-03-16 13:23:20",,"5"
"2872","89","2026-03-11","2020-09","32","1236","1342","4-2025","4-2025","1","CUIT: 30715979140  RECTIFICATIVA","125","125","1425","178125","8064","2","6766","2026-03-11 14:05:49","5","2026-03-16 13:19:34",,"5"
"2873","90","2026-03-11","2020-09","32","1102","1342","4-2025","4-2025","1","CUIT: 30709623997  (RECTIFICATIVA)","125","125","1415","176875","8068","5","1066","2026-03-11 16:05:07","5","2026-03-16 14:26:13",,"5"
"2874","91","2026-04-08","2020-09","32","945","1342","4-2025","4-2025","1","CUIT: 30582981341","125","125","1415","176875","8105","5","1079","2026-04-08 17:04:31","5","2026-04-08 17:47:50",,"5"
"2875","92","2026-04-08","2020-09","32","1129","1342","3-2025","4-2025","2","CUIT: 20205862243","125","250","1415","353750","8107","2","6794","2026-04-08 17:06:33","5","2026-04-08 17:53:14",,"5"
"2876","93","2026-04-08","2020-09","32","1102","1342","4-2025","4-2025","1","CUIT: 30709623997 (RECTIFICATIVA)","125","125","1415","176875","8102","5","1076","2026-04-08 17:09:30","5","2026-04-08 17:41:14",,"5"
"2877","94","2026-04-08","2020-09","32","1243","1342","4-2025","4-2025","1","CUIT: 30621861464","125","125","1390","173750","8106","2","6793","2026-04-08 17:10:10","5","2026-04-08 17:50:58",,"5"
"2878","95","2026-04-08","2020-09","32","1294","1342","4-2025","4-2025","1","CUIT: 30697276676","175","175","1400","245000","8103","5","1077","2026-04-08 17:11:45","5","2026-04-08 17:43:46",,"5"
"2879","96","2026-04-08","2020-09","32","970","1342","4-2025","4-2025","1","CUIT: 33711994209  (RECTIFICATIVA)","125","125","1420","177500","8104","5","1078","2026-04-08 17:13:27","5","2026-04-08 17:46:00",,"5"
"2880","97","2026-05-10","2026-6","1","1016","1342","1-2020","2-2020","2","CUIT 20351243504","0","0","0","0",,,,"2026-05-09 19:39:00","5",,,"5"
"2881","98","2026-05-10","2020-09","3","1214","1342","1-2019","2-2019","2","CUIT 30714124540","125","250","1390.79","347697.5",,,,"2026-05-09 19:44:48","5","2026-05-10 20:10:29","100","5"
"2882","99","2026-05-10","2020-09","1","1214","1342","1-2022","2-2022","2","CUIT 30714124540","125","250","1399.25","349812.5",,,,"2026-05-09 21:24:41","5","2026-05-10 19:46:55","100","5"
"2883","100","2026-05-10","2026-6","1","899","1342","1-2023","2-2023","2","CUIT 30592724541","0","0","0","0",,,,"2026-05-10 17:11:23","5",,,"5"
"2884","101","2026-05-10","2026-6","1","1222","1342","1-2023","2-2023","2","CUIT 30633854439","0","0","0","0",,,,"2026-05-10 17:14:11","5",,,"5"
"2885","102","2026-05-10","2026-6","1","843","1342","1-2024","2-2024","2","CUIT 30543349085","0","0","0","0",,,,"2026-05-10 17:22:31","5",,,"5"
"2886","103","2026-05-10","2020-09","1","843","1342","1-2024","2-2024","2","CUIT 30543349085","125","250","1397.23","349307.5",,,,"2026-05-10 17:23:34","100","2026-05-10 19:46:46","100","5"
"2887","104","2026-05-10","2026-05","1","1041","1338","1-2000","2-2000","2","CUIT 30715923315","125","250","1390.77","347692.5",,,,"2026-05-10 17:32:10","100",,,"5"
"2888","105","2026-05-10","2026-05","1","1041","1342","1-2000","2-2000","2","CUIT 30715923315","125","250","1390.77","347692.5",,,,"2026-05-10 18:02:54","100",,,"5"
"2889","106","2026-05-10","2020-09","3","1214","1342","2-2021","3-2021","2","CUIT 30714124540","125","250","123","30750",,,,"2026-05-10 18:34:38","100","2026-05-10 20:10:40","100","5"
"2890","107","2026-05-10","2020-09","1","1214","1342","2-2021","4-2021","3","CUIT 30714124540","125","375","1405.33","526998.75",,,,"2026-05-10 18:35:06","100","2026-05-10 19:47:55","100","5"
"2891","108","2026-05-11","2026-05","1","1171","1342","1-2000","2-2000","2","CUIT 30717587665","125","250","111","27750",,,,"2026-05-10 20:43:31","100",,,"5"
"2892","109","2026-05-11","2026-05","1","1214","1342","1-2000","2-2000","2","CUIT 30714124540","125","250","23",,,,,"2026-05-10 20:44:19","100",,,"5"
"2893","110","2026-05-11","2020-09","1","1302","1342","1-2000","2-2000","2","CUIT 30718055594","125","250","1390.65","347662.5",,,,"2026-05-10 20:49:24","100","2026-05-10 20:58:04","100","5"
"2894","111","2026-05-11","2026-05","1","1217","1342","1-1999","2-1999","2","CUIT 30711967245","125","250","1390.33","347582.5",,,,"2026-05-10 20:52:33","100",,,"5"
"2895","112","2026-05-11","2026-05","1","1302","1330","1-2000","2-2000","2","CUIT 30718055594","125","250","234","58500",,,,"2026-05-10 20:59:03","100",,,"5"
"2896","113","2026-05-11","2026-05","1","1302","1325","3-2000","4-2001","6","CUIT 30718055594","125","750","1234.34","925755",,,,"2026-05-10 21:00:19","100",,,"5"
"2897","114","2026-05-11","2020-09","1","1088","1340","1-1999","2-1999","2","CUIT 30717522512","150","300","233","69900",,,,"2026-05-10 21:01:01","100","2026-05-11 13:46:55","100","5"
"2898","115","2026-05-11","2020-09","1","1162","1337","2-2000","3-2000","2","CUIT 30704948952","175","350","1345.76","471016",,,,"2026-05-10 21:01:48","100","2026-05-10 21:02:07","100","5"
