"idclievendprod","tipo_entidad","entidad_id","vendedor_id","producto_id","feccre"
"1379","C","1","2","7","2022-08-19 20:32:49"
"322","C","911","5","3","2021-12-03 17:05:18"
"182","C","936","5","3",
"177","C","899","5","3",
"202","C","721","5","3",
"176","C","938","5","3",
"197","C","927","5","3",
"311","C","952","5","3","2021-12-03 16:54:19"
"310","C","945","5","3","2021-12-03 16:53:46"
"280","C","953","5","3","2021-09-09 14:14:41"
"200","C","869","5","3",
"278","C","940","5","3","2021-09-09 14:12:45"
"183","C","890","5","3",
"184","C","917","5","3",
"196","C","873","5","3",
"185","C","904","5","3",
"201","C","805","5","3",
"302","C","971","5","3","2021-11-25 15:13:32"
"286","C","960","5","3","2021-09-13 11:56:51"
"188","C","944","5","3",
"238","C","955","5","3","2020-11-24 13:13:17"
"178","C","797","5","3",
"1368","C","843","5","3","2022-07-07 11:15:47"
"481","C","79","1","1","2022-06-24 21:09:51"
"195","C","900","5","3",
"181","C","893","5","3",
"480","C","77","1","1","2022-06-24 21:09:51"
"317","C","962","5","3","2021-12-03 17:00:30"
"321","C","972","5","3","2021-12-03 17:05:00"
"312","C","976","5","3","2021-12-03 16:55:06"
"189","C","933","5","3",
"203","C","840","5","3",
"204","C","435","5","3",
"261","C","932","5","3","2021-02-24 17:47:23"
"326","C","948","5","3","2021-12-03 17:11:26"
"253","C","902","5","3","2021-02-09 13:25:27"
"2668","C","892","5","3","2024-11-25 16:56:10"
"58","C","937","5","3",
"59","C","228","5","3",
"60","C","915","5","3",
"61","C","894","5","3",
"62","C","942","5","3",
"63","C","929","5","3",
"479","C","74","1","1","2022-06-24 21:09:51"
"65","C","905","5","3",
"66","C","878","5","3",
"67","C","866","5","3",
"68","C","908","5","3",
"478","C","73","1","1","2022-06-24 21:09:51"
"70","C","526","5","3",
"2368","C","1079","5","3","2022-09-28 16:28:25"
"73","C","879","5","3",
"74","C","928","5","3",
"75","C","931","5","3",
"76","C","860","5","3",
"77","C","913","5","3",
"306","C","956","5","3","2021-12-03 16:52:02"
"279","C","758","5","3","2021-09-09 14:13:46"
"318","C","959","5","3","2021-12-03 17:01:32"
"314","C","946","5","3","2021-12-03 16:55:55"
"308","C","970","5","3","2021-12-03 16:52:44"
"332","C","1023","5","3","2021-12-10 18:12:08"
"477","C","72","1","1","2022-06-24 21:09:51"
"86","C","896","5","3",
"333","C","88","5","3","2021-12-13 18:03:49"
"301","C","943","5","3","2021-11-25 15:12:52"
"329","C","1020","5","3","2021-12-10 12:58:44"
"2358","C","1071","5","3","2022-09-15 12:11:05"
"2625","C","915","5","10","2024-09-24 11:53:44"
"2658","C","1077","5","11","2024-09-24 12:39:35"
"2367","C","1078","5","3","2022-09-28 16:24:26"
"319","C","981","5","3","2021-12-03 17:02:17"
"99","C","504","5","3",
"2356","C","1070","2","9","2022-09-14 12:53:37"
"2357","C","1070","2","7","2022-09-14 12:53:40"
"2364","C","1075","5","3","2022-09-16 18:51:14"
"389","C","965","2","7","2022-06-15 20:28:06"
"2637","C","942","5","10","2024-09-24 12:10:27"
"226","C","964","1","6",
"217","C","968","1","6",
"230","C","884","1","6",
"2387","C","853","1","6","2022-11-08 18:51:51"
"224","C","889","1","6",
"2354","C","347","1","6","2022-09-05 22:24:03"
"221","C","376","1","6",
"2632","C","1232","5","10","2024-09-24 12:05:55"
"476","C","71","1","1","2022-06-24 21:09:51"
"219","C","886","1","6",
"475","C","70","1","1","2022-06-24 21:09:51"
"474","C","69","1","1","2022-06-24 21:09:51"
"473","C","68","1","1","2022-06-24 21:09:51"
"472","C","67","1","1","2022-06-24 21:09:51"
"471","C","66","1","1","2022-06-24 21:09:51"
"470","C","65","1","1","2022-06-24 21:09:51"
"469","C","64","1","1","2022-06-24 21:09:51"
"468","C","63","1","1","2022-06-24 21:09:51"
"467","C","62","1","1","2022-06-24 21:09:51"
"2365","C","1076","5","3","2022-09-28 16:10:55"
"466","C","61","1","1","2022-06-24 21:09:51"
"465","C","60","1","1","2022-06-24 21:09:51"
"464","C","59","1","1","2022-06-24 21:09:51"
"463","C","58","1","1","2022-06-24 21:09:51"
"462","C","57","1","1","2022-06-24 21:09:51"
"461","C","56","1","1","2022-06-24 21:09:51"
"460","C","55","1","1","2022-06-24 21:09:51"
"459","C","54","1","1","2022-06-24 21:09:51"
"458","C","53","1","1","2022-06-24 21:09:51"
"457","C","52","1","1","2022-06-24 21:09:51"
"456","C","51","1","1","2022-06-24 21:09:51"
"455","C","50","1","1","2022-06-24 21:09:51"
"454","C","49","1","1","2022-06-24 21:09:51"
"453","C","48","1","1","2022-06-24 21:09:51"
"452","C","47","1","1","2022-06-24 21:09:51"
"451","C","46","1","1","2022-06-24 21:09:51"
"450","C","45","1","1","2022-06-24 21:09:51"
"449","C","44","1","1","2022-06-24 21:09:51"
"448","C","43","1","1","2022-06-24 21:09:51"
"447","C","42","1","1","2022-06-24 21:09:51"
"446","C","41","1","1","2022-06-24 21:09:51"
"445","C","40","1","1","2022-06-24 21:09:51"
"444","C","39","1","1","2022-06-24 21:09:51"
"443","C","38","1","1","2022-06-24 21:09:51"
"442","C","37","1","1","2022-06-24 21:09:51"
"441","C","36","1","1","2022-06-24 21:09:51"
"307","C","979","5","3","2021-12-03 16:52:24"
"180","C","916","5","3",
"260","C","926","5","3","2021-02-18 17:35:27"
"192","C","891","5","3",
"193","C","898","5","3",
"198","C","592","5","3",
"199","C","930","5","3",
"223","C","862","1","6",
"225","C","876","1","6",
"228","C","849","1","6",
"232","C","966","1","3","2020-11-20 19:03:53"
"440","C","35","1","1","2022-06-24 21:09:51"
"235","C","966","1","6","2020-11-20 19:04:02"
"236","C","966","1","7","2020-11-20 19:04:02"
"237","C","966","1","8","2020-11-20 19:04:05"
"320","C","983","5","3","2021-12-03 17:04:26"
"323","C","984","5","3","2021-12-03 17:09:14"
"325","C","985","5","3","2021-12-03 17:10:59"
"309","C","986","5","3","2021-12-03 16:53:27"
"439","C","34","1","1","2022-06-24 21:09:51"
"2361","C","1072","5","3","2022-09-16 09:46:21"
"328","C","1019","5","3","2021-12-03 18:50:24"
"330","C","1021","5","3","2021-12-10 13:04:14"
"2362","C","1073","5","3","2022-09-16 09:46:47"
"303","C","1017","5","3","2021-12-03 16:42:43"
"438","C","33","1","1","2022-06-24 21:09:51"
"251","C","991","1","6","2021-01-20 16:34:31"
"2363","C","1074","5","3","2022-09-16 18:46:28"
"254","C","994","1","7","2021-02-11 13:34:41"
"313","C","994","5","3","2021-12-03 16:55:24"
"331","C","1022","5","3","2021-12-10 13:40:55"
"257","C","995","5","3","2021-02-12 14:25:04"
"437","C","32","1","1","2022-06-24 21:09:51"
"259","C","996","5","3","2021-02-17 14:34:41"
"282","C","997","5","3","2021-09-09 14:17:31"
"316","C","998","5","3","2021-12-03 16:57:53"
"265","C","999","5","3","2021-05-18 13:47:23"
"266","C","1001","5","3","2021-07-26 14:30:55"
"315","C","1002","5","3","2021-12-03 16:56:17"
"268","C","883","5","3","2021-08-10 19:40:03"
"269","C","442","5","3","2021-08-10 19:49:15"
"270","C","1003","5","3","2021-08-10 20:05:19"
"2633","C","153","5","10","2024-09-24 12:06:50"
"436","C","31","1","1","2022-06-24 21:09:51"
"2636","C","1039","5","10","2024-09-24 12:09:26"
"275","C","1005","5","3","2021-08-23 12:34:43"
"381","C","965","5","3","2022-06-02 08:56:27"
"2351","C","1066","5","3","2022-09-01 16:16:01"
"289","C","1007","5","3","2021-09-16 09:23:37"
"288","C","1008","5","3","2021-09-16 09:23:18"
"290","C","153","5","3","2021-09-16 16:09:12"
"435","C","30","1","1","2022-06-24 21:09:51"
"434","C","29","1","1","2022-06-24 21:09:51"
"2352","C","904","5","9","2022-09-01 16:16:55"
"2355","C","1069","5","9","2022-09-07 10:16:20"
"297","C","1004","5","3","2021-11-12 16:58:16"
"298","C","1014","5","3","2021-11-12 17:06:16"
"299","C","1015","5","3","2021-11-12 17:12:48"
"300","C","1016","5","3","2021-11-15 11:58:17"
"304","C","1018","5","3","2021-12-03 16:48:25"
"305","C","792","5","3","2021-12-03 16:50:59"
"334","C","1024","5","3","2021-12-21 10:27:06"
"335","C","1025","5","3","2021-12-21 10:30:13"
"336","C","96","5","3","2021-12-21 10:36:13"
"337","C","1026","5","3","2022-01-03 10:19:29"
"338","C","903","5","3","2022-01-07 18:32:39"
"339","C","1028","5","3","2022-01-10 08:15:34"
"433","C","28","1","1","2022-06-24 21:09:51"
"2347","C","1068","5","3","2022-08-25 19:38:39"
"342","C","1030","5","3","2022-02-08 23:17:25"
"2348","C","201","5","9","2022-08-25 19:57:52"
"344","C","1032","5","3","2022-02-16 09:07:37"
"432","C","27","1","1","2022-06-24 21:09:51"
"346","C","1034","5","3","2022-02-25 11:15:30"
"347","C","1035","5","3","2022-02-25 16:38:31"
"348","C","1036","5","3","2022-02-25 16:49:43"
"349","C","1037","5","3","2022-02-25 16:55:09"
"350","C","327","5","3","2022-03-07 13:50:13"
"431","C","26","1","1","2022-06-24 21:09:51"
"352","C","869","5","9","2022-03-10 10:12:27"
"353","C","984","5","9","2022-03-14 12:06:50"
"2638","C","1098","5","10","2024-09-24 12:11:07"
"2627","C","1040","5","10","2024-09-24 11:55:19"
"430","C","25","1","1","2022-06-24 21:09:51"
"357","C","1041","5","3","2022-03-23 10:09:58"
"2631","C","1231","5","10","2024-09-24 12:02:26"
"2635","C","1066","5","10","2024-09-24 12:08:54"
"360","C","890","5","9","2022-03-25 09:06:17"
"362","C","1042","5","3","2022-03-31 11:20:21"
"2654","C","1043","5","10","2024-09-24 12:30:42"
"429","C","24","1","1","2022-06-24 21:09:51"
"428","C","23","1","1","2022-06-24 21:09:51"
"427","C","22","1","1","2022-06-24 21:09:51"
"426","C","21","1","1","2022-06-24 21:09:51"
"425","C","20","1","1","2022-06-24 21:09:51"
"424","C","19","1","1","2022-06-24 21:09:51"
"423","C","18","1","1","2022-06-24 21:09:51"
"371","C","1048","5","3","2022-04-22 18:38:35"
"372","C","1049","5","3","2022-04-22 18:54:44"
"373","C","1050","5","3","2022-04-22 19:04:24"
"374","C","1051","5","9","2022-05-03 13:20:10"
"375","C","1052","5","9","2022-05-03 14:47:39"
"422","C","17","1","1","2022-06-24 21:09:51"
"377","C","304","5","9","2022-05-19 14:26:31"
"378","C","922","2","7","2022-05-19 22:51:33"
"379","C","1054","5","3","2022-05-27 09:11:46"
"380","C","1055","5","3","2022-05-31 11:11:47"
"421","C","16","1","1","2022-06-24 21:09:51"
"383","C","1057","5","3","2022-06-06 13:02:00"
"384","C","1058","5","3","2022-06-08 13:55:53"
"2641","C","933","5","10","2024-09-24 12:13:28"
"2630","C","903","5","10","2024-09-24 11:59:31"
"2628","C","1059","5","10","2024-09-24 11:56:29"
"388","C","1060","5","3","2022-06-15 11:34:39"
"420","C","15","1","1","2022-06-24 21:09:51"
"419","C","14","1","1","2022-06-24 21:09:51"
"418","C","13","1","1","2022-06-24 21:09:51"
"417","C","12","1","1","2022-06-24 21:09:51"
"394","C","1061","5","3","2022-06-16 13:28:27"
"416","C","11","1","1","2022-06-24 21:09:51"
"415","C","10","1","1","2022-06-24 21:09:51"
"414","C","9","1","1","2022-06-24 21:09:51"
"413","C","8","1","1","2022-06-24 21:09:51"
"412","C","7","1","1","2022-06-24 21:09:51"
"411","C","6","1","1","2022-06-24 21:09:51"
"410","C","5","1","1","2022-06-24 21:09:51"
"409","C","4","1","1","2022-06-24 21:09:51"
"408","C","3","1","1","2022-06-24 21:09:51"
"407","C","2","1","1","2022-06-24 21:09:51"
"406","C","1","1","1","2022-06-24 21:09:51"
"482","C","80","1","1","2022-06-24 21:09:51"
"483","C","81","1","1","2022-06-24 21:09:51"
"484","C","82","1","1","2022-06-24 21:09:51"
"485","C","83","1","1","2022-06-24 21:09:51"
"486","C","84","1","1","2022-06-24 21:09:51"
"487","C","85","1","1","2022-06-24 21:09:51"
"488","C","87","1","1","2022-06-24 21:09:51"
"489","C","88","1","1","2022-06-24 21:09:51"
"490","C","90","1","1","2022-06-24 21:09:51"
"491","C","91","1","1","2022-06-24 21:09:51"
"492","C","92","1","1","2022-06-24 21:09:51"
"493","C","93","1","1","2022-06-24 21:09:51"
"494","C","94","1","1","2022-06-24 21:09:51"
"495","C","95","1","1","2022-06-24 21:09:51"
"496","C","96","1","1","2022-06-24 21:09:51"
"497","C","98","1","1","2022-06-24 21:09:51"
"498","C","99","1","1","2022-06-24 21:09:51"
"499","C","100","1","1","2022-06-24 21:09:51"
"500","C","101","1","1","2022-06-24 21:09:51"
"501","C","102","1","1","2022-06-24 21:09:51"
"502","C","103","1","1","2022-06-24 21:09:51"
"503","C","104","1","1","2022-06-24 21:09:51"
"504","C","105","1","1","2022-06-24 21:09:51"
"505","C","106","1","1","2022-06-24 21:09:51"
"506","C","107","1","1","2022-06-24 21:09:51"
"507","C","108","1","1","2022-06-24 21:09:51"
"508","C","110","1","1","2022-06-24 21:09:51"
"509","C","111","1","1","2022-06-24 21:09:51"
"510","C","112","1","1","2022-06-24 21:09:51"
"511","C","113","1","1","2022-06-24 21:09:51"
"512","C","114","1","1","2022-06-24 21:09:51"
"513","C","115","1","1","2022-06-24 21:09:51"
"514","C","116","1","1","2022-06-24 21:09:51"
"515","C","117","1","1","2022-06-24 21:09:51"
"516","C","118","1","1","2022-06-24 21:09:51"
"2715","C","119","1","6","2025-06-09 10:10:04"
"518","C","120","1","1","2022-06-24 21:09:51"
"519","C","121","1","1","2022-06-24 21:09:51"
"520","C","122","1","1","2022-06-24 21:09:51"
"2674","C","667","1","6","2025-01-08 12:33:12"
"522","C","124","1","1","2022-06-24 21:09:51"
"523","C","125","1","1","2022-06-24 21:09:51"
"524","C","126","1","1","2022-06-24 21:09:51"
"525","C","127","1","1","2022-06-24 21:09:51"
"526","C","128","1","1","2022-06-24 21:09:51"
"527","C","129","1","1","2022-06-24 21:09:51"
"528","C","130","1","1","2022-06-24 21:09:51"
"529","C","131","1","1","2022-06-24 21:09:51"
"530","C","132","1","1","2022-06-24 21:09:51"
"531","C","133","1","1","2022-06-24 21:09:51"
"532","C","134","1","1","2022-06-24 21:09:51"
"533","C","135","1","1","2022-06-24 21:09:51"
"534","C","136","1","1","2022-06-24 21:09:51"
"535","C","137","1","1","2022-06-24 21:09:51"
"536","C","138","1","1","2022-06-24 21:09:51"
"537","C","139","1","1","2022-06-24 21:09:51"
"538","C","140","1","1","2022-06-24 21:09:51"
"539","C","141","1","1","2022-06-24 21:09:51"
"540","C","145","1","1","2022-06-24 21:09:51"
"541","C","146","1","1","2022-06-24 21:09:51"
"542","C","147","1","1","2022-06-24 21:09:51"
"543","C","148","1","1","2022-06-24 21:09:51"
"544","C","149","1","1","2022-06-24 21:09:51"
"545","C","150","1","1","2022-06-24 21:09:51"
"546","C","151","1","1","2022-06-24 21:09:51"
"2729","C","152","1","1","2025-08-07 16:06:42"
"2795","C","153","1","1","2025-12-16 15:45:08"
"549","C","154","1","1","2022-06-24 21:09:51"
"550","C","155","1","1","2022-06-24 21:09:51"
"551","C","156","1","1","2022-06-24 21:09:51"
"552","C","157","1","1","2022-06-24 21:09:51"
"553","C","159","1","1","2022-06-24 21:09:51"
"554","C","162","1","1","2022-06-24 21:09:51"
"555","C","163","1","1","2022-06-24 21:09:51"
"556","C","164","1","1","2022-06-24 21:09:51"
"557","C","165","1","1","2022-06-24 21:09:51"
"558","C","166","1","1","2022-06-24 21:09:51"
"559","C","167","1","1","2022-06-24 21:09:51"
"560","C","168","1","1","2022-06-24 21:09:51"
"561","C","169","1","1","2022-06-24 21:09:51"
"562","C","170","1","1","2022-06-24 21:09:51"
"563","C","171","1","1","2022-06-24 21:09:51"
"564","C","172","1","1","2022-06-24 21:09:51"
"565","C","173","1","1","2022-06-24 21:09:51"
"566","C","174","1","1","2022-06-24 21:09:51"
"567","C","175","1","1","2022-06-24 21:09:51"
"568","C","176","1","1","2022-06-24 21:09:51"
"569","C","177","1","1","2022-06-24 21:09:51"
"570","C","178","1","1","2022-06-24 21:09:51"
"571","C","179","1","1","2022-06-24 21:09:51"
"572","C","180","1","1","2022-06-24 21:09:51"
"573","C","181","1","1","2022-06-24 21:09:51"
"574","C","182","1","1","2022-06-24 21:09:51"
"575","C","183","1","1","2022-06-24 21:09:51"
"576","C","184","1","1","2022-06-24 21:09:51"
"577","C","185","1","1","2022-06-24 21:09:51"
"578","C","186","1","1","2022-06-24 21:09:51"
"579","C","187","1","1","2022-06-24 21:09:51"
"580","C","188","1","1","2022-06-24 21:09:51"
"581","C","189","1","1","2022-06-24 21:09:51"
"582","C","190","1","1","2022-06-24 21:09:51"
"583","C","191","1","1","2022-06-24 21:09:51"
"584","C","192","1","1","2022-06-24 21:09:51"
"585","C","193","1","1","2022-06-24 21:09:51"
"586","C","195","1","1","2022-06-24 21:09:51"
"587","C","196","1","1","2022-06-24 21:09:51"
"588","C","197","1","1","2022-06-24 21:09:51"
"589","C","198","1","1","2022-06-24 21:09:51"
"590","C","199","1","1","2022-06-24 21:09:51"
"591","C","200","1","1","2022-06-24 21:09:51"
"592","C","201","1","1","2022-06-24 21:09:51"
"593","C","202","1","1","2022-06-24 21:09:51"
"594","C","203","1","1","2022-06-24 21:09:51"
"595","C","204","1","1","2022-06-24 21:09:51"
"596","C","205","1","1","2022-06-24 21:09:51"
"597","C","206","1","1","2022-06-24 21:09:51"
"598","C","207","1","1","2022-06-24 21:09:51"
"599","C","208","1","1","2022-06-24 21:09:51"
"600","C","209","1","1","2022-06-24 21:09:51"
"601","C","210","1","1","2022-06-24 21:09:51"
"602","C","212","1","1","2022-06-24 21:09:51"
"603","C","213","1","1","2022-06-24 21:09:51"
"604","C","214","1","1","2022-06-24 21:09:51"
"605","C","215","1","1","2022-06-24 21:09:51"
"606","C","216","1","1","2022-06-24 21:09:51"
"607","C","217","1","1","2022-06-24 21:09:51"
"608","C","218","1","1","2022-06-24 21:09:51"
"609","C","219","1","1","2022-06-24 21:09:51"
"610","C","220","1","1","2022-06-24 21:09:51"
"611","C","221","1","1","2022-06-24 21:09:51"
"612","C","222","1","1","2022-06-24 21:09:51"
"613","C","223","1","1","2022-06-24 21:09:51"
"614","C","224","1","1","2022-06-24 21:09:51"
"615","C","225","1","1","2022-06-24 21:09:51"
"616","C","226","1","1","2022-06-24 21:09:51"
"617","C","227","1","1","2022-06-24 21:09:51"
"618","C","228","1","1","2022-06-24 21:09:51"
"619","C","229","1","1","2022-06-24 21:09:51"
"620","C","230","1","1","2022-06-24 21:09:51"
"621","C","231","1","1","2022-06-24 21:09:51"
"622","C","232","1","1","2022-06-24 21:09:51"
"623","C","233","1","1","2022-06-24 21:09:51"
"2454","C","234","1","1","2023-05-05 21:26:26"
"625","C","236","1","1","2022-06-24 21:09:51"
"626","C","237","1","1","2022-06-24 21:09:51"
"627","C","238","1","1","2022-06-24 21:09:51"
"628","C","239","1","1","2022-06-24 21:09:51"
"629","C","240","1","1","2022-06-24 21:09:51"
"630","C","241","1","1","2022-06-24 21:09:51"
"631","C","242","1","1","2022-06-24 21:09:51"
"632","C","243","1","1","2022-06-24 21:09:51"
"633","C","245","1","1","2022-06-24 21:09:51"
"634","C","246","1","1","2022-06-24 21:09:51"
"635","C","247","1","1","2022-06-24 21:09:51"
"636","C","249","1","1","2022-06-24 21:09:51"
"637","C","250","1","1","2022-06-24 21:09:51"
"638","C","251","1","1","2022-06-24 21:09:51"
"639","C","252","1","1","2022-06-24 21:09:51"
"640","C","253","1","1","2022-06-24 21:09:51"
"641","C","254","1","1","2022-06-24 21:09:51"
"642","C","255","1","1","2022-06-24 21:09:51"
"643","C","256","1","1","2022-06-24 21:09:51"
"644","C","257","1","1","2022-06-24 21:09:51"
"645","C","258","1","1","2022-06-24 21:09:51"
"646","C","259","1","1","2022-06-24 21:09:51"
"647","C","264","1","1","2022-06-24 21:09:51"
"648","C","266","1","1","2022-06-24 21:09:51"
"649","C","267","1","1","2022-06-24 21:09:51"
"650","C","269","1","1","2022-06-24 21:09:51"
"651","C","271","1","1","2022-06-24 21:09:51"
"652","C","274","1","1","2022-06-24 21:09:51"
"653","C","278","1","1","2022-06-24 21:09:51"
"654","C","279","1","1","2022-06-24 21:09:51"
"655","C","280","1","1","2022-06-24 21:09:51"
"656","C","282","1","1","2022-06-24 21:09:51"
"657","C","283","1","1","2022-06-24 21:09:51"
"658","C","284","1","1","2022-06-24 21:09:51"
"659","C","286","1","1","2022-06-24 21:09:51"
"660","C","288","1","1","2022-06-24 21:09:51"
"661","C","289","1","1","2022-06-24 21:09:51"
"662","C","290","1","1","2022-06-24 21:09:51"
"663","C","292","1","1","2022-06-24 21:09:51"
"664","C","293","1","1","2022-06-24 21:09:51"
"665","C","298","1","1","2022-06-24 21:09:51"
"666","C","299","1","1","2022-06-24 21:09:51"
"667","C","300","1","1","2022-06-24 21:09:51"
"668","C","302","1","1","2022-06-24 21:09:51"
"669","C","304","1","1","2022-06-24 21:09:51"
"670","C","305","1","1","2022-06-24 21:09:51"
"671","C","307","1","1","2022-06-24 21:09:51"
"672","C","313","1","1","2022-06-24 21:09:51"
"673","C","315","1","1","2022-06-24 21:09:51"
"674","C","319","1","1","2022-06-24 21:09:51"
"675","C","322","1","1","2022-06-24 21:09:51"
"676","C","324","1","1","2022-06-24 21:09:51"
"677","C","325","1","1","2022-06-24 21:09:51"
"678","C","326","1","1","2022-06-24 21:09:51"
"679","C","327","1","1","2022-06-24 21:09:51"
"680","C","328","1","1","2022-06-24 21:09:51"
"681","C","329","1","1","2022-06-24 21:09:51"
"682","C","331","1","1","2022-06-24 21:09:51"
"683","C","332","1","1","2022-06-24 21:09:51"
"684","C","333","1","1","2022-06-24 21:09:51"
"685","C","334","1","1","2022-06-24 21:09:51"
"686","C","337","1","1","2022-06-24 21:09:51"
"687","C","338","1","1","2022-06-24 21:09:51"
"688","C","339","1","1","2022-06-24 21:09:51"
"689","C","340","1","1","2022-06-24 21:09:51"
"690","C","343","1","1","2022-06-24 21:09:51"
"691","C","344","1","1","2022-06-24 21:09:51"
"692","C","345","1","1","2022-06-24 21:09:51"
"693","C","346","1","1","2022-06-24 21:09:51"
"695","C","348","1","1","2022-06-24 21:09:51"
"696","C","349","1","1","2022-06-24 21:09:51"
"697","C","352","1","1","2022-06-24 21:09:51"
"698","C","353","1","1","2022-06-24 21:09:51"
"699","C","354","1","1","2022-06-24 21:09:51"
"700","C","355","1","1","2022-06-24 21:09:51"
"701","C","356","1","1","2022-06-24 21:09:51"
"702","C","357","1","1","2022-06-24 21:09:51"
"703","C","360","1","1","2022-06-24 21:09:51"
"704","C","362","1","1","2022-06-24 21:09:51"
"705","C","365","1","1","2022-06-24 21:09:51"
"706","C","366","1","1","2022-06-24 21:09:51"
"707","C","368","1","1","2022-06-24 21:09:51"
"708","C","369","1","1","2022-06-24 21:09:51"
"709","C","370","1","1","2022-06-24 21:09:51"
"710","C","371","1","1","2022-06-24 21:09:51"
"711","C","375","1","1","2022-06-24 21:09:51"
"2724","C","933","5","11","2025-07-24 13:20:26"
"713","C","377","1","1","2022-06-24 21:09:51"
"714","C","380","1","1","2022-06-24 21:09:51"
"715","C","382","1","1","2022-06-24 21:09:51"
"716","C","385","1","1","2022-06-24 21:09:51"
"717","C","391","1","1","2022-06-24 21:09:51"
"718","C","392","1","1","2022-06-24 21:09:51"
"719","C","393","1","1","2022-06-24 21:09:51"
"720","C","397","1","1","2022-06-24 21:09:51"
"721","C","399","1","1","2022-06-24 21:09:51"
"722","C","400","1","1","2022-06-24 21:09:51"
"723","C","401","1","1","2022-06-24 21:09:51"
"724","C","403","1","1","2022-06-24 21:09:51"
"725","C","404","1","1","2022-06-24 21:09:51"
"726","C","405","1","1","2022-06-24 21:09:51"
"727","C","406","1","1","2022-06-24 21:09:51"
"728","C","407","1","1","2022-06-24 21:09:51"
"729","C","408","1","1","2022-06-24 21:09:51"
"730","C","409","1","1","2022-06-24 21:09:51"
"731","C","410","1","1","2022-06-24 21:09:51"
"732","C","411","1","1","2022-06-24 21:09:51"
"733","C","412","1","1","2022-06-24 21:09:51"
"734","C","413","1","1","2022-06-24 21:09:51"
"735","C","414","1","1","2022-06-24 21:09:51"
"736","C","415","1","1","2022-06-24 21:09:51"
"737","C","418","1","1","2022-06-24 21:09:51"
"738","C","419","1","1","2022-06-24 21:09:51"
"739","C","422","1","1","2022-06-24 21:09:51"
"740","C","423","1","1","2022-06-24 21:09:51"
"741","C","424","1","1","2022-06-24 21:09:51"
"742","C","425","1","1","2022-06-24 21:09:51"
"743","C","426","1","1","2022-06-24 21:09:51"
"744","C","427","1","1","2022-06-24 21:09:51"
"745","C","428","1","1","2022-06-24 21:09:51"
"746","C","429","1","1","2022-06-24 21:09:51"
"747","C","430","1","1","2022-06-24 21:09:51"
"748","C","431","1","1","2022-06-24 21:09:51"
"749","C","432","1","1","2022-06-24 21:09:51"
"750","C","433","1","1","2022-06-24 21:09:51"
"751","C","434","1","1","2022-06-24 21:09:51"
"752","C","435","1","1","2022-06-24 21:09:51"
"753","C","436","1","1","2022-06-24 21:09:51"
"754","C","437","1","1","2022-06-24 21:09:51"
"755","C","439","1","1","2022-06-24 21:09:51"
"756","C","440","1","1","2022-06-24 21:09:51"
"757","C","441","1","1","2022-06-24 21:09:51"
"758","C","442","1","1","2022-06-24 21:09:51"
"759","C","443","1","1","2022-06-24 21:09:51"
"760","C","444","1","1","2022-06-24 21:09:51"
"761","C","445","1","1","2022-06-24 21:09:51"
"762","C","446","1","1","2022-06-24 21:09:51"
"763","C","447","1","1","2022-06-24 21:09:51"
"764","C","448","1","1","2022-06-24 21:09:51"
"765","C","449","1","1","2022-06-24 21:09:51"
"766","C","450","1","1","2022-06-24 21:09:51"
"767","C","451","1","1","2022-06-24 21:09:51"
"768","C","452","1","1","2022-06-24 21:09:51"
"769","C","453","1","1","2022-06-24 21:09:51"
"770","C","454","1","1","2022-06-24 21:09:51"
"771","C","456","1","1","2022-06-24 21:09:51"
"772","C","457","1","1","2022-06-24 21:09:51"
"773","C","458","1","1","2022-06-24 21:09:51"
"774","C","459","1","1","2022-06-24 21:09:51"
"775","C","460","1","1","2022-06-24 21:09:51"
"776","C","461","1","1","2022-06-24 21:09:51"
"777","C","462","1","1","2022-06-24 21:09:51"
"778","C","463","1","1","2022-06-24 21:09:51"
"779","C","464","1","1","2022-06-24 21:09:51"
"780","C","465","1","1","2022-06-24 21:09:51"
"781","C","466","1","1","2022-06-24 21:09:51"
"782","C","467","1","1","2022-06-24 21:09:51"
"783","C","468","1","1","2022-06-24 21:09:51"
"784","C","469","1","1","2022-06-24 21:09:51"
"785","C","470","1","1","2022-06-24 21:09:51"
"786","C","471","1","1","2022-06-24 21:09:51"
"787","C","472","1","1","2022-06-24 21:09:51"
"788","C","473","1","1","2022-06-24 21:09:51"
"789","C","474","1","1","2022-06-24 21:09:51"
"790","C","475","1","1","2022-06-24 21:09:51"
"791","C","476","1","1","2022-06-24 21:09:51"
"792","C","477","1","1","2022-06-24 21:09:51"
"793","C","478","1","1","2022-06-24 21:09:51"
"794","C","479","1","1","2022-06-24 21:09:51"
"795","C","480","1","1","2022-06-24 21:09:51"
"796","C","481","1","1","2022-06-24 21:09:51"
"797","C","482","1","1","2022-06-24 21:09:51"
"798","C","483","1","1","2022-06-24 21:09:51"
"799","C","484","1","1","2022-06-24 21:09:51"
"800","C","485","1","1","2022-06-24 21:09:51"
"801","C","486","1","1","2022-06-24 21:09:51"
"802","C","487","1","1","2022-06-24 21:09:51"
"803","C","488","1","1","2022-06-24 21:09:51"
"804","C","489","1","1","2022-06-24 21:09:51"
"805","C","490","1","1","2022-06-24 21:09:51"
"806","C","491","1","1","2022-06-24 21:09:51"
"807","C","492","1","1","2022-06-24 21:09:51"
"808","C","493","1","1","2022-06-24 21:09:51"
"809","C","494","1","1","2022-06-24 21:09:51"
"810","C","495","1","1","2022-06-24 21:09:51"
"811","C","496","1","1","2022-06-24 21:09:51"
"812","C","497","1","1","2022-06-24 21:09:51"
"813","C","498","1","1","2022-06-24 21:09:51"
"814","C","499","1","1","2022-06-24 21:09:51"
"815","C","500","1","1","2022-06-24 21:09:51"
"816","C","501","1","1","2022-06-24 21:09:51"
"817","C","503","1","1","2022-06-24 21:09:51"
"818","C","504","1","1","2022-06-24 21:09:51"
"819","C","505","1","1","2022-06-24 21:09:51"
"820","C","506","1","1","2022-06-24 21:09:51"
"821","C","507","1","1","2022-06-24 21:09:51"
"822","C","508","1","1","2022-06-24 21:09:51"
"823","C","509","1","1","2022-06-24 21:09:51"
"824","C","511","1","1","2022-06-24 21:09:51"
"825","C","512","1","1","2022-06-24 21:09:51"
"826","C","513","1","1","2022-06-24 21:09:51"
"827","C","514","1","1","2022-06-24 21:09:51"
"828","C","515","1","1","2022-06-24 21:09:51"
"829","C","516","1","1","2022-06-24 21:09:51"
"830","C","517","1","1","2022-06-24 21:09:51"
"831","C","518","1","1","2022-06-24 21:09:51"
"832","C","519","1","1","2022-06-24 21:09:51"
"833","C","520","1","1","2022-06-24 21:09:51"
"834","C","521","1","1","2022-06-24 21:09:51"
"835","C","522","1","1","2022-06-24 21:09:51"
"836","C","523","1","1","2022-06-24 21:09:51"
"837","C","524","1","1","2022-06-24 21:09:51"
"838","C","525","1","1","2022-06-24 21:09:51"
"839","C","526","1","1","2022-06-24 21:09:51"
"840","C","527","1","1","2022-06-24 21:09:51"
"841","C","528","1","1","2022-06-24 21:09:51"
"842","C","529","1","1","2022-06-24 21:09:51"
"843","C","530","1","1","2022-06-24 21:09:51"
"844","C","531","1","1","2022-06-24 21:09:51"
"845","C","532","1","1","2022-06-24 21:09:51"
"846","C","533","1","1","2022-06-24 21:09:51"
"847","C","534","1","1","2022-06-24 21:09:51"
"848","C","535","1","1","2022-06-24 21:09:51"
"849","C","536","1","1","2022-06-24 21:09:51"
"850","C","537","1","1","2022-06-24 21:09:51"
"851","C","538","1","1","2022-06-24 21:09:51"
"852","C","539","1","1","2022-06-24 21:09:51"
"853","C","540","1","1","2022-06-24 21:09:51"
"854","C","541","1","1","2022-06-24 21:09:51"
"855","C","542","1","1","2022-06-24 21:09:51"
"856","C","543","1","1","2022-06-24 21:09:51"
"857","C","544","1","1","2022-06-24 21:09:51"
"858","C","545","1","1","2022-06-24 21:09:51"
"859","C","546","1","1","2022-06-24 21:09:51"
"860","C","547","1","1","2022-06-24 21:09:51"
"861","C","548","1","1","2022-06-24 21:09:51"
"862","C","549","1","1","2022-06-24 21:09:51"
"863","C","550","1","1","2022-06-24 21:09:51"
"864","C","551","1","1","2022-06-24 21:09:51"
"865","C","552","1","1","2022-06-24 21:09:51"
"866","C","553","1","1","2022-06-24 21:09:51"
"867","C","554","1","1","2022-06-24 21:09:51"
"868","C","555","1","1","2022-06-24 21:09:51"
"869","C","556","1","1","2022-06-24 21:09:51"
"870","C","557","1","1","2022-06-24 21:09:51"
"871","C","558","1","1","2022-06-24 21:09:51"
"872","C","559","1","1","2022-06-24 21:09:51"
"873","C","560","1","1","2022-06-24 21:09:51"
"874","C","561","1","1","2022-06-24 21:09:51"
"875","C","562","1","1","2022-06-24 21:09:51"
"876","C","563","1","1","2022-06-24 21:09:51"
"877","C","564","1","1","2022-06-24 21:09:51"
"878","C","565","1","1","2022-06-24 21:09:51"
"879","C","566","1","1","2022-06-24 21:09:51"
"880","C","567","1","1","2022-06-24 21:09:51"
"881","C","568","1","1","2022-06-24 21:09:51"
"882","C","569","1","1","2022-06-24 21:09:51"
"883","C","570","1","1","2022-06-24 21:09:51"
"884","C","571","1","1","2022-06-24 21:09:51"
"885","C","572","1","1","2022-06-24 21:09:51"
"886","C","573","1","1","2022-06-24 21:09:51"
"887","C","574","1","1","2022-06-24 21:09:51"
"888","C","575","1","1","2022-06-24 21:09:51"
"889","C","576","1","1","2022-06-24 21:09:51"
"890","C","577","1","1","2022-06-24 21:09:51"
"891","C","578","1","1","2022-06-24 21:09:51"
"892","C","579","1","1","2022-06-24 21:09:51"
"893","C","580","1","1","2022-06-24 21:09:51"
"894","C","581","1","1","2022-06-24 21:09:51"
"895","C","582","1","1","2022-06-24 21:09:51"
"896","C","583","1","1","2022-06-24 21:09:51"
"897","C","584","1","1","2022-06-24 21:09:51"
"898","C","585","1","1","2022-06-24 21:09:51"
"899","C","586","1","1","2022-06-24 21:09:51"
"900","C","587","1","1","2022-06-24 21:09:51"
"901","C","588","1","1","2022-06-24 21:09:51"
"902","C","589","1","1","2022-06-24 21:09:51"
"903","C","590","1","1","2022-06-24 21:09:51"
"904","C","591","1","1","2022-06-24 21:09:51"
"905","C","592","1","1","2022-06-24 21:09:51"
"906","C","593","1","1","2022-06-24 21:09:51"
"908","C","595","1","1","2022-06-24 21:09:51"
"909","C","596","1","1","2022-06-24 21:09:51"
"910","C","597","1","1","2022-06-24 21:09:51"
"911","C","598","1","1","2022-06-24 21:09:51"
"912","C","599","1","1","2022-06-24 21:09:51"
"913","C","600","1","1","2022-06-24 21:09:51"
"914","C","601","1","1","2022-06-24 21:09:51"
"915","C","602","1","1","2022-06-24 21:09:51"
"916","C","603","1","1","2022-06-24 21:09:51"
"917","C","604","1","1","2022-06-24 21:09:51"
"918","C","605","1","1","2022-06-24 21:09:51"
"919","C","606","1","1","2022-06-24 21:09:51"
"920","C","607","1","1","2022-06-24 21:09:51"
"921","C","608","1","1","2022-06-24 21:09:51"
"922","C","609","1","1","2022-06-24 21:09:51"
"923","C","610","1","1","2022-06-24 21:09:51"
"924","C","611","1","1","2022-06-24 21:09:51"
"925","C","612","1","1","2022-06-24 21:09:51"
"926","C","613","1","1","2022-06-24 21:09:51"
"927","C","614","1","1","2022-06-24 21:09:51"
"928","C","615","1","1","2022-06-24 21:09:51"
"929","C","617","1","1","2022-06-24 21:09:51"
"930","C","618","1","1","2022-06-24 21:09:51"
"931","C","619","1","1","2022-06-24 21:09:51"
"932","C","620","1","1","2022-06-24 21:09:51"
"933","C","621","1","1","2022-06-24 21:09:51"
"934","C","622","1","1","2022-06-24 21:09:51"
"935","C","623","1","1","2022-06-24 21:09:51"
"936","C","624","1","1","2022-06-24 21:09:51"
"937","C","625","1","1","2022-06-24 21:09:51"
"938","C","626","1","1","2022-06-24 21:09:51"
"939","C","627","1","1","2022-06-24 21:09:51"
"940","C","628","1","1","2022-06-24 21:09:51"
"941","C","629","1","1","2022-06-24 21:09:51"
"942","C","630","1","1","2022-06-24 21:09:51"
"943","C","631","1","1","2022-06-24 21:09:51"
"944","C","632","1","1","2022-06-24 21:09:51"
"2741","C","1267","5","10","2025-08-22 16:38:58"
"946","C","634","1","1","2022-06-24 21:09:51"
"947","C","635","1","1","2022-06-24 21:09:51"
"948","C","636","1","1","2022-06-24 21:09:51"
"949","C","637","1","1","2022-06-24 21:09:51"
"950","C","638","1","1","2022-06-24 21:09:51"
"951","C","639","1","1","2022-06-24 21:09:51"
"952","C","640","1","1","2022-06-24 21:09:51"
"953","C","641","1","1","2022-06-24 21:09:51"
"954","C","642","1","1","2022-06-24 21:09:51"
"955","C","643","1","1","2022-06-24 21:09:51"
"956","C","644","1","1","2022-06-24 21:09:51"
"957","C","645","1","1","2022-06-24 21:09:51"
"958","C","646","1","1","2022-06-24 21:09:51"
"959","C","647","1","1","2022-06-24 21:09:51"
"960","C","648","1","1","2022-06-24 21:09:51"
"961","C","649","1","1","2022-06-24 21:09:51"
"962","C","650","1","1","2022-06-24 21:09:51"
"963","C","651","1","1","2022-06-24 21:09:51"
"964","C","652","1","1","2022-06-24 21:09:51"
"965","C","653","1","1","2022-06-24 21:09:51"
"966","C","654","1","1","2022-06-24 21:09:51"
"967","C","655","1","1","2022-06-24 21:09:51"
"968","C","656","1","1","2022-06-24 21:09:51"
"969","C","657","1","1","2022-06-24 21:09:51"
"970","C","658","1","1","2022-06-24 21:09:51"
"971","C","659","1","1","2022-06-24 21:09:51"
"972","C","661","1","1","2022-06-24 21:09:51"
"973","C","662","1","1","2022-06-24 21:09:51"
"974","C","663","1","1","2022-06-24 21:09:51"
"975","C","664","1","1","2022-06-24 21:09:51"
"976","C","665","1","1","2022-06-24 21:09:51"
"977","C","666","1","1","2022-06-24 21:09:51"
"978","C","667","1","1","2022-06-24 21:09:51"
"979","C","668","1","1","2022-06-24 21:09:51"
"980","C","669","1","1","2022-06-24 21:09:51"
"981","C","670","1","1","2022-06-24 21:09:51"
"982","C","671","1","1","2022-06-24 21:09:51"
"983","C","672","1","1","2022-06-24 21:09:51"
"984","C","673","1","1","2022-06-24 21:09:51"
"985","C","674","1","1","2022-06-24 21:09:51"
"986","C","675","1","1","2022-06-24 21:09:51"
"987","C","676","1","1","2022-06-24 21:09:51"
"988","C","677","1","1","2022-06-24 21:09:51"
"989","C","678","1","1","2022-06-24 21:09:51"
"990","C","679","1","1","2022-06-24 21:09:51"
"991","C","680","1","1","2022-06-24 21:09:51"
"992","C","681","1","1","2022-06-24 21:09:51"
"993","C","682","1","1","2022-06-24 21:09:51"
"994","C","683","1","1","2022-06-24 21:09:51"
"995","C","684","1","1","2022-06-24 21:09:51"
"996","C","685","1","1","2022-06-24 21:09:51"
"997","C","686","1","1","2022-06-24 21:09:51"
"998","C","687","1","1","2022-06-24 21:09:51"
"999","C","688","1","1","2022-06-24 21:09:51"
"1000","C","689","1","1","2022-06-24 21:09:51"
"1001","C","690","1","1","2022-06-24 21:09:51"
"1002","C","691","1","1","2022-06-24 21:09:51"
"1003","C","692","1","1","2022-06-24 21:09:51"
"1004","C","693","1","1","2022-06-24 21:09:51"
"1005","C","694","1","1","2022-06-24 21:09:51"
"1006","C","695","1","1","2022-06-24 21:09:51"
"1007","C","696","1","1","2022-06-24 21:09:51"
"1008","C","697","1","1","2022-06-24 21:09:51"
"1009","C","698","1","1","2022-06-24 21:09:51"
"1010","C","699","1","1","2022-06-24 21:09:51"
"1011","C","700","1","1","2022-06-24 21:09:51"
"1012","C","701","1","1","2022-06-24 21:09:51"
"1013","C","702","1","1","2022-06-24 21:09:51"
"1014","C","703","1","1","2022-06-24 21:09:51"
"1015","C","704","1","1","2022-06-24 21:09:51"
"1016","C","705","1","1","2022-06-24 21:09:51"
"1017","C","706","1","1","2022-06-24 21:09:51"
"1018","C","707","1","1","2022-06-24 21:09:51"
"1019","C","708","1","1","2022-06-24 21:09:51"
"1020","C","709","1","1","2022-06-24 21:09:51"
"1021","C","710","1","1","2022-06-24 21:09:51"
"1022","C","711","1","1","2022-06-24 21:09:51"
"1023","C","712","1","1","2022-06-24 21:09:51"
"1024","C","713","1","1","2022-06-24 21:09:51"
"1025","C","714","1","1","2022-06-24 21:09:51"
"1026","C","715","1","1","2022-06-24 21:09:51"
"1027","C","716","1","1","2022-06-24 21:09:51"
"1028","C","717","1","1","2022-06-24 21:09:51"
"1029","C","718","1","1","2022-06-24 21:09:51"
"1030","C","719","1","1","2022-06-24 21:09:51"
"1031","C","720","1","1","2022-06-24 21:09:51"
"1032","C","721","1","1","2022-06-24 21:09:51"
"1033","C","722","1","1","2022-06-24 21:09:51"
"1034","C","723","1","1","2022-06-24 21:09:51"
"1035","C","724","1","1","2022-06-24 21:09:51"
"1036","C","725","1","1","2022-06-24 21:09:51"
"1037","C","726","1","1","2022-06-24 21:09:51"
"2389","C","980","5","3","2022-11-16 14:28:54"
"1039","C","728","1","1","2022-06-24 21:09:51"
"1040","C","729","1","1","2022-06-24 21:09:51"
"1041","C","730","1","1","2022-06-24 21:09:51"
"1042","C","731","1","1","2022-06-24 21:09:51"
"1043","C","732","1","1","2022-06-24 21:09:51"
"1044","C","733","1","1","2022-06-24 21:09:51"
"1045","C","734","1","1","2022-06-24 21:09:51"
"1046","C","735","1","1","2022-06-24 21:09:51"
"1047","C","736","1","1","2022-06-24 21:09:51"
"1048","C","737","1","1","2022-06-24 21:09:51"
"1049","C","739","1","1","2022-06-24 21:09:51"
"1050","C","740","1","1","2022-06-24 21:09:51"
"1051","C","741","1","1","2022-06-24 21:09:51"
"1052","C","742","1","1","2022-06-24 21:09:51"
"1053","C","744","1","1","2022-06-24 21:09:51"
"1054","C","745","1","1","2022-06-24 21:09:51"
"1055","C","746","1","1","2022-06-24 21:09:51"
"1056","C","747","1","1","2022-06-24 21:09:51"
"1057","C","748","1","1","2022-06-24 21:09:51"
"1058","C","749","1","1","2022-06-24 21:09:51"
"1059","C","750","1","1","2022-06-24 21:09:51"
"1060","C","751","1","1","2022-06-24 21:09:51"
"1061","C","752","1","1","2022-06-24 21:09:51"
"1062","C","753","1","1","2022-06-24 21:09:51"
"1063","C","754","1","1","2022-06-24 21:09:51"
"1064","C","755","1","1","2022-06-24 21:09:51"
"1065","C","756","1","1","2022-06-24 21:09:51"
"1066","C","757","1","1","2022-06-24 21:09:51"
"1067","C","758","1","1","2022-06-24 21:09:51"
"1068","C","759","1","1","2022-06-24 21:09:51"
"1069","C","760","1","1","2022-06-24 21:09:51"
"1070","C","761","1","1","2022-06-24 21:09:51"
"1071","C","762","1","1","2022-06-24 21:09:51"
"1072","C","763","1","1","2022-06-24 21:09:51"
"1073","C","764","1","1","2022-06-24 21:09:51"
"1074","C","765","1","1","2022-06-24 21:09:51"
"1075","C","766","1","1","2022-06-24 21:09:51"
"1076","C","767","1","1","2022-06-24 21:09:51"
"1077","C","768","1","1","2022-06-24 21:09:51"
"1078","C","769","1","1","2022-06-24 21:09:51"
"1079","C","770","1","1","2022-06-24 21:09:51"
"1080","C","771","1","1","2022-06-24 21:09:51"
"1081","C","772","1","1","2022-06-24 21:09:51"
"1082","C","773","1","1","2022-06-24 21:09:51"
"1083","C","774","1","1","2022-06-24 21:09:51"
"1084","C","775","1","1","2022-06-24 21:09:51"
"1085","C","776","1","1","2022-06-24 21:09:51"
"1086","C","777","1","1","2022-06-24 21:09:51"
"1087","C","778","1","1","2022-06-24 21:09:51"
"1088","C","779","1","1","2022-06-24 21:09:51"
"1089","C","780","1","1","2022-06-24 21:09:51"
"1090","C","781","1","1","2022-06-24 21:09:51"
"2395","C","782","5","3","2022-11-22 12:26:15"
"1092","C","783","1","1","2022-06-24 21:09:51"
"1093","C","784","1","1","2022-06-24 21:09:51"
"1094","C","785","1","1","2022-06-24 21:09:51"
"1095","C","787","1","1","2022-06-24 21:09:51"
"1096","C","788","1","1","2022-06-24 21:09:51"
"1097","C","789","1","1","2022-06-24 21:09:51"
"1098","C","790","1","1","2022-06-24 21:09:51"
"1099","C","791","1","1","2022-06-24 21:09:51"
"1100","C","792","1","1","2022-06-24 21:09:51"
"1101","C","793","1","1","2022-06-24 21:09:51"
"1102","C","794","1","1","2022-06-24 21:09:51"
"1103","C","795","1","1","2022-06-24 21:09:51"
"1104","C","796","1","1","2022-06-24 21:09:51"
"1105","C","797","1","1","2022-06-24 21:09:51"
"1106","C","798","1","1","2022-06-24 21:09:51"
"2722","C","799","1","6","2025-07-23 12:42:15"
"1108","C","800","1","1","2022-06-24 21:09:51"
"1109","C","801","1","1","2022-06-24 21:09:51"
"1110","C","802","1","1","2022-06-24 21:09:51"
"1111","C","803","1","1","2022-06-24 21:09:51"
"1112","C","804","1","1","2022-06-24 21:09:51"
"1113","C","805","1","1","2022-06-24 21:09:51"
"1114","C","806","1","1","2022-06-24 21:09:51"
"1116","C","808","1","1","2022-06-24 21:09:51"
"1117","C","809","1","1","2022-06-24 21:09:51"
"1118","C","810","1","1","2022-06-24 21:09:51"
"1119","C","811","1","1","2022-06-24 21:09:51"
"1120","C","812","1","1","2022-06-24 21:09:51"
"1121","C","813","1","1","2022-06-24 21:09:51"
"1122","C","814","1","1","2022-06-24 21:09:51"
"1123","C","815","1","1","2022-06-24 21:09:51"
"1124","C","816","1","1","2022-06-24 21:09:51"
"1125","C","817","1","1","2022-06-24 21:09:51"
"1126","C","818","1","1","2022-06-24 21:09:51"
"1127","C","819","1","1","2022-06-24 21:09:51"
"1128","C","820","1","1","2022-06-24 21:09:51"
"1129","C","821","1","1","2022-06-24 21:09:51"
"1130","C","822","1","1","2022-06-24 21:09:51"
"1131","C","823","1","1","2022-06-24 21:09:51"
"1132","C","824","1","1","2022-06-24 21:09:51"
"1133","C","825","1","1","2022-06-24 21:09:51"
"1134","C","826","1","1","2022-06-24 21:09:51"
"1135","C","827","1","1","2022-06-24 21:09:51"
"1136","C","828","1","1","2022-06-24 21:09:51"
"1137","C","829","1","1","2022-06-24 21:09:51"
"1138","C","830","1","1","2022-06-24 21:09:51"
"1139","C","831","1","1","2022-06-24 21:09:51"
"1140","C","832","1","1","2022-06-24 21:09:51"
"1141","C","833","1","1","2022-06-24 21:09:51"
"2716","C","1259","5","3","2025-06-09 12:05:41"
"1143","C","835","1","1","2022-06-24 21:09:51"
"1144","C","836","1","1","2022-06-24 21:09:51"
"1145","C","837","1","1","2022-06-24 21:09:51"
"1146","C","839","1","1","2022-06-24 21:09:51"
"1147","C","840","1","1","2022-06-24 21:09:51"
"1148","C","841","1","1","2022-06-24 21:09:51"
"1149","C","842","1","1","2022-06-24 21:09:51"
"2672","C","843","1","6","2024-12-17 10:59:47"
"1151","C","844","1","1","2022-06-24 21:09:51"
"1152","C","845","1","1","2022-06-24 21:09:51"
"2720","C","846","1","6","2025-07-10 15:26:42"
"1154","C","848","1","1","2022-06-24 21:09:51"
"1155","C","849","1","1","2022-06-24 21:09:51"
"1156","C","850","1","1","2022-06-24 21:09:51"
"1157","C","851","1","1","2022-06-24 21:09:51"
"1158","C","852","1","1","2022-06-24 21:09:51"
"1159","C","853","1","1","2022-06-24 21:09:51"
"1160","C","854","1","1","2022-06-24 21:09:51"
"2721","C","855","1","6","2025-07-15 18:08:09"
"1162","C","856","1","1","2022-06-24 21:09:51"
"1163","C","857","1","1","2022-06-24 21:09:51"
"1164","C","858","1","1","2022-06-24 21:09:51"
"1165","C","859","1","1","2022-06-24 21:09:51"
"1166","C","860","1","1","2022-06-24 21:09:51"
"1167","C","861","1","1","2022-06-24 21:09:51"
"2719","C","1262","5","3","2025-06-26 15:29:18"
"1169","C","863","1","1","2022-06-24 21:09:51"
"1170","C","864","1","1","2022-06-24 21:09:51"
"1171","C","865","1","1","2022-06-24 21:09:51"
"1172","C","866","1","1","2022-06-24 21:09:51"
"1173","C","867","1","1","2022-06-24 21:09:51"
"1174","C","868","1","1","2022-06-24 21:09:51"
"1175","C","869","1","1","2022-06-24 21:09:51"
"1176","C","870","1","1","2022-06-24 21:09:51"
"1177","C","871","1","1","2022-06-24 21:09:51"
"1178","C","872","1","1","2022-06-24 21:09:51"
"1179","C","873","1","1","2022-06-24 21:09:51"
"1180","C","874","1","1","2022-06-24 21:09:51"
"1181","C","875","1","1","2022-06-24 21:09:51"
"1182","C","876","1","1","2022-06-24 21:09:51"
"1183","C","877","1","1","2022-06-24 21:09:51"
"1184","C","878","1","1","2022-06-24 21:09:51"
"1185","C","879","1","1","2022-06-24 21:09:51"
"1186","C","880","1","1","2022-06-24 21:09:51"
"1187","C","881","1","1","2022-06-24 21:09:51"
"1188","C","882","1","1","2022-06-24 21:09:51"
"1189","C","883","1","1","2022-06-24 21:09:51"
"1190","C","884","1","1","2022-06-24 21:09:51"
"1191","C","885","1","1","2022-06-24 21:09:51"
"1192","C","886","1","1","2022-06-24 21:09:51"
"1193","C","887","1","1","2022-06-24 21:09:51"
"1194","C","888","1","1","2022-06-24 21:09:51"
"1195","C","889","1","1","2022-06-24 21:09:51"
"1196","C","890","1","1","2022-06-24 21:09:51"
"1197","C","891","1","1","2022-06-24 21:09:51"
"1198","C","892","1","1","2022-06-24 21:09:51"
"1199","C","893","1","1","2022-06-24 21:09:51"
"1200","C","894","1","1","2022-06-24 21:09:51"
"2797","C","1288","5","10","2026-01-21 10:57:20"
"1202","C","896","1","1","2022-06-24 21:09:51"
"1203","C","897","1","1","2022-06-24 21:09:51"
"1204","C","898","1","1","2022-06-24 21:09:51"
"1205","C","899","1","1","2022-06-24 21:09:51"
"1206","C","900","1","1","2022-06-24 21:09:51"
"1207","C","901","1","1","2022-06-24 21:09:51"
"1208","C","902","1","1","2022-06-24 21:09:51"
"1209","C","903","1","1","2022-06-24 21:09:51"
"1210","C","904","1","1","2022-06-24 21:09:51"
"1211","C","905","1","1","2022-06-24 21:09:51"
"1212","C","906","1","1","2022-06-24 21:09:51"
"1213","C","907","1","1","2022-06-24 21:09:51"
"1214","C","908","1","1","2022-06-24 21:09:51"
"1215","C","909","1","1","2022-06-24 21:09:51"
"1216","C","910","1","1","2022-06-24 21:09:51"
"1217","C","911","1","1","2022-06-24 21:09:51"
"1218","C","912","1","1","2022-06-24 21:09:51"
"1219","C","913","1","1","2022-06-24 21:09:51"
"1220","C","914","1","1","2022-06-24 21:09:51"
"1221","C","915","1","1","2022-06-24 21:09:51"
"1222","C","916","1","1","2022-06-24 21:09:51"
"1223","C","917","1","1","2022-06-24 21:09:51"
"1224","C","918","1","1","2022-06-24 21:09:51"
"1225","C","919","1","1","2022-06-24 21:09:51"
"1226","C","920","1","1","2022-06-24 21:09:51"
"1227","C","921","1","1","2022-06-24 21:09:51"
"1228","C","922","1","1","2022-06-24 21:09:51"
"1229","C","923","1","1","2022-06-24 21:09:51"
"1230","C","924","1","1","2022-06-24 21:09:51"
"1231","C","925","1","1","2022-06-24 21:09:51"
"1232","C","926","1","1","2022-06-24 21:09:51"
"1233","C","927","1","1","2022-06-24 21:09:51"
"1234","C","928","1","1","2022-06-24 21:09:51"
"1235","C","929","1","1","2022-06-24 21:09:51"
"1236","C","930","1","1","2022-06-24 21:09:51"
"1237","C","931","1","1","2022-06-24 21:09:51"
"1238","C","932","1","1","2022-06-24 21:09:51"
"1239","C","933","1","1","2022-06-24 21:09:51"
"1240","C","934","1","1","2022-06-24 21:09:51"
"1241","C","935","1","1","2022-06-24 21:09:51"
"1242","C","936","1","1","2022-06-24 21:09:51"
"1243","C","937","1","1","2022-06-24 21:09:51"
"1244","C","938","1","1","2022-06-24 21:09:51"
"1245","C","939","1","1","2022-06-24 21:09:51"
"1246","C","940","1","1","2022-06-24 21:09:51"
"1247","C","941","1","1","2022-06-24 21:09:51"
"1248","C","942","1","1","2022-06-24 21:09:51"
"1249","C","943","1","1","2022-06-24 21:09:51"
"1250","C","944","1","1","2022-06-24 21:09:51"
"1251","C","945","1","1","2022-06-24 21:09:51"
"1252","C","946","1","1","2022-06-24 21:09:51"
"1253","C","947","1","1","2022-06-24 21:09:51"
"1254","C","948","1","1","2022-06-24 21:09:51"
"1255","C","949","1","1","2022-06-24 21:09:51"
"1256","C","950","1","1","2022-06-24 21:09:51"
"1257","C","951","1","1","2022-06-24 21:09:51"
"1258","C","952","1","1","2022-06-24 21:09:51"
"1259","C","953","1","1","2022-06-24 21:09:51"
"1260","C","954","1","1","2022-06-24 21:09:51"
"1261","C","955","1","1","2022-06-24 21:09:51"
"1262","C","956","1","1","2022-06-24 21:09:51"
"1263","C","957","1","1","2022-06-24 21:09:51"
"1264","C","958","1","1","2022-06-24 21:09:51"
"1265","C","959","1","1","2022-06-24 21:09:51"
"2727","C","1129","5","10","2025-07-31 17:05:44"
"1267","C","961","1","1","2022-06-24 21:09:51"
"1268","C","962","1","1","2022-06-24 21:09:51"
"1269","C","963","1","1","2022-06-24 21:09:51"
"1270","C","964","1","1","2022-06-24 21:09:51"
"1271","C","965","1","1","2022-06-24 21:09:51"
"1272","C","966","1","1","2022-06-24 21:09:51"
"1273","C","967","1","1","2022-06-24 21:09:51"
"1274","C","968","1","1","2022-06-24 21:09:51"
"1275","C","969","1","1","2022-06-24 21:09:51"
"1276","C","970","1","1","2022-06-24 21:09:51"
"1277","C","971","1","1","2022-06-24 21:09:51"
"1278","C","972","1","1","2022-06-24 21:09:51"
"1279","C","973","1","1","2022-06-24 21:09:51"
"1280","C","974","1","1","2022-06-24 21:09:51"
"1281","C","975","1","1","2022-06-24 21:09:51"
"1282","C","976","1","1","2022-06-24 21:09:51"
"1283","C","977","1","1","2022-06-24 21:09:51"
"1284","C","978","1","1","2022-06-24 21:09:51"
"1285","C","979","1","1","2022-06-24 21:09:51"
"1286","C","980","1","1","2022-06-24 21:09:51"
"1287","C","981","1","1","2022-06-24 21:09:51"
"1288","C","982","1","1","2022-06-24 21:09:51"
"1289","C","983","1","1","2022-06-24 21:09:51"
"1290","C","984","1","1","2022-06-24 21:09:51"
"1291","C","985","1","1","2022-06-24 21:09:51"
"1292","C","986","1","1","2022-06-24 21:09:51"
"1293","C","987","1","1","2022-06-24 21:09:51"
"1294","C","988","1","1","2022-06-24 21:09:51"
"1295","C","989","1","1","2022-06-24 21:09:51"
"1296","C","990","1","1","2022-06-24 21:09:51"
"1297","C","991","1","1","2022-06-24 21:09:51"
"1298","C","992","1","1","2022-06-24 21:09:51"
"1299","C","993","1","1","2022-06-24 21:09:51"
"1300","C","994","1","1","2022-06-24 21:09:51"
"1301","C","995","1","1","2022-06-24 21:09:51"
"1302","C","996","1","1","2022-06-24 21:09:51"
"1303","C","997","1","1","2022-06-24 21:09:51"
"1304","C","998","1","1","2022-06-24 21:09:51"
"1305","C","999","1","1","2022-06-24 21:09:51"
"1306","C","1000","1","1","2022-06-24 21:09:51"
"1307","C","1001","1","1","2022-06-24 21:09:51"
"1308","C","1002","1","1","2022-06-24 21:09:51"
"1309","C","1003","1","1","2022-06-24 21:09:51"
"1310","C","1004","1","1","2022-06-24 21:09:51"
"1311","C","1005","1","1","2022-06-24 21:09:51"
"1312","C","1006","1","1","2022-06-24 21:09:51"
"1313","C","1007","1","1","2022-06-24 21:09:51"
"1314","C","1008","1","1","2022-06-24 21:09:51"
"1315","C","1009","1","1","2022-06-24 21:09:51"
"1316","C","1010","1","1","2022-06-24 21:09:51"
"1317","C","1011","1","1","2022-06-24 21:09:51"
"2418","C","1103","5","3","2023-02-22 11:57:39"
"1319","C","1013","1","1","2022-06-24 21:09:51"
"1320","C","1014","1","1","2022-06-24 21:09:51"
"1321","C","1015","1","1","2022-06-24 21:09:51"
"1322","C","1016","1","1","2022-06-24 21:09:51"
"1323","C","1017","1","1","2022-06-24 21:09:51"
"1324","C","1018","1","1","2022-06-24 21:09:51"
"1325","C","1019","1","1","2022-06-24 21:09:51"
"1326","C","1020","1","1","2022-06-24 21:09:51"
"1327","C","1021","1","1","2022-06-24 21:09:51"
"1328","C","1022","1","1","2022-06-24 21:09:51"
"1329","C","1023","1","1","2022-06-24 21:09:51"
"1330","C","1024","1","1","2022-06-24 21:09:51"
"2467","C","1135","5","3","2023-06-05 16:56:58"
"1332","C","1026","1","1","2022-06-24 21:09:51"
"1333","C","1027","1","1","2022-06-24 21:09:51"
"1334","C","1028","1","1","2022-06-24 21:09:51"
"1335","C","1029","1","1","2022-06-24 21:09:51"
"1336","C","1030","1","1","2022-06-24 21:09:51"
"1337","C","1031","1","1","2022-06-24 21:09:51"
"1338","C","1032","1","1","2022-06-24 21:09:51"
"1339","C","1033","1","1","2022-06-24 21:09:51"
"1340","C","1034","1","1","2022-06-24 21:09:51"
"1341","C","1035","1","1","2022-06-24 21:09:51"
"1342","C","1036","1","1","2022-06-24 21:09:51"
"1343","C","1037","1","1","2022-06-24 21:09:51"
"1344","C","1038","1","1","2022-06-24 21:09:51"
"1345","C","1039","1","1","2022-06-24 21:09:51"
"1346","C","1040","1","1","2022-06-24 21:09:51"
"1347","C","1041","1","1","2022-06-24 21:09:51"
"1348","C","1042","1","1","2022-06-24 21:09:51"
"1349","C","1043","1","1","2022-06-24 21:09:51"
"1350","C","1044","1","1","2022-06-24 21:09:51"
"1351","C","1045","1","1","2022-06-24 21:09:51"
"1352","C","1046","1","1","2022-06-24 21:09:51"
"1353","C","1047","1","1","2022-06-24 21:09:51"
"1354","C","1048","1","1","2022-06-24 21:09:51"
"1355","C","1049","1","1","2022-06-24 21:09:51"
"1356","C","1050","1","1","2022-06-24 21:09:51"
"1357","C","1051","1","1","2022-06-24 21:09:51"
"1358","C","1052","1","1","2022-06-24 21:09:51"
"1359","C","1053","1","1","2022-06-24 21:09:51"
"1360","C","1054","1","1","2022-06-24 21:09:51"
"1361","C","1055","1","1","2022-06-24 21:09:51"
"2590","C","1222","5","3","2024-08-05 11:30:48"
"1364","C","1058","1","1","2022-06-24 21:09:51"
"1365","C","1059","1","1","2022-06-24 21:09:51"
"1366","C","1060","1","1","2022-06-24 21:09:51"
"1367","C","1061","1","1","2022-06-24 21:09:51"
"1372","C","1062","5","3","2022-07-20 10:01:35"
"2622","C","1062","5","10","2024-09-24 11:51:23"
"1374","C","1063","5","3","2022-08-03 12:49:54"
"1375","C","1064","5","3","2022-08-04 12:35:54"
"1376","C","1064","5","9","2022-08-04 12:35:59"
"2620","C","1065","5","10","2024-09-24 11:43:43"
"2346","C","1067","2","6","2022-08-25 11:27:35"
"1380","C","2","2","7","2022-08-19 20:32:49"
"1381","C","3","2","7","2022-08-19 20:32:49"
"1382","C","4","2","7","2022-08-19 20:32:49"
"1383","C","5","2","7","2022-08-19 20:32:49"
"1384","C","6","2","7","2022-08-19 20:32:49"
"1385","C","7","2","7","2022-08-19 20:32:49"
"1386","C","8","2","7","2022-08-19 20:32:49"
"1387","C","9","2","7","2022-08-19 20:32:49"
"1388","C","10","2","7","2022-08-19 20:32:49"
"1389","C","11","2","7","2022-08-19 20:32:49"
"1390","C","12","2","7","2022-08-19 20:32:49"
"1391","C","13","2","7","2022-08-19 20:32:49"
"1392","C","14","2","7","2022-08-19 20:32:49"
"1393","C","15","2","7","2022-08-19 20:32:49"
"1394","C","16","2","7","2022-08-19 20:32:49"
"1395","C","17","2","7","2022-08-19 20:32:49"
"1396","C","18","2","7","2022-08-19 20:32:49"
"1397","C","19","2","7","2022-08-19 20:32:49"
"1398","C","20","2","7","2022-08-19 20:32:49"
"1399","C","21","2","7","2022-08-19 20:32:49"
"1400","C","22","2","7","2022-08-19 20:32:49"
"1401","C","23","2","7","2022-08-19 20:32:49"
"1402","C","24","2","7","2022-08-19 20:32:49"
"1403","C","25","2","7","2022-08-19 20:32:49"
"1404","C","26","2","7","2022-08-19 20:32:49"
"1405","C","27","2","7","2022-08-19 20:32:49"
"1406","C","28","2","7","2022-08-19 20:32:49"
"1407","C","29","2","7","2022-08-19 20:32:49"
"1408","C","30","2","7","2022-08-19 20:32:49"
"1409","C","31","2","7","2022-08-19 20:32:49"
"1410","C","32","2","7","2022-08-19 20:32:49"
"1411","C","33","2","7","2022-08-19 20:32:49"
"1412","C","34","2","7","2022-08-19 20:32:49"
"1413","C","35","2","7","2022-08-19 20:32:49"
"1414","C","36","2","7","2022-08-19 20:32:49"
"1415","C","37","2","7","2022-08-19 20:32:49"
"1416","C","38","2","7","2022-08-19 20:32:49"
"1417","C","39","2","7","2022-08-19 20:32:49"
"1418","C","40","2","7","2022-08-19 20:32:49"
"1419","C","41","2","7","2022-08-19 20:32:49"
"1420","C","42","2","7","2022-08-19 20:32:49"
"1421","C","43","2","7","2022-08-19 20:32:49"
"1422","C","44","2","7","2022-08-19 20:32:49"
"1423","C","45","2","7","2022-08-19 20:32:49"
"1424","C","46","2","7","2022-08-19 20:32:49"
"1425","C","47","2","7","2022-08-19 20:32:49"
"1426","C","48","2","7","2022-08-19 20:32:49"
"1427","C","49","2","7","2022-08-19 20:32:49"
"1428","C","50","2","7","2022-08-19 20:32:49"
"1429","C","51","2","7","2022-08-19 20:32:49"
"1430","C","52","2","7","2022-08-19 20:32:49"
"1431","C","53","2","7","2022-08-19 20:32:49"
"1432","C","54","2","7","2022-08-19 20:32:49"
"1433","C","55","2","7","2022-08-19 20:32:49"
"1434","C","56","2","7","2022-08-19 20:32:49"
"1435","C","57","2","7","2022-08-19 20:32:49"
"1436","C","58","2","7","2022-08-19 20:32:49"
"1437","C","59","2","7","2022-08-19 20:32:49"
"1438","C","60","2","7","2022-08-19 20:32:49"
"1439","C","61","2","7","2022-08-19 20:32:49"
"1440","C","62","2","7","2022-08-19 20:32:49"
"1441","C","63","2","7","2022-08-19 20:32:49"
"1442","C","64","2","7","2022-08-19 20:32:49"
"1443","C","65","2","7","2022-08-19 20:32:49"
"1444","C","66","2","7","2022-08-19 20:32:49"
"1445","C","67","2","7","2022-08-19 20:32:49"
"1446","C","68","2","7","2022-08-19 20:32:49"
"1447","C","69","2","7","2022-08-19 20:32:49"
"1448","C","70","2","7","2022-08-19 20:32:49"
"1449","C","71","2","7","2022-08-19 20:32:49"
"1450","C","72","2","7","2022-08-19 20:32:49"
"1451","C","73","2","7","2022-08-19 20:32:49"
"1452","C","74","2","7","2022-08-19 20:32:49"
"1453","C","77","2","7","2022-08-19 20:32:49"
"1454","C","79","2","7","2022-08-19 20:32:49"
"1455","C","80","2","7","2022-08-19 20:32:49"
"1456","C","81","2","7","2022-08-19 20:32:49"
"1457","C","82","2","7","2022-08-19 20:32:49"
"1458","C","83","2","7","2022-08-19 20:32:49"
"1459","C","84","2","7","2022-08-19 20:32:49"
"1460","C","85","2","7","2022-08-19 20:32:49"
"1461","C","87","2","7","2022-08-19 20:32:49"
"1462","C","88","2","7","2022-08-19 20:32:49"
"1463","C","90","2","7","2022-08-19 20:32:49"
"1464","C","91","2","7","2022-08-19 20:32:49"
"1465","C","92","2","7","2022-08-19 20:32:49"
"1466","C","93","2","7","2022-08-19 20:32:49"
"1467","C","94","2","7","2022-08-19 20:32:49"
"1468","C","95","2","7","2022-08-19 20:32:49"
"1469","C","96","2","7","2022-08-19 20:32:49"
"1470","C","98","2","7","2022-08-19 20:32:49"
"1471","C","99","2","7","2022-08-19 20:32:49"
"1472","C","100","2","7","2022-08-19 20:32:49"
"1473","C","101","2","7","2022-08-19 20:32:49"
"1474","C","102","2","7","2022-08-19 20:32:49"
"1475","C","103","2","7","2022-08-19 20:32:49"
"1476","C","104","2","7","2022-08-19 20:32:49"
"1477","C","105","2","7","2022-08-19 20:32:49"
"1478","C","106","2","7","2022-08-19 20:32:49"
"1479","C","107","2","7","2022-08-19 20:32:49"
"1480","C","108","2","7","2022-08-19 20:32:49"
"1481","C","110","2","7","2022-08-19 20:32:49"
"1482","C","111","2","7","2022-08-19 20:32:49"
"1483","C","112","2","7","2022-08-19 20:32:49"
"1484","C","113","2","7","2022-08-19 20:32:49"
"1485","C","114","2","7","2022-08-19 20:32:49"
"1486","C","115","2","7","2022-08-19 20:32:49"
"1487","C","116","2","7","2022-08-19 20:32:49"
"1488","C","117","2","7","2022-08-19 20:32:49"
"1489","C","118","2","7","2022-08-19 20:32:49"
"2717","C","1260","5","3","2025-06-09 12:36:38"
"1491","C","120","2","7","2022-08-19 20:32:49"
"1492","C","121","2","7","2022-08-19 20:32:49"
"1493","C","122","2","7","2022-08-19 20:32:49"
"1494","C","123","2","7","2022-08-19 20:32:49"
"1495","C","124","2","7","2022-08-19 20:32:49"
"1496","C","125","2","7","2022-08-19 20:32:49"
"1497","C","126","2","7","2022-08-19 20:32:49"
"1498","C","127","2","7","2022-08-19 20:32:49"
"1499","C","128","2","7","2022-08-19 20:32:49"
"1500","C","129","2","7","2022-08-19 20:32:49"
"1501","C","130","2","7","2022-08-19 20:32:49"
"1502","C","131","2","7","2022-08-19 20:32:49"
"1503","C","132","2","7","2022-08-19 20:32:49"
"1504","C","133","2","7","2022-08-19 20:32:49"
"1505","C","134","2","7","2022-08-19 20:32:49"
"1506","C","135","2","7","2022-08-19 20:32:49"
"1507","C","136","2","7","2022-08-19 20:32:49"
"1508","C","137","2","7","2022-08-19 20:32:49"
"1509","C","138","2","7","2022-08-19 20:32:49"
"1510","C","139","2","7","2022-08-19 20:32:49"
"1511","C","140","2","7","2022-08-19 20:32:49"
"1512","C","141","2","7","2022-08-19 20:32:49"
"1513","C","145","2","7","2022-08-19 20:32:49"
"1514","C","146","2","7","2022-08-19 20:32:49"
"1515","C","147","2","7","2022-08-19 20:32:49"
"1516","C","148","2","7","2022-08-19 20:32:49"
"1517","C","149","2","7","2022-08-19 20:32:49"
"1518","C","150","2","7","2022-08-19 20:32:49"
"1519","C","151","2","7","2022-08-19 20:32:49"
"1520","C","152","2","7","2022-08-19 20:32:49"
"1521","C","153","2","7","2022-08-19 20:32:49"
"1522","C","154","2","7","2022-08-19 20:32:49"
"1523","C","155","2","7","2022-08-19 20:32:49"
"1524","C","156","2","7","2022-08-19 20:32:49"
"1525","C","157","2","7","2022-08-19 20:32:49"
"1526","C","159","2","7","2022-08-19 20:32:49"
"1527","C","162","2","7","2022-08-19 20:32:49"
"1528","C","163","2","7","2022-08-19 20:32:49"
"1529","C","164","2","7","2022-08-19 20:32:49"
"1530","C","165","2","7","2022-08-19 20:32:49"
"1531","C","166","2","7","2022-08-19 20:32:49"
"1532","C","167","2","7","2022-08-19 20:32:49"
"1533","C","168","2","7","2022-08-19 20:32:49"
"1534","C","169","2","7","2022-08-19 20:32:49"
"1535","C","170","2","7","2022-08-19 20:32:49"
"1536","C","171","2","7","2022-08-19 20:32:49"
"1537","C","172","2","7","2022-08-19 20:32:49"
"1538","C","173","2","7","2022-08-19 20:32:49"
"1539","C","174","2","7","2022-08-19 20:32:49"
"1540","C","175","2","7","2022-08-19 20:32:49"
"1541","C","176","2","7","2022-08-19 20:32:49"
"1542","C","177","2","7","2022-08-19 20:32:49"
"1543","C","178","2","7","2022-08-19 20:32:49"
"1544","C","179","2","7","2022-08-19 20:32:49"
"1545","C","180","2","7","2022-08-19 20:32:49"
"1546","C","181","2","7","2022-08-19 20:32:49"
"1547","C","182","2","7","2022-08-19 20:32:49"
"1548","C","183","2","7","2022-08-19 20:32:49"
"1549","C","184","2","7","2022-08-19 20:32:49"
"1550","C","185","2","7","2022-08-19 20:32:49"
"1551","C","186","2","7","2022-08-19 20:32:49"
"1552","C","187","2","7","2022-08-19 20:32:49"
"1553","C","188","2","7","2022-08-19 20:32:49"
"1554","C","189","2","7","2022-08-19 20:32:49"
"1555","C","190","2","7","2022-08-19 20:32:49"
"1556","C","191","2","7","2022-08-19 20:32:49"
"1557","C","192","2","7","2022-08-19 20:32:49"
"1558","C","193","2","7","2022-08-19 20:32:49"
"1559","C","195","2","7","2022-08-19 20:32:49"
"1560","C","196","2","7","2022-08-19 20:32:49"
"1561","C","197","2","7","2022-08-19 20:32:49"
"1562","C","198","2","7","2022-08-19 20:32:49"
"1563","C","199","2","7","2022-08-19 20:32:49"
"1564","C","200","2","7","2022-08-19 20:32:49"
"1565","C","201","2","7","2022-08-19 20:32:49"
"1566","C","202","2","7","2022-08-19 20:32:49"
"1567","C","203","2","7","2022-08-19 20:32:49"
"1568","C","204","2","7","2022-08-19 20:32:49"
"1569","C","205","2","7","2022-08-19 20:32:49"
"1570","C","206","2","7","2022-08-19 20:32:49"
"1571","C","207","2","7","2022-08-19 20:32:49"
"1572","C","208","2","7","2022-08-19 20:32:49"
"1573","C","209","2","7","2022-08-19 20:32:49"
"1574","C","210","2","7","2022-08-19 20:32:49"
"1575","C","212","2","7","2022-08-19 20:32:49"
"1576","C","213","2","7","2022-08-19 20:32:49"
"1577","C","214","2","7","2022-08-19 20:32:49"
"1578","C","215","2","7","2022-08-19 20:32:49"
"1579","C","216","2","7","2022-08-19 20:32:49"
"1580","C","217","2","7","2022-08-19 20:32:49"
"1581","C","218","2","7","2022-08-19 20:32:49"
"1582","C","219","2","7","2022-08-19 20:32:49"
"1583","C","220","2","7","2022-08-19 20:32:49"
"1584","C","221","2","7","2022-08-19 20:32:49"
"1585","C","222","2","7","2022-08-19 20:32:49"
"1586","C","223","2","7","2022-08-19 20:32:49"
"1587","C","224","2","7","2022-08-19 20:32:49"
"1588","C","225","2","7","2022-08-19 20:32:49"
"1589","C","226","2","7","2022-08-19 20:32:49"
"1590","C","227","2","7","2022-08-19 20:32:49"
"1591","C","228","2","7","2022-08-19 20:32:49"
"1592","C","229","2","7","2022-08-19 20:32:49"
"1593","C","230","2","7","2022-08-19 20:32:49"
"1594","C","231","2","7","2022-08-19 20:32:49"
"1595","C","232","2","7","2022-08-19 20:32:49"
"1596","C","233","2","7","2022-08-19 20:32:49"
"1597","C","234","2","7","2022-08-19 20:32:49"
"1598","C","236","2","7","2022-08-19 20:32:49"
"1599","C","237","2","7","2022-08-19 20:32:49"
"1600","C","238","2","7","2022-08-19 20:32:49"
"1601","C","239","2","7","2022-08-19 20:32:49"
"1602","C","240","2","7","2022-08-19 20:32:49"
"1603","C","241","2","7","2022-08-19 20:32:49"
"1604","C","242","2","7","2022-08-19 20:32:49"
"1605","C","243","2","7","2022-08-19 20:32:49"
"1606","C","245","2","7","2022-08-19 20:32:49"
"1607","C","246","2","7","2022-08-19 20:32:49"
"1608","C","247","2","7","2022-08-19 20:32:49"
"1609","C","249","2","7","2022-08-19 20:32:49"
"1610","C","250","2","7","2022-08-19 20:32:49"
"1611","C","251","2","7","2022-08-19 20:32:49"
"1612","C","252","2","7","2022-08-19 20:32:49"
"1613","C","253","2","7","2022-08-19 20:32:49"
"1614","C","254","2","7","2022-08-19 20:32:49"
"1615","C","255","2","7","2022-08-19 20:32:49"
"1616","C","256","2","7","2022-08-19 20:32:49"
"1617","C","257","2","7","2022-08-19 20:32:49"
"1618","C","258","2","7","2022-08-19 20:32:49"
"1619","C","259","2","7","2022-08-19 20:32:49"
"1620","C","264","2","7","2022-08-19 20:32:49"
"1621","C","266","2","7","2022-08-19 20:32:49"
"1622","C","267","2","7","2022-08-19 20:32:49"
"1623","C","269","2","7","2022-08-19 20:32:49"
"1624","C","271","2","7","2022-08-19 20:32:49"
"1625","C","274","2","7","2022-08-19 20:32:49"
"1626","C","278","2","7","2022-08-19 20:32:49"
"1627","C","279","2","7","2022-08-19 20:32:49"
"1628","C","280","2","7","2022-08-19 20:32:49"
"1629","C","282","2","7","2022-08-19 20:32:49"
"1630","C","283","2","7","2022-08-19 20:32:49"
"1631","C","284","2","7","2022-08-19 20:32:49"
"1632","C","286","2","7","2022-08-19 20:32:49"
"1633","C","288","2","7","2022-08-19 20:32:49"
"1634","C","289","2","7","2022-08-19 20:32:49"
"1635","C","290","2","7","2022-08-19 20:32:49"
"1636","C","292","2","7","2022-08-19 20:32:49"
"1637","C","293","2","7","2022-08-19 20:32:49"
"1638","C","298","2","7","2022-08-19 20:32:49"
"1639","C","299","2","7","2022-08-19 20:32:49"
"1640","C","300","2","7","2022-08-19 20:32:49"
"1641","C","302","2","7","2022-08-19 20:32:49"
"1642","C","304","2","7","2022-08-19 20:32:49"
"1643","C","305","2","7","2022-08-19 20:32:49"
"1644","C","307","2","7","2022-08-19 20:32:49"
"1645","C","313","2","7","2022-08-19 20:32:49"
"1646","C","315","2","7","2022-08-19 20:32:49"
"1647","C","319","2","7","2022-08-19 20:32:49"
"1648","C","322","2","7","2022-08-19 20:32:49"
"1649","C","324","2","7","2022-08-19 20:32:49"
"1650","C","325","2","7","2022-08-19 20:32:49"
"1651","C","326","2","7","2022-08-19 20:32:49"
"1652","C","327","2","7","2022-08-19 20:32:49"
"1653","C","328","2","7","2022-08-19 20:32:49"
"1654","C","329","2","7","2022-08-19 20:32:49"
"1655","C","331","2","7","2022-08-19 20:32:49"
"1656","C","332","2","7","2022-08-19 20:32:49"
"1657","C","333","2","7","2022-08-19 20:32:49"
"1658","C","334","2","7","2022-08-19 20:32:49"
"1659","C","337","2","7","2022-08-19 20:32:49"
"1660","C","338","2","7","2022-08-19 20:32:49"
"1661","C","339","2","7","2022-08-19 20:32:49"
"1662","C","340","2","7","2022-08-19 20:32:49"
"1663","C","343","2","7","2022-08-19 20:32:49"
"1664","C","344","2","7","2022-08-19 20:32:49"
"1665","C","345","2","7","2022-08-19 20:32:49"
"1666","C","346","2","7","2022-08-19 20:32:49"
"1667","C","347","2","7","2022-08-19 20:32:49"
"1668","C","348","2","7","2022-08-19 20:32:49"
"1669","C","349","2","7","2022-08-19 20:32:49"
"1670","C","352","2","7","2022-08-19 20:32:49"
"1671","C","353","2","7","2022-08-19 20:32:49"
"1672","C","354","2","7","2022-08-19 20:32:49"
"1673","C","355","2","7","2022-08-19 20:32:49"
"1674","C","356","2","7","2022-08-19 20:32:49"
"1675","C","357","2","7","2022-08-19 20:32:49"
"1676","C","360","2","7","2022-08-19 20:32:49"
"1677","C","362","2","7","2022-08-19 20:32:49"
"1678","C","365","2","7","2022-08-19 20:32:49"
"1679","C","366","2","7","2022-08-19 20:32:49"
"1680","C","368","2","7","2022-08-19 20:32:49"
"1681","C","369","2","7","2022-08-19 20:32:49"
"1682","C","370","2","7","2022-08-19 20:32:49"
"1683","C","371","2","7","2022-08-19 20:32:49"
"1684","C","375","2","7","2022-08-19 20:32:49"
"1685","C","376","2","7","2022-08-19 20:32:49"
"1686","C","377","2","7","2022-08-19 20:32:49"
"1687","C","380","2","7","2022-08-19 20:32:49"
"1688","C","382","2","7","2022-08-19 20:32:49"
"1689","C","385","2","7","2022-08-19 20:32:49"
"1690","C","391","2","7","2022-08-19 20:32:49"
"1691","C","392","2","7","2022-08-19 20:32:49"
"1692","C","393","2","7","2022-08-19 20:32:49"
"1693","C","397","2","7","2022-08-19 20:32:49"
"1694","C","399","2","7","2022-08-19 20:32:49"
"1695","C","400","2","7","2022-08-19 20:32:49"
"1696","C","401","2","7","2022-08-19 20:32:49"
"1697","C","403","2","7","2022-08-19 20:32:49"
"1698","C","404","2","7","2022-08-19 20:32:49"
"1699","C","405","2","7","2022-08-19 20:32:49"
"1700","C","406","2","7","2022-08-19 20:32:49"
"1701","C","407","2","7","2022-08-19 20:32:49"
"1702","C","408","2","7","2022-08-19 20:32:49"
"1703","C","409","2","7","2022-08-19 20:32:49"
"1704","C","410","2","7","2022-08-19 20:32:49"
"1705","C","411","2","7","2022-08-19 20:32:49"
"1706","C","412","2","7","2022-08-19 20:32:49"
"1707","C","413","2","7","2022-08-19 20:32:49"
"1708","C","414","2","7","2022-08-19 20:32:49"
"1709","C","415","2","7","2022-08-19 20:32:49"
"1710","C","418","2","7","2022-08-19 20:32:49"
"1711","C","419","2","7","2022-08-19 20:32:49"
"1712","C","422","2","7","2022-08-19 20:32:49"
"1713","C","423","2","7","2022-08-19 20:32:49"
"1714","C","424","2","7","2022-08-19 20:32:49"
"1715","C","425","2","7","2022-08-19 20:32:49"
"1716","C","426","2","7","2022-08-19 20:32:49"
"1717","C","427","2","7","2022-08-19 20:32:49"
"1718","C","428","2","7","2022-08-19 20:32:49"
"1719","C","429","2","7","2022-08-19 20:32:49"
"1720","C","430","2","7","2022-08-19 20:32:49"
"1721","C","431","2","7","2022-08-19 20:32:49"
"1722","C","432","2","7","2022-08-19 20:32:49"
"1723","C","433","2","7","2022-08-19 20:32:49"
"1724","C","434","2","7","2022-08-19 20:32:49"
"1725","C","435","2","7","2022-08-19 20:32:49"
"1726","C","436","2","7","2022-08-19 20:32:49"
"1727","C","437","2","7","2022-08-19 20:32:49"
"1728","C","439","2","7","2022-08-19 20:32:49"
"1729","C","440","2","7","2022-08-19 20:32:49"
"1730","C","441","2","7","2022-08-19 20:32:49"
"1731","C","442","2","7","2022-08-19 20:32:49"
"1732","C","443","2","7","2022-08-19 20:32:49"
"1733","C","444","2","7","2022-08-19 20:32:49"
"1734","C","445","2","7","2022-08-19 20:32:49"
"1735","C","446","2","7","2022-08-19 20:32:49"
"1736","C","447","2","7","2022-08-19 20:32:49"
"1737","C","448","2","7","2022-08-19 20:32:49"
"1738","C","449","2","7","2022-08-19 20:32:49"
"1739","C","450","2","7","2022-08-19 20:32:49"
"1740","C","451","2","7","2022-08-19 20:32:49"
"1741","C","452","2","7","2022-08-19 20:32:49"
"1742","C","453","2","7","2022-08-19 20:32:49"
"1743","C","454","2","7","2022-08-19 20:32:49"
"1744","C","456","2","7","2022-08-19 20:32:49"
"1745","C","457","2","7","2022-08-19 20:32:49"
"1746","C","458","2","7","2022-08-19 20:32:49"
"1747","C","459","2","7","2022-08-19 20:32:49"
"1748","C","460","2","7","2022-08-19 20:32:49"
"1749","C","461","2","7","2022-08-19 20:32:49"
"1750","C","462","2","7","2022-08-19 20:32:49"
"1751","C","463","2","7","2022-08-19 20:32:49"
"1752","C","464","2","7","2022-08-19 20:32:49"
"1753","C","465","2","7","2022-08-19 20:32:49"
"1754","C","466","2","7","2022-08-19 20:32:49"
"1755","C","467","2","7","2022-08-19 20:32:49"
"1756","C","468","2","7","2022-08-19 20:32:49"
"1757","C","469","2","7","2022-08-19 20:32:49"
"1758","C","470","2","7","2022-08-19 20:32:49"
"1759","C","471","2","7","2022-08-19 20:32:49"
"1760","C","472","2","7","2022-08-19 20:32:49"
"1761","C","473","2","7","2022-08-19 20:32:49"
"1762","C","474","2","7","2022-08-19 20:32:49"
"1763","C","475","2","7","2022-08-19 20:32:49"
"1764","C","476","2","7","2022-08-19 20:32:49"
"1765","C","477","2","7","2022-08-19 20:32:49"
"1766","C","478","2","7","2022-08-19 20:32:49"
"1767","C","479","2","7","2022-08-19 20:32:49"
"1768","C","480","2","7","2022-08-19 20:32:49"
"1769","C","481","2","7","2022-08-19 20:32:49"
"1770","C","482","2","7","2022-08-19 20:32:49"
"1771","C","483","2","7","2022-08-19 20:32:49"
"1772","C","484","2","7","2022-08-19 20:32:49"
"1773","C","485","2","7","2022-08-19 20:32:49"
"1774","C","486","2","7","2022-08-19 20:32:49"
"1775","C","487","2","7","2022-08-19 20:32:49"
"1776","C","488","2","7","2022-08-19 20:32:49"
"1777","C","489","2","7","2022-08-19 20:32:49"
"1778","C","490","2","7","2022-08-19 20:32:49"
"1779","C","491","2","7","2022-08-19 20:32:49"
"1780","C","492","2","7","2022-08-19 20:32:49"
"1781","C","493","2","7","2022-08-19 20:32:49"
"1782","C","494","2","7","2022-08-19 20:32:49"
"1783","C","495","2","7","2022-08-19 20:32:49"
"1784","C","496","2","7","2022-08-19 20:32:49"
"1785","C","497","2","7","2022-08-19 20:32:49"
"1786","C","498","2","7","2022-08-19 20:32:49"
"1787","C","499","2","7","2022-08-19 20:32:49"
"1788","C","500","2","7","2022-08-19 20:32:49"
"1789","C","501","2","7","2022-08-19 20:32:49"
"1790","C","503","2","7","2022-08-19 20:32:49"
"2353","C","504","2","7","2022-09-05 19:56:08"
"1792","C","505","2","7","2022-08-19 20:32:49"
"1793","C","506","2","7","2022-08-19 20:32:49"
"1794","C","507","2","7","2022-08-19 20:32:49"
"1795","C","508","2","7","2022-08-19 20:32:49"
"1796","C","509","2","7","2022-08-19 20:32:49"
"1797","C","511","2","7","2022-08-19 20:32:49"
"1798","C","512","2","7","2022-08-19 20:32:49"
"1799","C","513","2","7","2022-08-19 20:32:49"
"1800","C","514","2","7","2022-08-19 20:32:49"
"1801","C","515","2","7","2022-08-19 20:32:49"
"1802","C","516","2","7","2022-08-19 20:32:49"
"1803","C","517","2","7","2022-08-19 20:32:49"
"1804","C","518","2","7","2022-08-19 20:32:49"
"1805","C","519","2","7","2022-08-19 20:32:49"
"1806","C","520","2","7","2022-08-19 20:32:49"
"1807","C","521","2","7","2022-08-19 20:32:49"
"1808","C","522","2","7","2022-08-19 20:32:49"
"1809","C","523","2","7","2022-08-19 20:32:49"
"1810","C","524","2","7","2022-08-19 20:32:49"
"1811","C","525","2","7","2022-08-19 20:32:49"
"1812","C","526","2","7","2022-08-19 20:32:49"
"1813","C","527","2","7","2022-08-19 20:32:49"
"1814","C","528","2","7","2022-08-19 20:32:49"
"1815","C","529","2","7","2022-08-19 20:32:49"
"1816","C","530","2","7","2022-08-19 20:32:49"
"1817","C","531","2","7","2022-08-19 20:32:49"
"1818","C","532","2","7","2022-08-19 20:32:49"
"1819","C","533","2","7","2022-08-19 20:32:49"
"1820","C","534","2","7","2022-08-19 20:32:49"
"1821","C","535","2","7","2022-08-19 20:32:49"
"1822","C","536","2","7","2022-08-19 20:32:49"
"1823","C","537","2","7","2022-08-19 20:32:49"
"1824","C","538","2","7","2022-08-19 20:32:49"
"1825","C","539","2","7","2022-08-19 20:32:49"
"1826","C","540","2","7","2022-08-19 20:32:49"
"1827","C","541","2","7","2022-08-19 20:32:49"
"1828","C","542","2","7","2022-08-19 20:32:49"
"1829","C","543","2","7","2022-08-19 20:32:49"
"1830","C","544","2","7","2022-08-19 20:32:49"
"1831","C","545","2","7","2022-08-19 20:32:49"
"1832","C","546","2","7","2022-08-19 20:32:49"
"1833","C","547","2","7","2022-08-19 20:32:49"
"1834","C","548","2","7","2022-08-19 20:32:49"
"1835","C","549","2","7","2022-08-19 20:32:49"
"1836","C","550","2","7","2022-08-19 20:32:49"
"1837","C","551","2","7","2022-08-19 20:32:49"
"1838","C","552","2","7","2022-08-19 20:32:49"
"1839","C","553","2","7","2022-08-19 20:32:49"
"1840","C","554","2","7","2022-08-19 20:32:49"
"1841","C","555","2","7","2022-08-19 20:32:49"
"1842","C","556","2","7","2022-08-19 20:32:49"
"1843","C","557","2","7","2022-08-19 20:32:49"
"1844","C","558","2","7","2022-08-19 20:32:49"
"1845","C","559","2","7","2022-08-19 20:32:49"
"1846","C","560","2","7","2022-08-19 20:32:49"
"1847","C","561","2","7","2022-08-19 20:32:49"
"1848","C","562","2","7","2022-08-19 20:32:49"
"1849","C","563","2","7","2022-08-19 20:32:49"
"1850","C","564","2","7","2022-08-19 20:32:49"
"1851","C","565","2","7","2022-08-19 20:32:49"
"1852","C","566","2","7","2022-08-19 20:32:49"
"1853","C","567","2","7","2022-08-19 20:32:49"
"1854","C","568","2","7","2022-08-19 20:32:49"
"1855","C","569","2","7","2022-08-19 20:32:49"
"1856","C","570","2","7","2022-08-19 20:32:49"
"1857","C","571","2","7","2022-08-19 20:32:49"
"1858","C","572","2","7","2022-08-19 20:32:49"
"1859","C","573","2","7","2022-08-19 20:32:49"
"1860","C","574","2","7","2022-08-19 20:32:49"
"1861","C","575","2","7","2022-08-19 20:32:49"
"1862","C","576","2","7","2022-08-19 20:32:49"
"1863","C","577","2","7","2022-08-19 20:32:49"
"1864","C","578","2","7","2022-08-19 20:32:49"
"1865","C","579","2","7","2022-08-19 20:32:49"
"1866","C","580","2","7","2022-08-19 20:32:49"
"1867","C","581","2","7","2022-08-19 20:32:49"
"1868","C","582","2","7","2022-08-19 20:32:49"
"1869","C","583","2","7","2022-08-19 20:32:49"
"1870","C","584","2","7","2022-08-19 20:32:49"
"1871","C","585","2","7","2022-08-19 20:32:49"
"1872","C","586","2","7","2022-08-19 20:32:49"
"1873","C","587","2","7","2022-08-19 20:32:49"
"1874","C","588","2","7","2022-08-19 20:32:49"
"1875","C","589","2","7","2022-08-19 20:32:49"
"1876","C","590","2","7","2022-08-19 20:32:49"
"1877","C","591","2","7","2022-08-19 20:32:49"
"1878","C","592","2","7","2022-08-19 20:32:49"
"1879","C","593","2","7","2022-08-19 20:32:49"
"1880","C","594","2","7","2022-08-19 20:32:49"
"1881","C","595","2","7","2022-08-19 20:32:49"
"1882","C","596","2","7","2022-08-19 20:32:49"
"1883","C","597","2","7","2022-08-19 20:32:49"
"1884","C","598","2","7","2022-08-19 20:32:49"
"1885","C","599","2","7","2022-08-19 20:32:49"
"1886","C","600","2","7","2022-08-19 20:32:49"
"1887","C","601","2","7","2022-08-19 20:32:49"
"1888","C","602","2","7","2022-08-19 20:32:49"
"1889","C","603","2","7","2022-08-19 20:32:49"
"1890","C","604","2","7","2022-08-19 20:32:49"
"1891","C","605","2","7","2022-08-19 20:32:49"
"1892","C","606","2","7","2022-08-19 20:32:49"
"1893","C","607","2","7","2022-08-19 20:32:49"
"1894","C","608","2","7","2022-08-19 20:32:49"
"1895","C","609","2","7","2022-08-19 20:32:49"
"1896","C","610","2","7","2022-08-19 20:32:49"
"1897","C","611","2","7","2022-08-19 20:32:49"
"1898","C","612","2","7","2022-08-19 20:32:49"
"1899","C","613","2","7","2022-08-19 20:32:49"
"1900","C","614","2","7","2022-08-19 20:32:49"
"1901","C","615","2","7","2022-08-19 20:32:49"
"1902","C","617","2","7","2022-08-19 20:32:49"
"1903","C","618","2","7","2022-08-19 20:32:49"
"1904","C","619","2","7","2022-08-19 20:32:49"
"1905","C","620","2","7","2022-08-19 20:32:49"
"1906","C","621","2","7","2022-08-19 20:32:49"
"1907","C","622","2","7","2022-08-19 20:32:49"
"1908","C","623","2","7","2022-08-19 20:32:49"
"1909","C","624","2","7","2022-08-19 20:32:49"
"1910","C","625","2","7","2022-08-19 20:32:49"
"1911","C","626","2","7","2022-08-19 20:32:49"
"1912","C","627","2","7","2022-08-19 20:32:49"
"1913","C","628","2","7","2022-08-19 20:32:49"
"1914","C","629","2","7","2022-08-19 20:32:49"
"1915","C","630","2","7","2022-08-19 20:32:49"
"1916","C","631","2","7","2022-08-19 20:32:49"
"1917","C","632","2","7","2022-08-19 20:32:49"
"2745","C","1273","5","11","2025-08-22 19:28:02"
"1919","C","634","2","7","2022-08-19 20:32:49"
"1920","C","635","2","7","2022-08-19 20:32:49"
"1921","C","636","2","7","2022-08-19 20:32:49"
"1922","C","637","2","7","2022-08-19 20:32:49"
"1923","C","638","2","7","2022-08-19 20:32:49"
"1924","C","639","2","7","2022-08-19 20:32:49"
"1925","C","640","2","7","2022-08-19 20:32:49"
"1926","C","641","2","7","2022-08-19 20:32:49"
"1927","C","642","2","7","2022-08-19 20:32:49"
"1928","C","643","2","7","2022-08-19 20:32:49"
"1929","C","644","2","7","2022-08-19 20:32:49"
"1930","C","645","2","7","2022-08-19 20:32:49"
"1931","C","646","2","7","2022-08-19 20:32:49"
"1932","C","647","2","7","2022-08-19 20:32:49"
"1933","C","648","2","7","2022-08-19 20:32:49"
"1934","C","649","2","7","2022-08-19 20:32:49"
"1935","C","650","2","7","2022-08-19 20:32:49"
"1936","C","651","2","7","2022-08-19 20:32:49"
"1937","C","652","2","7","2022-08-19 20:32:49"
"1938","C","653","2","7","2022-08-19 20:32:49"
"1939","C","654","2","7","2022-08-19 20:32:49"
"1940","C","655","2","7","2022-08-19 20:32:49"
"1941","C","656","2","7","2022-08-19 20:32:49"
"1942","C","657","2","7","2022-08-19 20:32:49"
"1943","C","658","2","7","2022-08-19 20:32:49"
"1944","C","659","2","7","2022-08-19 20:32:49"
"1945","C","661","2","7","2022-08-19 20:32:49"
"1946","C","662","2","7","2022-08-19 20:32:49"
"1947","C","663","2","7","2022-08-19 20:32:49"
"1948","C","664","2","7","2022-08-19 20:32:49"
"1949","C","665","2","7","2022-08-19 20:32:49"
"1950","C","666","2","7","2022-08-19 20:32:49"
"1951","C","667","2","7","2022-08-19 20:32:49"
"1952","C","668","2","7","2022-08-19 20:32:49"
"1953","C","669","2","7","2022-08-19 20:32:49"
"1954","C","670","2","7","2022-08-19 20:32:49"
"1955","C","671","2","7","2022-08-19 20:32:49"
"1956","C","672","2","7","2022-08-19 20:32:49"
"1957","C","673","2","7","2022-08-19 20:32:49"
"1958","C","674","2","7","2022-08-19 20:32:49"
"1959","C","675","2","7","2022-08-19 20:32:49"
"1960","C","676","2","7","2022-08-19 20:32:49"
"1961","C","677","2","7","2022-08-19 20:32:49"
"1962","C","678","2","7","2022-08-19 20:32:49"
"1963","C","679","2","7","2022-08-19 20:32:49"
"1964","C","680","2","7","2022-08-19 20:32:49"
"2401","C","681","2","7","2022-12-24 11:30:19"
"1966","C","682","2","7","2022-08-19 20:32:49"
"1967","C","683","2","7","2022-08-19 20:32:49"
"1968","C","684","2","7","2022-08-19 20:32:49"
"1969","C","685","2","7","2022-08-19 20:32:49"
"1970","C","686","2","7","2022-08-19 20:32:49"
"1971","C","687","2","7","2022-08-19 20:32:49"
"1972","C","688","2","7","2022-08-19 20:32:49"
"1973","C","689","2","7","2022-08-19 20:32:49"
"1974","C","690","2","7","2022-08-19 20:32:49"
"1975","C","691","2","7","2022-08-19 20:32:49"
"1976","C","692","2","7","2022-08-19 20:32:49"
"1977","C","693","2","7","2022-08-19 20:32:49"
"1978","C","694","2","7","2022-08-19 20:32:49"
"1979","C","695","2","7","2022-08-19 20:32:49"
"1980","C","696","2","7","2022-08-19 20:32:49"
"1981","C","697","2","7","2022-08-19 20:32:49"
"1982","C","698","2","7","2022-08-19 20:32:49"
"1983","C","699","2","7","2022-08-19 20:32:49"
"1984","C","700","2","7","2022-08-19 20:32:49"
"1985","C","701","2","7","2022-08-19 20:32:49"
"1986","C","702","2","7","2022-08-19 20:32:49"
"1987","C","703","2","7","2022-08-19 20:32:49"
"1988","C","704","2","7","2022-08-19 20:32:49"
"1989","C","705","2","7","2022-08-19 20:32:49"
"1990","C","706","2","7","2022-08-19 20:32:49"
"1991","C","707","2","7","2022-08-19 20:32:49"
"1992","C","708","2","7","2022-08-19 20:32:49"
"1993","C","709","2","7","2022-08-19 20:32:49"
"1994","C","710","2","7","2022-08-19 20:32:49"
"1995","C","711","2","7","2022-08-19 20:32:49"
"1996","C","712","2","7","2022-08-19 20:32:49"
"1997","C","713","2","7","2022-08-19 20:32:49"
"1998","C","714","2","7","2022-08-19 20:32:49"
"1999","C","715","2","7","2022-08-19 20:32:49"
"2000","C","716","2","7","2022-08-19 20:32:49"
"2001","C","717","2","7","2022-08-19 20:32:49"
"2002","C","718","2","7","2022-08-19 20:32:49"
"2003","C","719","2","7","2022-08-19 20:32:49"
"2004","C","720","2","7","2022-08-19 20:32:49"
"2005","C","721","2","7","2022-08-19 20:32:49"
"2006","C","722","2","7","2022-08-19 20:32:49"
"2007","C","723","2","7","2022-08-19 20:32:49"
"2008","C","724","2","7","2022-08-19 20:32:49"
"2009","C","725","2","7","2022-08-19 20:32:49"
"2010","C","726","2","7","2022-08-19 20:32:49"
"2388","C","1086","5","9","2022-11-10 21:08:19"
"2012","C","728","2","7","2022-08-19 20:32:49"
"2013","C","729","2","7","2022-08-19 20:32:49"
"2014","C","730","2","7","2022-08-19 20:32:49"
"2015","C","731","2","7","2022-08-19 20:32:49"
"2016","C","732","2","7","2022-08-19 20:32:49"
"2017","C","733","2","7","2022-08-19 20:32:49"
"2018","C","734","2","7","2022-08-19 20:32:49"
"2019","C","735","2","7","2022-08-19 20:32:49"
"2020","C","736","2","7","2022-08-19 20:32:49"
"2021","C","737","2","7","2022-08-19 20:32:49"
"2022","C","739","2","7","2022-08-19 20:32:49"
"2023","C","740","2","7","2022-08-19 20:32:49"
"2024","C","741","2","7","2022-08-19 20:32:49"
"2025","C","742","2","7","2022-08-19 20:32:49"
"2026","C","744","2","7","2022-08-19 20:32:49"
"2027","C","745","2","7","2022-08-19 20:32:49"
"2028","C","746","2","7","2022-08-19 20:32:49"
"2029","C","747","2","7","2022-08-19 20:32:49"
"2030","C","748","2","7","2022-08-19 20:32:49"
"2031","C","749","2","7","2022-08-19 20:32:49"
"2032","C","750","2","7","2022-08-19 20:32:49"
"2033","C","751","2","7","2022-08-19 20:32:49"
"2034","C","752","2","7","2022-08-19 20:32:49"
"2035","C","753","2","7","2022-08-19 20:32:49"
"2036","C","754","2","7","2022-08-19 20:32:49"
"2037","C","755","2","7","2022-08-19 20:32:49"
"2038","C","756","2","7","2022-08-19 20:32:49"
"2039","C","757","2","7","2022-08-19 20:32:49"
"2040","C","758","2","7","2022-08-19 20:32:49"
"2041","C","759","2","7","2022-08-19 20:32:49"
"2042","C","760","2","7","2022-08-19 20:32:49"
"2043","C","761","2","7","2022-08-19 20:32:49"
"2044","C","762","2","7","2022-08-19 20:32:49"
"2045","C","763","2","7","2022-08-19 20:32:49"
"2046","C","764","2","7","2022-08-19 20:32:49"
"2047","C","765","2","7","2022-08-19 20:32:49"
"2048","C","766","2","7","2022-08-19 20:32:49"
"2049","C","767","2","7","2022-08-19 20:32:49"
"2050","C","768","2","7","2022-08-19 20:32:49"
"2051","C","769","2","7","2022-08-19 20:32:49"
"2052","C","770","2","7","2022-08-19 20:32:49"
"2053","C","771","2","7","2022-08-19 20:32:49"
"2054","C","772","2","7","2022-08-19 20:32:49"
"2055","C","773","2","7","2022-08-19 20:32:49"
"2056","C","774","2","7","2022-08-19 20:32:49"
"2057","C","775","2","7","2022-08-19 20:32:49"
"2058","C","776","2","7","2022-08-19 20:32:49"
"2059","C","777","2","7","2022-08-19 20:32:49"
"2060","C","778","2","7","2022-08-19 20:32:49"
"2061","C","779","2","7","2022-08-19 20:32:49"
"2062","C","780","2","7","2022-08-19 20:32:49"
"2063","C","781","2","7","2022-08-19 20:32:49"
"2065","C","783","2","7","2022-08-19 20:32:49"
"2066","C","784","2","7","2022-08-19 20:32:49"
"2067","C","785","2","7","2022-08-19 20:32:49"
"2068","C","787","2","7","2022-08-19 20:32:49"
"2069","C","788","2","7","2022-08-19 20:32:49"
"2070","C","789","2","7","2022-08-19 20:32:49"
"2071","C","790","2","7","2022-08-19 20:32:49"
"2072","C","791","2","7","2022-08-19 20:32:49"
"2073","C","792","2","7","2022-08-19 20:32:49"
"2074","C","793","2","7","2022-08-19 20:32:49"
"2075","C","794","2","7","2022-08-19 20:32:49"
"2076","C","795","2","7","2022-08-19 20:32:49"
"2077","C","796","2","7","2022-08-19 20:32:49"
"2078","C","797","2","7","2022-08-19 20:32:49"
"2079","C","798","2","7","2022-08-19 20:32:49"
"2080","C","799","2","7","2022-08-19 20:32:49"
"2081","C","800","2","7","2022-08-19 20:32:49"
"2082","C","801","2","7","2022-08-19 20:32:49"
"2083","C","802","2","7","2022-08-19 20:32:49"
"2084","C","803","2","7","2022-08-19 20:32:49"
"2085","C","804","2","7","2022-08-19 20:32:49"
"2086","C","805","2","7","2022-08-19 20:32:49"
"2087","C","806","2","7","2022-08-19 20:32:49"
"2088","C","807","2","7","2022-08-19 20:32:49"
"2089","C","808","2","7","2022-08-19 20:32:49"
"2090","C","809","2","7","2022-08-19 20:32:49"
"2091","C","810","2","7","2022-08-19 20:32:49"
"2092","C","811","2","7","2022-08-19 20:32:49"
"2093","C","812","2","7","2022-08-19 20:32:49"
"2094","C","813","2","7","2022-08-19 20:32:49"
"2095","C","814","2","7","2022-08-19 20:32:49"
"2096","C","815","2","7","2022-08-19 20:32:49"
"2097","C","816","2","7","2022-08-19 20:32:49"
"2098","C","817","2","7","2022-08-19 20:32:49"
"2099","C","818","2","7","2022-08-19 20:32:49"
"2100","C","819","2","7","2022-08-19 20:32:49"
"2101","C","820","2","7","2022-08-19 20:32:49"
"2102","C","821","2","7","2022-08-19 20:32:49"
"2103","C","822","2","7","2022-08-19 20:32:49"
"2104","C","823","2","7","2022-08-19 20:32:49"
"2105","C","824","2","7","2022-08-19 20:32:49"
"2106","C","825","2","7","2022-08-19 20:32:49"
"2107","C","826","2","7","2022-08-19 20:32:49"
"2108","C","827","2","7","2022-08-19 20:32:49"
"2109","C","828","2","7","2022-08-19 20:32:49"
"2110","C","829","2","7","2022-08-19 20:32:49"
"2111","C","830","2","7","2022-08-19 20:32:49"
"2112","C","831","2","7","2022-08-19 20:32:49"
"2113","C","832","2","7","2022-08-19 20:32:49"
"2114","C","833","2","7","2022-08-19 20:32:49"
"2714","C","834","1","6","2025-06-09 10:09:15"
"2116","C","835","2","7","2022-08-19 20:32:49"
"2117","C","836","2","7","2022-08-19 20:32:49"
"2118","C","837","2","7","2022-08-19 20:32:49"
"2119","C","839","2","7","2022-08-19 20:32:49"
"2120","C","840","2","7","2022-08-19 20:32:49"
"2121","C","841","2","7","2022-08-19 20:32:49"
"2122","C","842","2","7","2022-08-19 20:32:49"
"2123","C","843","2","7","2022-08-19 20:32:49"
"2124","C","844","2","7","2022-08-19 20:32:49"
"2125","C","845","2","7","2022-08-19 20:32:49"
"2725","C","1264","1","6","2025-07-25 16:33:44"
"2127","C","848","2","7","2022-08-19 20:32:49"
"2128","C","849","2","7","2022-08-19 20:32:49"
"2129","C","850","2","7","2022-08-19 20:32:49"
"2130","C","851","2","7","2022-08-19 20:32:49"
"2131","C","852","2","7","2022-08-19 20:32:49"
"2133","C","854","2","7","2022-08-19 20:32:49"
"2723","C","1263","5","3","2025-07-24 12:56:02"
"2135","C","856","2","7","2022-08-19 20:32:49"
"2136","C","857","2","7","2022-08-19 20:32:49"
"2137","C","858","2","7","2022-08-19 20:32:49"
"2138","C","859","2","7","2022-08-19 20:32:49"
"2139","C","860","2","7","2022-08-19 20:32:49"
"2140","C","861","2","7","2022-08-19 20:32:49"
"2141","C","862","2","7","2022-08-19 20:32:49"
"2142","C","863","2","7","2022-08-19 20:32:49"
"2143","C","864","2","7","2022-08-19 20:32:49"
"2144","C","865","2","7","2022-08-19 20:32:49"
"2145","C","866","2","7","2022-08-19 20:32:49"
"2146","C","867","2","7","2022-08-19 20:32:49"
"2147","C","868","2","7","2022-08-19 20:32:49"
"2148","C","869","2","7","2022-08-19 20:32:49"
"2149","C","870","2","7","2022-08-19 20:32:49"
"2150","C","871","2","7","2022-08-19 20:32:49"
"2151","C","872","2","7","2022-08-19 20:32:49"
"2152","C","873","2","7","2022-08-19 20:32:49"
"2153","C","874","2","7","2022-08-19 20:32:49"
"2154","C","875","2","7","2022-08-19 20:32:49"
"2155","C","876","2","7","2022-08-19 20:32:49"
"2156","C","877","2","7","2022-08-19 20:32:49"
"2157","C","878","2","7","2022-08-19 20:32:49"
"2158","C","879","2","7","2022-08-19 20:32:49"
"2159","C","880","2","7","2022-08-19 20:32:49"
"2160","C","881","2","7","2022-08-19 20:32:49"
"2161","C","882","2","7","2022-08-19 20:32:49"
"2162","C","883","2","7","2022-08-19 20:32:49"
"2163","C","884","2","7","2022-08-19 20:32:49"
"2164","C","885","2","7","2022-08-19 20:32:49"
"2165","C","886","2","7","2022-08-19 20:32:49"
"2166","C","887","2","7","2022-08-19 20:32:49"
"2167","C","888","2","7","2022-08-19 20:32:49"
"2168","C","889","2","7","2022-08-19 20:32:49"
"2169","C","890","2","7","2022-08-19 20:32:49"
"2170","C","891","2","7","2022-08-19 20:32:49"
"2171","C","892","2","7","2022-08-19 20:32:49"
"2172","C","893","2","7","2022-08-19 20:32:49"
"2173","C","894","2","7","2022-08-19 20:32:49"
"2796","C","1297","5","3","2026-01-19 09:55:37"
"2175","C","896","2","7","2022-08-19 20:32:49"
"2176","C","897","2","7","2022-08-19 20:32:49"
"2177","C","898","2","7","2022-08-19 20:32:49"
"2178","C","899","2","7","2022-08-19 20:32:49"
"2179","C","900","2","7","2022-08-19 20:32:49"
"2180","C","901","2","7","2022-08-19 20:32:49"
"2181","C","902","2","7","2022-08-19 20:32:49"
"2182","C","903","2","7","2022-08-19 20:32:49"
"2183","C","904","2","7","2022-08-19 20:32:49"
"2184","C","905","2","7","2022-08-19 20:32:49"
"2185","C","906","2","7","2022-08-19 20:32:49"
"2186","C","907","2","7","2022-08-19 20:32:49"
"2187","C","908","2","7","2022-08-19 20:32:49"
"2188","C","909","2","7","2022-08-19 20:32:49"
"2189","C","910","2","7","2022-08-19 20:32:49"
"2190","C","911","2","7","2022-08-19 20:32:49"
"2191","C","912","2","7","2022-08-19 20:32:49"
"2192","C","913","2","7","2022-08-19 20:32:49"
"2193","C","914","2","7","2022-08-19 20:32:49"
"2194","C","915","2","7","2022-08-19 20:32:49"
"2195","C","916","2","7","2022-08-19 20:32:49"
"2196","C","917","2","7","2022-08-19 20:32:49"
"2197","C","918","2","7","2022-08-19 20:32:49"
"2198","C","919","2","7","2022-08-19 20:32:49"
"2199","C","920","2","7","2022-08-19 20:32:49"
"2376","C","921","2","7","2022-10-18 15:47:22"
"2667","C","1241","5","3","2024-11-20 15:45:53"
"2203","C","924","2","7","2022-08-19 20:32:49"
"2204","C","925","2","7","2022-08-19 20:32:49"
"2205","C","926","2","7","2022-08-19 20:32:49"
"2206","C","927","2","7","2022-08-19 20:32:49"
"2207","C","928","2","7","2022-08-19 20:32:49"
"2208","C","929","2","7","2022-08-19 20:32:49"
"2209","C","930","2","7","2022-08-19 20:32:49"
"2210","C","931","2","7","2022-08-19 20:32:49"
"2211","C","932","2","7","2022-08-19 20:32:49"
"2212","C","933","2","7","2022-08-19 20:32:49"
"2213","C","934","2","7","2022-08-19 20:32:49"
"2214","C","935","2","7","2022-08-19 20:32:49"
"2215","C","936","2","7","2022-08-19 20:32:49"
"2378","C","937","2","7","2022-10-27 20:19:18"
"2217","C","938","2","7","2022-08-19 20:32:49"
"2218","C","939","2","7","2022-08-19 20:32:49"
"2219","C","940","2","7","2022-08-19 20:32:49"
"2220","C","941","2","7","2022-08-19 20:32:49"
"2221","C","942","2","7","2022-08-19 20:32:49"
"2222","C","943","2","7","2022-08-19 20:32:49"
"2223","C","944","2","7","2022-08-19 20:32:49"
"2224","C","945","2","7","2022-08-19 20:32:49"
"2225","C","946","2","7","2022-08-19 20:32:49"
"2226","C","947","2","7","2022-08-19 20:32:49"
"2227","C","948","2","7","2022-08-19 20:32:49"
"2228","C","949","2","7","2022-08-19 20:32:49"
"2229","C","950","2","7","2022-08-19 20:32:49"
"2230","C","951","2","7","2022-08-19 20:32:49"
"2231","C","952","2","7","2022-08-19 20:32:49"
"2232","C","953","2","7","2022-08-19 20:32:49"
"2233","C","954","2","7","2022-08-19 20:32:49"
"2234","C","955","2","7","2022-08-19 20:32:49"
"2235","C","956","2","7","2022-08-19 20:32:49"
"2236","C","957","2","7","2022-08-19 20:32:49"
"2237","C","958","2","7","2022-08-19 20:32:49"
"2238","C","959","2","7","2022-08-19 20:32:49"
"2239","C","960","2","7","2022-08-19 20:32:49"
"2240","C","961","2","7","2022-08-19 20:32:49"
"2241","C","962","2","7","2022-08-19 20:32:49"
"2242","C","963","2","7","2022-08-19 20:32:49"
"2243","C","964","2","7","2022-08-19 20:32:49"
"2245","C","966","2","7","2022-08-19 20:32:49"
"2246","C","967","2","7","2022-08-19 20:32:49"
"2247","C","968","2","7","2022-08-19 20:32:49"
"2248","C","969","2","7","2022-08-19 20:32:49"
"2249","C","970","2","7","2022-08-19 20:32:49"
"2250","C","971","2","7","2022-08-19 20:32:49"
"2251","C","972","2","7","2022-08-19 20:32:49"
"2252","C","973","2","7","2022-08-19 20:32:49"
"2580","C","1216","5","9","2024-05-21 12:43:18"
"2254","C","975","2","7","2022-08-19 20:32:49"
"2255","C","976","2","7","2022-08-19 20:32:49"
"2256","C","977","2","7","2022-08-19 20:32:49"
"2257","C","978","2","7","2022-08-19 20:32:49"
"2258","C","979","2","7","2022-08-19 20:32:49"
"2259","C","980","2","7","2022-08-19 20:32:49"
"2260","C","981","2","7","2022-08-19 20:32:49"
"2261","C","982","2","7","2022-08-19 20:32:49"
"2262","C","983","2","7","2022-08-19 20:32:49"
"2263","C","984","2","7","2022-08-19 20:32:49"
"2264","C","985","2","7","2022-08-19 20:32:49"
"2265","C","986","2","7","2022-08-19 20:32:49"
"2266","C","987","2","7","2022-08-19 20:32:49"
"2267","C","988","2","7","2022-08-19 20:32:49"
"2268","C","989","2","7","2022-08-19 20:32:49"
"2269","C","990","2","7","2022-08-19 20:32:49"
"2270","C","991","2","7","2022-08-19 20:32:49"
"2271","C","992","2","7","2022-08-19 20:32:49"
"2272","C","993","2","7","2022-08-19 20:32:49"
"2273","C","994","2","7","2022-08-19 20:32:49"
"2274","C","995","2","7","2022-08-19 20:32:49"
"2275","C","996","2","7","2022-08-19 20:32:49"
"2276","C","997","2","7","2022-08-19 20:32:49"
"2277","C","998","2","7","2022-08-19 20:32:49"
"2278","C","999","2","7","2022-08-19 20:32:49"
"2279","C","1000","2","7","2022-08-19 20:32:49"
"2280","C","1001","2","7","2022-08-19 20:32:49"
"2281","C","1002","2","7","2022-08-19 20:32:49"
"2282","C","1003","2","7","2022-08-19 20:32:49"
"2283","C","1004","2","7","2022-08-19 20:32:49"
"2284","C","1005","2","7","2022-08-19 20:32:49"
"2285","C","1006","2","7","2022-08-19 20:32:49"
"2286","C","1007","2","7","2022-08-19 20:32:49"
"2287","C","1008","2","7","2022-08-19 20:32:49"
"2288","C","1009","2","7","2022-08-19 20:32:49"
"2289","C","1010","2","7","2022-08-19 20:32:49"
"2290","C","1011","2","7","2022-08-19 20:32:49"
"2291","C","1012","2","7","2022-08-19 20:32:49"
"2292","C","1013","2","7","2022-08-19 20:32:49"
"2293","C","1014","2","7","2022-08-19 20:32:49"
"2294","C","1015","2","7","2022-08-19 20:32:49"
"2295","C","1016","2","7","2022-08-19 20:32:49"
"2296","C","1017","2","7","2022-08-19 20:32:49"
"2297","C","1018","2","7","2022-08-19 20:32:49"
"2298","C","1019","2","7","2022-08-19 20:32:49"
"2299","C","1020","2","7","2022-08-19 20:32:49"
"2300","C","1021","2","7","2022-08-19 20:32:49"
"2301","C","1022","2","7","2022-08-19 20:32:49"
"2302","C","1023","2","7","2022-08-19 20:32:49"
"2303","C","1024","2","7","2022-08-19 20:32:49"
"2304","C","1025","2","7","2022-08-19 20:32:49"
"2305","C","1026","2","7","2022-08-19 20:32:49"
"2306","C","1027","2","7","2022-08-19 20:32:49"
"2307","C","1028","2","7","2022-08-19 20:32:49"
"2308","C","1029","2","7","2022-08-19 20:32:49"
"2309","C","1030","2","7","2022-08-19 20:32:49"
"2310","C","1031","2","7","2022-08-19 20:32:49"
"2311","C","1032","2","7","2022-08-19 20:32:49"
"2312","C","1033","2","7","2022-08-19 20:32:49"
"2313","C","1034","2","7","2022-08-19 20:32:49"
"2314","C","1035","2","7","2022-08-19 20:32:49"
"2315","C","1036","2","7","2022-08-19 20:32:49"
"2316","C","1037","2","7","2022-08-19 20:32:49"
"2317","C","1038","2","7","2022-08-19 20:32:49"
"2318","C","1039","2","7","2022-08-19 20:32:49"
"2319","C","1040","2","7","2022-08-19 20:32:49"
"2320","C","1041","2","7","2022-08-19 20:32:49"
"2321","C","1042","2","7","2022-08-19 20:32:49"
"2322","C","1043","2","7","2022-08-19 20:32:49"
"2323","C","1044","2","7","2022-08-19 20:32:49"
"2324","C","1045","2","7","2022-08-19 20:32:49"
"2325","C","1046","2","7","2022-08-19 20:32:49"
"2326","C","1047","2","7","2022-08-19 20:32:49"
"2327","C","1048","2","7","2022-08-19 20:32:49"
"2328","C","1049","2","7","2022-08-19 20:32:49"
"2329","C","1050","2","7","2022-08-19 20:32:49"
"2330","C","1051","2","7","2022-08-19 20:32:49"
"2331","C","1052","2","7","2022-08-19 20:32:49"
"2332","C","1053","2","7","2022-08-19 20:32:49"
"2333","C","1054","2","7","2022-08-19 20:32:49"
"2334","C","1055","2","7","2022-08-19 20:32:49"
"2336","C","1057","2","7","2022-08-19 20:32:49"
"2337","C","1058","2","7","2022-08-19 20:32:49"
"2338","C","1059","2","7","2022-08-19 20:32:49"
"2339","C","1060","2","7","2022-08-19 20:32:49"
"2340","C","1061","2","7","2022-08-19 20:32:49"
"2341","C","1062","2","7","2022-08-19 20:32:49"
"2342","C","1063","2","7","2022-08-19 20:32:49"
"2343","C","1064","2","7","2022-08-19 20:32:49"
"2344","C","1065","2","7","2022-08-19 20:32:49"
"2345","C","1066","2","7","2022-08-19 20:32:49"
"2369","C","1080","5","3","2022-10-04 10:34:34"
"2370","C","1081","5","3","2022-10-04 11:05:00"
"2371","C","1082","5","3","2022-10-04 11:53:09"
"2372","C","849","5","3","2022-10-04 12:40:53"
"2373","C","1083","2","7","2022-10-13 15:42:46"
"2374","C","1084","5","9","2022-10-17 10:14:18"
"2375","C","939","5","3","2022-10-17 12:44:12"
"2568","C","1085","2","7","2024-03-03 13:24:21"
"2380","C","1086","1","1","2022-11-03 11:57:24"
"2381","C","1086","2","7","2022-11-03 11:57:54"
"2382","C","1086","5","3","2022-11-03 11:58:23"
"2629","C","727","5","10","2024-09-24 11:58:01"
"2385","C","1087","5","3","2022-11-04 19:10:21"
"2386","C","1083","5","3","2022-11-07 16:50:26"
"2618","C","1088","5","3","2024-09-22 20:03:13"
"2391","C","1085","5","3","2022-11-22 10:39:55"
"2639","C","1005","5","10","2024-09-24 12:11:40"
"2393","C","1089","5","3","2022-11-22 10:57:43"
"2396","C","1090","5","3","2022-11-24 15:58:07"
"2398","C","1091","5","3","2022-12-12 09:49:34"
"2651","C","1023","5","10","2024-09-24 12:28:01"
"2624","C","1092","5","10","2024-09-24 11:52:41"
"2626","C","1093","5","10","2024-09-24 11:54:38"
"2623","C","902","5","10","2024-09-24 11:52:00"
"2643","C","892","5","10","2024-09-24 12:22:48"
"2406","C","1094","5","3","2023-01-26 15:03:35"
"2407","C","1095","5","3","2023-01-27 16:22:42"
"2408","C","1096","5","3","2023-01-27 16:38:33"
"2409","C","1097","5","3","2023-01-30 18:38:38"
"2642","C","1234","5","10","2024-09-24 12:22:15"
"2411","C","1099","5","9","2023-02-06 14:36:54"
"2412","C","1099","5","3","2023-02-06 14:36:56"
"2413","C","1100","5","9","2023-02-06 16:22:37"
"2414","C","1100","1","1","2023-02-06 16:22:55"
"2415","C","1101","5","3","2023-02-08 13:32:11"
"2416","C","1102","5","3","2023-02-16 11:09:59"
"2419","C","1104","5","3","2023-02-22 12:31:17"
"2421","C","1105","5","3","2023-02-24 17:45:25"
"2422","C","1106","5","3","2023-02-27 11:43:57"
"2423","C","1107","5","3","2023-02-27 15:40:53"
"2424","C","1108","5","3","2023-02-27 16:42:49"
"2425","C","1109","5","3","2023-03-03 14:47:11"
"2426","C","1110","5","3","2023-03-08 13:43:12"
"2427","C","1111","5","3","2023-03-22 16:28:38"
"2428","C","1112","5","3","2023-03-23 13:57:14"
"2429","C","1113","5","3","2023-03-23 14:05:24"
"2430","C","1114","5","3","2023-03-23 14:13:57"
"2431","C","1115","5","3","2023-03-23 14:30:41"
"2551","C","1116","5","3","2024-02-09 19:18:23"
"2433","C","1117","5","3","2023-04-03 18:47:14"
"2649","C","1026","5","10","2024-09-24 12:26:49"
"2435","C","1119","5","3","2023-04-05 17:00:27"
"2436","C","1120","5","3","2023-04-05 17:05:17"
"2437","C","1121","5","3","2023-04-13 11:59:13"
"2462","C","1098","5","3","2023-05-24 16:30:12"
"2439","C","1122","5","3","2023-04-19 11:40:46"
"2440","C","1123","5","3","2023-04-21 13:25:28"
"2441","C","1124","5","3","2023-04-24 11:42:43"
"2442","C","1125","5","3","2023-04-24 12:14:58"
"2443","C","1126","5","3","2023-04-27 11:19:28"
"2444","C","1127","5","3","2023-04-27 14:45:19"
"2445","C","1128","5","3","2023-04-27 14:48:18"
"2446","C","1129","5","3","2023-04-28 15:50:44"
"2447","C","1130","5","3","2023-05-03 09:53:15"
"2448","C","1131","5","3","2023-05-03 16:39:19"
"2452","C","234","1","9","2023-05-05 21:26:02"
"2461","C","655","5","3","2023-05-18 10:52:27"
"2457","C","1096","1","1","2023-05-10 13:35:14"
"2464","C","1132","5","3","2023-05-24 16:37:01"
"2465","C","1133","5","3","2023-06-02 17:31:32"
"2466","C","1134","5","3","2023-06-02 18:13:58"
"2468","C","1136","5","3","2023-06-07 14:48:49"
"2469","C","1137","5","3","2023-06-07 15:17:45"
"2656","C","1138","5","10","2024-09-24 12:31:57"
"2471","C","1139","5","3","2023-06-08 20:16:49"
"2472","C","1132","5","9","2023-06-09 13:03:30"
"2473","C","1140","5","3","2023-06-09 15:22:57"
"2474","C","1141","5","3","2023-06-14 09:11:32"
"2476","C","1142","5","3","2023-06-22 20:15:51"
"2477","C","1143","5","3","2023-06-26 13:40:38"
"2479","C","1144","2","7","2023-06-28 20:39:31"
"2480","C","1145","5","3","2023-06-29 19:02:51"
"2481","C","1146","5","3","2023-07-05 12:50:52"
"2482","C","1146","5","9","2023-07-05 12:50:56"
"2483","C","1147","5","3","2023-07-12 13:59:15"
"2484","C","1148","5","3","2023-07-13 10:15:37"
"2485","C","1149","4","3","2023-07-13 10:42:10"
"2486","C","1150","5","3","2023-07-13 14:01:14"
"2634","C","1091","5","10","2024-09-24 12:08:14"
"2491","C","1151","5","3","2023-07-18 17:12:05"
"2492","C","1152","5","9","2023-07-20 10:46:12"
"2493","C","1153","5","3","2023-07-20 11:26:12"
"2494","C","1154","5","3","2023-07-20 13:44:45"
"2655","C","1090","5","10","2024-09-24 12:31:20"
"2496","C","990","5","9","2023-07-28 12:28:55"
"2497","C","1155","5","9","2023-07-31 16:44:42"
"2498","C","1156","5","3","2023-08-01 14:06:38"
"2499","C","1157","5","9","2023-08-07 10:49:55"
"2500","C","1158","5","9","2023-08-07 10:52:23"
"2501","C","828","5","9","2023-08-07 10:53:18"
"2502","C","1159","5","3","2023-08-17 15:14:01"
"2653","C","1137","5","10","2024-09-24 12:29:22"
"2504","C","1160","5","3","2023-08-18 13:13:28"
"2644","C","999","5","10","2024-09-24 12:23:40"
"2506","C","1161","5","3","2023-08-30 13:35:43"
"2507","C","1162","5","3","2023-08-30 18:01:11"
"2509","C","1163","5","3","2023-09-06 11:08:09"
"2510","C","1164","5","3","2023-09-08 13:59:06"
"2512","C","1165","5","3","2023-09-13 16:29:47"
"2513","C","1166","5","3","2023-09-25 16:19:07"
"2514","C","1167","5","3","2023-10-20 12:50:50"
"2515","C","1167","5","9","2023-10-20 12:50:54"
"2516","C","1168","5","9","2023-10-25 17:45:03"
"2517","C","1169","5","3","2023-10-26 16:03:46"
"2518","C","1170","5","9","2023-11-21 09:32:15"
"2519","C","1171","5","3","2023-11-22 18:10:03"
"2520","C","1172","5","3","2023-11-24 19:50:35"
"2521","C","504","1","6","2023-12-20 11:52:32"
"2522","C","269","1","6","2023-12-20 11:56:18"
"2523","C","1088","1","6","2023-12-20 12:16:29"
"2524","C","92","1","6","2023-12-20 12:27:15"
"2652","C","961","5","10","2024-09-24 12:28:45"
"2527","C","1174","5","3","2024-01-05 12:52:46"
"2528","C","1175","5","3","2024-01-05 12:56:57"
"2529","C","1176","5","3","2024-01-10 14:26:21"
"2530","C","1177","5","3","2024-01-11 14:04:02"
"2531","C","1178","5","3","2024-01-13 11:38:19"
"2532","C","1179","5","3","2024-01-15 12:26:45"
"2533","C","1180","5","3","2024-01-15 12:41:03"
"2534","C","1182","5","3","2024-01-15 14:06:37"
"2535","C","437","5","3","2024-01-16 10:50:06"
"2536","C","1183","5","3","2024-01-16 10:55:18"
"2537","C","1093","5","3","2024-01-16 10:56:09"
"2538","C","125","5","3","2024-01-17 13:10:45"
"2539","C","1184","5","3","2024-01-17 13:14:43"
"2540","C","1185","5","3","2024-01-18 13:02:31"
"2541","C","1186","5","3","2024-01-18 13:44:21"
"2542","C","1187","5","3","2024-01-19 13:26:44"
"2543","C","1188","5","3","2024-01-22 10:17:44"
"2544","C","1189","5","3","2024-01-23 12:56:23"
"2545","C","1190","5","3","2024-01-24 09:47:35"
"2546","C","39","5","3","2024-01-25 15:35:26"
"2547","C","667","5","3","2024-01-25 15:35:42"
"2548","C","1191","5","3","2024-01-26 13:45:56"
"2549","C","1192","5","3","2024-01-29 12:18:18"
"2550","C","9","5","3","2024-02-02 12:37:44"
"2552","C","1193","5","3","2024-02-14 12:22:37"
"2553","C","1194","5","3","2024-02-14 15:21:24"
"2555","C","1195","5","3","2024-02-14 17:34:22"
"2556","C","1196","5","3","2024-02-15 12:48:41"
"2557","C","1197","5","3","2024-02-15 13:28:32"
"2558","C","1198","5","3","2024-02-19 16:46:53"
"2559","C","1199","5","3","2024-02-21 13:15:07"
"2560","C","1200","5","3","2024-02-21 15:28:00"
"2561","C","1201","5","3","2024-02-22 14:43:17"
"2562","C","1202","2","7","2024-02-22 14:54:50"
"2563","C","1203","5","3","2024-02-22 16:44:06"
"2564","C","1204","5","3","2024-02-23 11:52:24"
"2565","C","1205","5","3","2024-02-27 10:21:01"
"2566","C","1084","5","3","2024-02-29 11:16:39"
"2567","C","1077","5","3","2024-02-29 11:16:58"
"2569","C","1206","2","7","2024-03-03 13:24:51"
"2570","C","1207","5","3","2024-03-08 14:21:34"
"2571","C","1208","5","3","2024-03-12 10:33:08"
"2572","C","1209","5","3","2024-03-14 15:57:05"
"2573","C","1210","5","3","2024-03-14 16:01:07"
"2575","C","1211","5","3","2024-04-04 13:43:50"
"2576","C","1212","5","3","2024-04-15 18:40:17"
"2577","C","1213","5","3","2024-04-16 12:13:27"
"2578","C","1214","5","3","2024-04-24 16:09:17"
"2579","C","1215","5","3","2024-05-16 10:28:04"
"2584","C","1218","5","3","2024-06-18 14:16:36"
"2582","C","1217","5","3","2024-05-21 15:43:19"
"2585","C","1219","5","3","2024-06-19 09:54:19"
"2586","C","1089","5","9","2024-07-04 15:54:00"
"2587","C","1220","5","3","2024-07-05 11:49:14"
"2588","C","1221","5","3","2024-07-10 09:32:43"
"2589","C","974","2","7","2024-07-15 14:30:18"
"2591","C","1223","5","3","2024-08-06 07:36:54"
"2592","C","1224","5","3","2024-08-18 12:56:51"
"2593","C","1224","5","9","2024-08-18 12:56:57"
"2594","C","1225","5","3","2024-08-19 17:13:12"
"2595","C","1226","5","3","2024-08-21 15:10:57"
"2640","C","1227","5","10","2024-09-24 12:12:40"
"2598","C","1222","5","9","2024-08-27 11:18:40"
"2599","C","1228","5","3","2024-08-28 10:15:32"
"2600","C","1229","5","3","2024-08-28 12:06:24"
"2601","C","1177","2","7","2024-09-06 13:38:38"
"2621","C","843","5","10","2024-09-24 11:50:30"
"2645","C","1118","5","10","2024-09-24 12:24:21"
"2657","C","1130","5","10","2024-09-24 12:32:29"
"2659","C","1235","5","3","2024-09-25 13:00:53"
"2660","C","1236","5","3","2024-09-25 18:21:55"
"2661","C","1237","5","3","2024-10-23 15:04:25"
"2662","C","892","5","9","2024-10-28 13:28:52"
"2663","C","1238","5","3","2024-11-05 10:44:40"
"2664","C","1239","5","3","2024-11-06 10:50:27"
"2665","C","1240","5","3","2024-11-06 12:51:10"
"2666","C","923","2","11","2024-11-06 17:55:40"
"2669","C","1242","5","3","2024-11-26 17:06:30"
"2670","C","1243","5","3","2024-12-03 08:18:04"
"2695","C","123","1","6","2025-04-30 11:11:01"
"2673","C","1244","5","3","2024-12-23 10:32:22"
"2675","C","1245","5","3","2025-01-28 12:11:22"
"2676","C","1245","5","10","2025-01-28 12:11:28"
"2680","C","1246","5","3","2025-02-14 13:29:31"
"2803","C","893","5","10","2026-01-27 14:00:22"
"2681","C","1105","5","10","2025-02-17 09:17:41"
"2682","C","1071","5","9","2025-03-12 16:00:58"
"2683","C","879","5","9","2025-03-12 16:06:55"
"2684","C","1074","5","10","2025-03-14 11:47:06"
"2685","C","944","5","10","2025-03-17 17:42:33"
"2686","C","1247","5","3","2025-03-18 15:23:15"
"2687","C","760","5","3","2025-03-25 15:56:51"
"2688","C","1248","5","3","2025-03-25 16:01:18"
"2689","C","979","5","9","2025-04-04 14:45:59"
"2690","C","1249","5","10","2025-04-09 13:21:06"
"2691","C","123","1","1","2025-04-16 11:38:29"
"2692","C","1072","5","10","2025-04-21 18:10:22"
"2693","C","1073","5","10","2025-04-21 18:10:47"
"2694","C","1250","5","3","2025-04-28 17:17:53"
"2696","C","594","1","6","2025-04-30 11:18:04"
"2697","C","1251","5","3","2025-05-12 14:50:16"
"2698","C","1094","5","10","2025-05-12 14:52:49"
"2699","C","1252","5","10","2025-05-15 17:34:45"
"2700","C","1253","5","3","2025-05-15 17:42:49"
"2701","C","1254","5","3","2025-05-19 17:12:08"
"2702","C","1255","1","1","2025-05-22 09:00:25"
"2703","C","1130","1","1","2025-05-22 11:20:04"
"2704","C","1256","1","6","2025-05-23 13:55:46"
"2705","C","695","1","6","2025-05-28 12:31:35"
"2706","C","1258","5","10","2025-05-29 12:55:56"
"2708","C","1232","5","9","2025-05-29 16:41:22"
"2709","C","1152","1","1","2025-06-04 10:49:17"
"2710","C","826","1","6","2025-06-04 17:45:41"
"2711","C","895","1","6","2025-06-04 17:51:35"
"2718","C","1261","5","3","2025-06-09 12:49:53"
"2726","C","1265","5","11","2025-07-31 16:47:56"
"2728","C","96","5","10","2025-08-01 14:42:58"
"2743","C","147","5","11","2025-08-22 19:25:20"
"2733","C","176","5","11","2025-08-22 15:53:11"
"2735","C","1266","5","11","2025-08-22 15:59:01"
"2736","C","1268","5","11","2025-08-22 16:14:10"
"2744","C","633","5","10","2025-08-22 19:27:04"
"2742","C","1233","5","10","2025-08-22 16:39:51"
"2746","C","1274","5","11","2025-08-22 19:28:48"
"2747","C","1152","5","11","2025-08-24 12:00:14"
"2748","C","869","5","11","2025-08-24 12:00:31"
"2749","C","976","5","11","2025-08-24 12:00:47"
"2750","C","840","5","11","2025-08-24 12:01:10"
"2751","C","961","5","11","2025-08-24 12:01:32"
"2752","C","894","5","11","2025-08-24 12:01:51"
"2753","C","891","5","11","2025-08-24 12:02:13"
"2754","C","1048","5","11","2025-08-24 12:02:31"
"2755","C","1275","5","11","2025-08-24 12:03:16"
"2756","C","745","5","11","2025-08-24 12:04:17"
"2757","C","1121","5","11","2025-08-24 12:05:35"
"2758","C","1279","5","11","2025-08-24 12:10:50"
"2759","C","903","5","11","2025-09-01 13:31:32"
"2760","C","917","5","11","2025-09-01 13:32:09"
"2761","C","1271","5","11","2025-09-01 13:33:12"
"2762","C","1057","5","11","2025-09-01 13:33:37"
"2763","C","1231","5","11","2025-09-01 13:34:28"
"2764","C","1129","5","11","2025-09-01 13:34:54"
"2765","C","1276","5","11","2025-09-01 13:35:30"
"2766","C","1277","5","11","2025-09-01 13:36:03"
"2767","C","1278","5","11","2025-09-01 13:37:18"
"2768","C","1272","5","11","2025-09-01 13:37:49"
"2769","C","1280","5","11","2025-09-01 13:45:49"
"2770","C","1281","5","11","2025-09-01 18:29:10"
"2771","C","1282","5","11","2025-09-01 18:33:02"
"2772","C","1283","5","11","2025-09-02 12:38:24"
"2773","C","1086","5","11","2025-09-05 20:28:27"
"2808","C","1294","5","3","2026-03-25 13:18:53"
"2775","C","1284","5","3","2025-09-12 15:30:22"
"2776","C","1285","1","6","2025-09-15 22:30:27"
"2777","C","1286","5","10","2025-09-16 16:01:13"
"2778","C","955","5","10","2025-09-23 14:50:57"
"2779","C","1287","1","1","2025-10-02 15:03:17"
"2780","C","1288","1","6","2025-10-16 11:40:22"
"2781","C","1042","5","11","2025-10-16 11:44:31"
"2782","C","1036","5","11","2025-10-16 11:45:06"
"2783","C","1289","5","11","2025-10-16 11:49:21"
"2784","C","103","1","6","2025-10-21 11:58:20"
"2785","C","1290","5","3","2025-10-24 15:25:26"
"2786","C","1291","5","11","2025-10-30 08:56:06"
"2787","C","1292","1","6","2025-10-30 20:06:03"
"2788","C","152","1","6","2025-11-14 12:35:40"
"2789","C","860","5","11","2025-12-01 11:23:22"
"2790","C","843","5","11","2025-12-01 11:24:18"
"2791","C","1294","5","11","2025-12-01 11:32:36"
"2792","C","1295","5","10","2025-12-01 13:42:52"
"2793","C","1232","5","11","2025-12-01 14:16:00"
"2794","C","1296","1","6","2025-12-09 12:18:33"
"2798","C","1298","5","3","2026-01-21 12:25:49"
"2809","C","1299","5","10","2026-04-08 17:05:12"
"2801","C","1300","5","10","2026-01-27 13:13:17"
"2802","C","893","5","9","2026-01-27 13:43:23"
"2806","C","910","5","10","2026-02-25 10:34:20"
"2805","C","1302","5","3","2026-02-25 10:33:59"
"2807","C","1303","5","3","2026-02-27 14:28:39"
"2810","C","1304","5","3","2026-04-10 12:00:48"
"2811","C","1305","5","10","2026-04-13 14:21:52"
"2814","C","1302","1","1","2026-04-30 14:18:21"
"2816","C","1349","1","2","2026-04-30 15:18:20"
"2817","C","1306","1","1","2026-05-05 16:09:08"
"2818","C","1337","1","1","2026-05-05 16:12:58"
"2819","C","1307","1","1","2026-05-05 16:13:07"
"2820","C","1308","1","1","2026-05-05 16:13:14"
"2821","C","1343","1","1","2026-05-05 16:13:48"
"2822","C","1309","1","1","2026-05-05 16:13:56"
"2823","C","1310","1","1","2026-05-05 16:14:03"
"2824","C","1338","1","1","2026-05-05 16:14:10"
"2825","C","1311","1","1","2026-05-05 16:14:17"
"2826","C","1312","1","1","2026-05-05 16:14:23"
"2827","C","1313","1","1","2026-05-05 16:14:29"
"2828","C","1314","1","1","2026-05-05 16:14:34"
"2829","C","1315","1","1","2026-05-05 16:14:48"
"2830","C","1316","1","1","2026-05-05 16:14:53"
"2831","C","1317","1","1","2026-05-05 16:14:58"
"2832","C","1318","1","1","2026-05-05 16:15:03"
"2833","C","1319","1","1","2026-05-05 16:15:07"
"2834","C","1320","1","1","2026-05-05 16:15:12"
"2835","C","1322","1","1","2026-05-05 16:15:16"
"2836","C","1329","1","1","2026-05-05 16:15:21"
"2837","C","1324","1","1","2026-05-05 16:15:26"
"2838","C","1325","1","1","2026-05-05 16:15:30"
"2839","C","1326","1","1","2026-05-05 16:15:38"
"2840","C","1330","1","1","2026-05-05 16:15:44"
