"Idsubbcra","Numero","Fecha","Periodo","IdEstado","Id_Cliente","cantidad","valor","plazo","fec_vto","IdTipo_Doc","IdReferencia","observacion","Imp_Comi_Uni","Imp_Comi_Do","TCambio","Impor_Comi","factura_id","pto_vta","Fac_Nro","Feccre","usucre","fecultmod","usuultmod","vendedor_id","sub_hijo","idsubpad"
"1","1","2019-11-23",,"31","909","0","4477.5","1","2019-12-23","1","29",,,,,"4477.5","2509","2","2304","2019-11-20 10:09:05","1","2019-11-21 22:13:05","1",,"9",
"2","2","2019-11-30",,"31","910","0","4488.75","1","2019-12-30","1","29",,,,,"4488.75","2516","2","2311","2019-11-20 10:10:14","1","2019-12-02 23:15:49","1",,"11",
"3","3","2019-11-30",,"31","860","0","4488.75","1","2019-12-30","1","29",,,,,"4488.75","2517","2","2312","2019-11-20 12:53:20","1","2019-12-02 23:18:19","1",,"12",
"4","4","2019-11-15",,"31","681","0","4477.5","1","2019-12-15","1","29",,,,,"4477.5","2508","2","2303","2019-11-20 13:16:45","1","2019-11-21 22:11:19","1",,"10",
"5","5","2019-11-21",,"31","914","0","4477.5","1","2019-12-21","1","29",,,,,"4477.5","2506","2","2301","2019-11-21 13:44:22","1","2019-11-21 22:07:21","1",,"7",
"6","6","2019-11-21",,"31","840","0","4477.5","1","2019-12-21","1","29",,,,,"4477.5","2507","2","2302","2019-11-21 20:30:40","1","2019-11-21 22:09:35","1",,"8",
"7","7","2019-12-22",,"31","914","0","4477.5","2","2020-02-22","1","29","PERIODOS: DICIEMBRE",,,,"8955","2553","2","2348","2019-12-17 20:15:41","1","2019-12-17 20:28:29","1",,,"5"
"8","8","2019-12-22",,"31","840","0","4477.5","2","2020-02-22","1","29","PERIODOS: DICIEMBRE",,,,"8955","2554","2","2349","2019-12-17 20:15:44","1","2019-12-17 20:32:45","1",,"17","6"
"9","9","2019-12-24",,"31","909","0","4477.5","2","2020-02-24","1","29","PERIODOS: DICIEMBRE",,,,"8955","2555","2","2350","2019-12-17 20:15:46","1","2019-12-17 20:34:31","1",,"18","1"
"10","10","2019-12-16",,"31","681","0","4477.5","2","2020-02-16","1","29",,,,,"8955","2556","2","2351","2019-12-17 20:43:11","1","2019-12-17 20:51:08","1",,"16","4"
"11","11","2019-12-31",,"31","910","0","4488.75","2","2020-02-29","1","29","PERIODOS: DICIEMBRE",,,,"8977.5","2557","2","2352","2019-12-23 13:45:43","1","2019-12-25 21:53:56","1",,"21","2"
"12","12","2019-12-31",,"31","860","0","4488.75","2","2020-02-29","1","29","PERIODOS: DICIEMBRE",,,,"8977.5","2558","2","2353","2019-12-23 13:45:47","1","2019-12-25 21:56:13","1",,"22","3"
"13","1","2020-01-22",,"31","921","0","4488.75","2","2020-03-22","1","29",,,,,"8977.5","2614","2","2406","2020-01-22 09:53:52","1","2020-01-22 09:57:14","1",,"24",
"14","2","2020-01-31",,"31","923","0","4518.75","2","2020-03-31","1","29",,,,,"9037.5","2623","2","2415","2020-01-31 15:27:53","1","2020-02-05 16:50:24","1",,"26",
"15","3","2020-02-05",,"31","156","0","4518.75","2","2020-04-05","1","29",,,,,"9037.5","2622","2","2414","2020-02-05 16:37:20","1","2020-02-05 16:48:50","1",,"23","15"
"16","13","2019-12-22",,"13","681","0","12070","2","2020-02-22","1","29",,,,,"24140",,,,"2020-02-16 09:26:40","1","2020-02-19 16:29:02","1",,,
"17","14","2020-02-23",,"13","840","0","12070","2","2020-04-23","1","29","PERIODOS: FEBRERO - MARZO",,,,"24140",,,,"2020-02-16 09:57:51","1","2020-02-19 16:30:03","1",,,
"18","14","2020-02-25",,"13","909","0","12070","2","2020-04-25","1","29","PERIODOS: FEBRERO - MARZO",,,,"24140",,,,"2020-02-16 09:58:02","1","2020-02-19 16:36:06","1",,,"9"
"19","14","2020-02-23",,"31","840","0","4609.42","2","2020-04-23","1","29","PERIODOS: FEBRERO - MARZO",,,,"9218.84","2687","2","2478","2020-02-19 16:27:21","1","2020-02-19 16:37:49",,,"27","8"
"20","14","2020-02-23",,"31","681","0","4609.42","2","2020-04-23","1","29","PERIODOS: FEBRERO - MARZO",,,,"9218.84","2686","2","2477","2020-02-19 16:27:36","1","2020-02-19 16:33:54",,,"28","10"
"21","15","2020-03-02",,"31","910","0","4669.42","2","2020-05-02","1","29",,,,,"9338.84","2753","2","2544","2020-03-30 09:36:03","1","2020-04-05 21:39:06","1",,"37","11"
"22","16","2020-03-02",,"31","860","0","4669.42","2","2020-05-02","1","29",,,,,"9338.84","2754","2","2545","2020-03-30 09:43:42","1","2020-04-05 21:40:49","1",,"57","12"
"23","17","2020-04-06",,"31","156","0","4868.25","2","2020-06-06","1","29","PERIODOS: ABRIL - MAYO",,,,"9736.5","2757","2","2548","2020-04-05 21:12:40","1","2020-04-05 21:54:59",,,"32","23"
"24","18","2020-03-24",,"31","921","0","4782.75","2","2020-05-24","1","29",,,,,"9565.5","2758","2","2549","2020-04-05 21:21:01","1","2020-04-05 21:59:38","1",,"36","13"
"25","19","2020-04-05",,"31","932","0","4868.25","2","2020-06-05","1","29",,,,,"9736.5","2756","2","2547","2020-04-05 21:23:43","1","2020-04-05 21:52:31","1",,"38",
"26","20","2020-04-05",,"31","923","0","4868.25","2","2020-06-05","1","29",,,,,"9736.5","2755","2","2546","2020-04-05 21:26:17","1","2020-04-05 21:50:11","1",,"39","14"
"27","21","2020-04-24",,"31","840","0","4974","2","2020-06-24","1","29","PERIODOS: ABRIL - MAYO",,,,"9948","2814","2","2604","2020-04-23 19:06:53","1","2020-04-23 19:12:08",,,"58","19"
"28","22","2020-04-24",,"31","681","0","4974","2","2020-06-24","1","29","PERIODOS: ABRIL - MAYO",,,,"9948","2813","2","2603","2020-04-23 19:06:57","1","2020-04-23 19:10:21","1",,"61","20"
"29","23","2020-06-01",,"31","948","0","5140.5","2","2020-08-01","1","29",,,,,"10281","2882","2","2671","2020-05-31 14:12:07","1","2020-06-01 12:57:52","1",,"50",
"30","24","2020-06-01",,"31","949","0","5140.5","2","2020-08-01","1","29",,,,,"10281","2881","2","2670","2020-06-01 11:29:50","1","2020-06-01 12:56:02",,,"53",
"31","25","2020-06-01",,"31","504","0","5140.5","2","2020-08-01","1","29",,,,,"10281","2884","2","2673","2020-06-01 12:49:14","1","2020-06-01 13:16:14",,,"56","31"
"32","26","2020-06-01",,"31","156","0","5140.5","2","2020-08-01","1","29",,,,,"10281","2880","2","2669","2020-06-01 12:49:52","1","2020-06-01 12:54:13",,,"55","32"
"33","27","2020-06-01",,"31","866","0","5140.5","2","2020-08-01","1","29",,,,,"10281","2885","2","2674","2020-06-01 12:59:46","1","2020-06-01 13:17:43","1",,"47",
"34","28","2020-06-01",,"31","941","0","5140.5","2","2020-08-01","1","29",,,,,"10281","2883","2","2672","2020-06-01 13:00:07","1","2020-06-01 13:12:51","1",,"60",
"35","29","2020-06-03",,"31","951","0","5153.25","2","2020-08-03","1","29",,,,,"10306.5","2897","2","2685","2020-06-03 14:20:36","1","2020-06-03 15:17:54","1",,"48",
"36","30","2020-06-03",,"31","921","0","5153.25","2","2020-08-03","1","29",,,,,"10306.5","2898","2","2686","2020-06-03 14:27:13","1","2020-06-03 15:20:48",,,"49","24"
"37","31","2020-05-01",,"31","910","0","5153.25","2","2020-07-01","3","29",,,,,"10306.5","2899","2","2687","2020-06-03 14:29:32","1","2020-06-03 15:24:09",,,"44","21"
"38","32","2020-06-06",,"31","932","0","4868.25","2","2020-08-06","1","29","PERIODOS: JUNIO - JULIO",,,,"9736.5","2896","2","2684","2020-06-03 14:31:31","1","2020-06-03 15:15:07",,,"51","25"
"39","33","2020-06-06",,"31","923","0","5153.25","2","2020-08-06","1","29","PERIODOS: JUNIO - JULIO",,,,"10306.5","2900","2","2688","2020-06-03 14:32:01","1","2020-06-03 15:29:12","1",,"52","26"
"40","34","2020-06-12",,"31","954","0","5362.5","2","2020-08-12","1","29",,,,,"10725","2913","2","2700","2020-06-12 18:55:41","1","2020-06-12 20:23:02",,,"54",
"41","35","2020-06-21",,"31","957","0","5362.5","2","2020-08-21","1","29",,,,,"10725","2961","2","2746","2020-06-21 20:23:48","1","2020-06-22 21:18:23",,,"62",
"42","36","2020-06-26",,"31","883","0","5262","2","2020-08-26","1","29",,,,,"10524","2963","2","2748","2020-06-26 16:56:13","1","2020-06-26 17:01:43","1",,"68",
"43","37","2020-06-26",,"31","944","0","5262","2","2020-08-26","1","29",,,,,"10524","2964","2","2749","2020-06-26 16:56:41","1","2020-06-26 17:03:11","1",,"71",
"44","38","2020-07-02",,"31","910","0","5262","2","2020-09-02","3","29","PERIODOS: JULIO - AGOSTO",,,,"10524","2965","2","2750","2020-06-26 17:04:49","1","2020-06-26 17:08:20",,,"63","37"
"45","39","2020-07-20",,"31","961","0","5361","2","2020-09-20","1","29",,,,,"10722","2995","2","2780","2020-07-20 19:15:52","1","2020-07-20 19:32:17",,,"69",
"46","40","2020-07-27",,"31","963","0","75","2","2020-09-27","1","29",,,,,"150","2997","2","2782","2020-07-27 19:23:00","1","2020-07-27 20:54:31",,,"72",
"47","41","2020-08-02",,"13","866","0","12070","2","2020-10-02","1","29","PERIODOS: AGOSTO - SEPTIEMBRE",,,,"24140",,,,"2020-07-31 11:00:04","1","2020-07-31 11:01:57","1",,,
"48","42","2020-08-04",,"31","951","0","75","2","2020-10-04","1","29","PERIODOS: AGOSTO - SEPTIEMBRE",,,,"150","3015","2","2796","2020-08-02 19:45:27","1","2020-08-02 21:41:52",,,"74","35"
"49","43","2020-08-04",,"31","921","0","75","2","2020-10-04","1","29","PERIODOS: AGOSTO - SEPTIEMBRE",,,,"150","3014","2","2795","2020-08-02 19:45:35","1","2020-08-02 21:39:21","1",,"73","36"
"50","44","2020-08-13",,"31","948","0","75","2","2020-10-13","1","29",,,,,"150","3046","2","2827","2020-08-13 18:50:32","1","2020-08-13 21:38:58","1",,"83","29"
"51","45","2020-08-13",,"31","932","0","75","2","2020-10-13","1","29",,,,,"150","3044","2","2825","2020-08-13 18:53:50","1","2020-08-13 21:36:09","1",,"82","38"
"52","46","2020-06-13",,"13","923","0","12070","2","2020-10-13","1","29",,,,,"24140",,,,"2020-08-13 18:56:42","1","2020-09-17 11:31:05","1","0",,
"53","47","2020-08-13",,"31","949","0","75","2","2020-10-13","1","29",,,,,"150","3037","2","2818","2020-08-13 18:57:53","1","2020-08-13 21:25:05",,,"81","30"
"54","48","2020-08-13",,"31","954","0","75","2","2020-10-13","1","29",,,,,"150","3039","2","2820","2020-08-13 19:00:27","1","2020-08-13 21:28:18",,,"80","40"
"55","49","2020-08-13",,"31","156","0","75","2","2020-10-13","1","29",,,,,"150","3036","2","2817","2020-08-13 19:02:21","1","2020-08-13 21:23:26",,,"79","55"
"56","50","2020-08-13",,"31","504","0","75","2","2020-10-13","1","29",,,,,"150","3040","2","2821","2020-08-13 19:05:50","1","2020-08-13 21:29:25",,,"78","56"
"57","51","2020-08-13",,"31","860","0","75","2","2020-10-13","1","29",,,,,"150","3045","2","2826","2020-08-13 19:08:00","1","2020-08-13 21:37:51",,,"77",
"58","52","2020-08-13",,"31","840","0","75","2","2020-10-13","1","29",,,,,"150","3043","2","2824","2020-08-13 19:09:08","1","2020-08-13 21:34:46",,,"76",
"59","53","2020-08-13",,"31","923","0","75","2","2020-10-13","1","29",,,,,"150","3038","2","2819","2020-08-13 19:11:00","1","2020-08-13 21:26:24",,,"75","39"
"60","54","2020-08-13",,"31","941","0","75","2","2020-10-13","1","29",,,,,"150","3041","2","2822","2020-08-13 19:20:31","1","2020-08-13 21:30:38",,,,"34"
"61","55","2020-08-13",,"31","681","0","75","2","2020-10-13","1","29",,,,,"150","3042","2","2823","2020-08-13 20:31:45","1","2020-08-13 21:33:38",,,"84",
"62","56","2020-08-22",,"31","957","0","75","2","2020-10-22","1","29","PERIODOS: AGOSTO - SEPTIEMBRE",,,,"150","3084","2","2865","2020-08-21 22:55:15","1","2020-08-21 23:01:45",,,"85","41"
"63","57","2020-09-03",,"31","910","0","75","2","2020-11-03","3","29","PERIODOS: SEPTIEMBRE - OCTUBRE",,,,"150","3106","2","2887","2020-09-02 12:12:22","1","2020-09-02 12:37:00","1",,"89","44"
"64","58","2020-09-03",,"31","965","0","75","2","2020-11-03","1","29",,,,,"150","3129","2","2898","2020-09-02 20:03:02","1","2020-09-08 10:10:32","1",,"90",
"65","59","2020-09-08",,"31","869","0","75","2","2020-11-08","1","29",,,,,"150","3132","2","2901","2020-09-02 20:03:39","1","2020-09-08 10:16:37","1",,"93",
"66","60","2020-09-03",,"31","974","0","75","2","2020-11-03","1","29",,,,,"150","3130","2","2899","2020-09-02 20:11:44","1","2020-09-08 10:13:10","1",,"91",
"67","61","2020-09-03",,"31","975","0","75","2","2020-11-03","1","29",,,,,"150","3131","2","2900","2020-09-02 20:18:42","1","2020-09-08 10:14:39","1",,"92",
"68","62","2020-08-27",,"31","883","0","75","2","2020-10-27","1","29",,,,,"150","3141","2","2910","2020-09-16 11:25:44","1","2020-09-16 19:05:04",,"2","87","42"
"69","63","2020-09-21",,"31","961","0","75","2","2020-11-21","1","29","PERIODOS: SEPTIEMBRE - OCTUBRE",,,,"150","3168","2","2937","2020-09-16 21:49:57","1","2020-09-16 21:54:31",,,"94","45"
"70","64","2020-10-16",,"31","123","0","5814","2","2020-12-16","1","29",,,,,"11628","3214","2","2983","2020-10-16 18:56:21","1","2020-10-18 13:17:01",,"0","108","70"
"71","65","2020-08-27",,"31","944","0","5550","2","2020-10-27","1","29","PERIODOS: AGOSTO - SEPTIEMBRE",,,,"11100","3219","2","2988","2020-10-16 19:00:46","1","2020-10-18 13:44:30","1","0","86","43"
"72","66","2020-09-28",,"31","963","0","5814","2","2020-11-28","1","29","PERIODOS: SEPTIEMBRE - OCTUBRE",,,,"11628","3212","2","2981","2020-10-16 19:00:53","1","2020-10-18 13:12:34",,,"95","46"
"73","67","2020-10-05",,"31","921","0","5814","2","2020-12-05","1","29","PERIODOS: OCTUBRE - NOVIEMBRE",,,,"11628","3203","2","2972","2020-10-16 19:00:57","1","2020-10-18 11:39:59",,,"96","49"
"74","68","2020-10-05",,"31","951","0","5814","2","2020-12-05","1","29","PERIODOS: OCTUBRE - NOVIEMBRE",,,,"11628","3213","2","2982","2020-10-16 19:01:02","1","2020-10-18 13:14:57",,,"97","48"
"75","69","2020-10-14",,"31","923","0","5814","2","2020-12-14","1","29","PERIODOS: OCTUBRE - NOVIEMBRE",,,,"11628","3207","2","2976","2020-10-16 19:01:17","1","2020-10-18 12:58:39",,,"106","59"
"76","70","2020-10-14",,"31","840","0","5814","2","2020-12-14","1","29","PERIODOS: OCTUBRE - NOVIEMBRE",,,,"11628","3215","2","2984","2020-10-16 19:01:22","1","2020-10-18 13:22:48",,,"105","58"
"77","71","2020-10-14",,"31","860","0","5814","2","2020-12-14","1","29","PERIODOS: OCTUBRE - NOVIEMBRE",,,,"11628","3217","2","2986","2020-10-16 19:01:26","1","2020-10-18 13:27:23",,,"104","57"
"78","72","2020-10-14",,"31","504","0","5814","2","2020-12-14","1","29","PERIODOS: OCTUBRE - NOVIEMBRE",,,,"11628","3210","2","2979","2020-10-16 19:01:31","1","2020-10-18 13:07:10",,,"103","78"
"79","73","2020-10-14",,"31","156","0","5814","2","2020-12-14","1","29","PERIODOS: OCTUBRE - NOVIEMBRE",,,,"11628","3204","2","2973","2020-10-16 19:01:36","1","2020-10-18 11:45:34",,,"102","79"
"80","74","2020-10-14",,"31","954","0","5814","2","2020-12-14","1","29","PERIODOS: OCTUBRE - NOVIEMBRE",,,,"11628","3209","2","2978","2020-10-16 19:01:41","1","2020-10-18 13:04:50",,,"98","54"
"81","75","2020-10-14",,"31","949","0","5814","2","2020-12-14","1","29","PERIODOS: OCTUBRE - NOVIEMBRE",,,,"11628","3205","2","2974","2020-10-16 19:01:46","1","2020-10-18 12:52:58",,,"100","53"
"82","76","2020-10-14",,"31","932","0","5814","2","2020-12-14","1","29","PERIODOS: OCTUBRE - NOVIEMBRE",,,,"11628","3216","2","2985","2020-10-16 19:01:52","1","2020-10-18 13:25:18",,,"99","51"
"83","77","2020-10-14",,"31","948","0","5814","2","2020-12-14","1","29","PERIODOS: OCTUBRE - NOVIEMBRE",,,,"11628","3218","2","2987","2020-10-16 19:01:57","1","2020-10-18 13:29:26",,,"107","50"
"84","78","2020-10-14",,"31","681","0","5814","2","2020-12-14","1","29","PERIODOS: OCTUBRE - NOVIEMBRE",,,,"11628","3211","2","2980","2020-10-16 19:02:04","1","2020-10-18 13:09:46",,,"101","61"
"85","79","2020-10-23",,"31","957","0","5814","2","2020-12-23","1","29","PERIODOS: OCTUBRE - NOVIEMBRE",,,,"11628","3208","2","2977","2020-10-18 11:25:19","1","2020-10-18 13:02:09",,,"116","62"
"86","80","2020-10-28",,"31","944","0","5814","2","2020-12-28","1","29","PERIODOS: OCTUBRE - NOVIEMBRE",,,,"11628","3220","2","2989","2020-10-18 11:25:24","1","2020-10-18 13:55:21","1","0","110","71"
"87","81","2020-10-28",,"31","883","0","5814","2","2020-12-28","1","29","PERIODOS: OCTUBRE - NOVIEMBRE",,,,"11628","3206","2","2975","2020-10-18 11:25:43","1","2020-10-18 12:56:08",,,"111","68"
"88","82","2020-11-02",,"31","937","0","5814","2","2021-01-02","1","29",,,,,"11628","3244","2","3013","2020-10-21 14:56:17","1","2020-11-02 15:09:33","1","0","112",
"89","83","2020-11-04",,"31","910","0","6281.25","2","2021-01-04","3","29","PERIODOS: NOVIEMBRE - DICIEMBRE",,,,"12562.5","3249","2","3018","2020-11-02 15:10:04","1","2020-11-02 15:20:48",,,"113","63"
"90","84","2020-11-04",,"31","965","0","6281.25","2","2021-01-04","1","29","PERIODOS: NOVIEMBRE - DICIEMBRE",,,,"12562.5","3245","2","3014","2020-11-02 15:10:08","1","2020-11-02 15:13:58",,,"114","64"
"91","85","2020-11-04",,"31","974","0","6281.25","2","2021-01-04","1","29","PERIODOS: NOVIEMBRE - DICIEMBRE",,,,"12562.5","3246","2","3015","2020-11-02 15:10:13","1","2020-11-02 15:15:55",,,"115","66"
"92","86","2020-11-04",,"31","975","0","6281.25","2","2021-01-04","1","29","PERIODOS: NOVIEMBRE - DICIEMBRE",,,,"12562.5","3247","2","3016","2020-11-02 15:10:17","1","2020-11-02 15:17:50",,,"117","67"
"93","87","2020-11-09",,"31","869","0","6281.25","2","2021-01-09","1","29","PERIODOS: NOVIEMBRE - DICIEMBRE",,,,"12562.5","3248","2","3017","2020-11-02 15:10:23","1","2020-11-02 15:19:14",,,"119","65"
"94","88","2020-11-22",,"31","961","0","6562.5","2","2021-01-22","1","29","PERIODOS: NOVIEMBRE - DICIEMBRE",,,,"13125","3346","2","3115","2020-12-04 08:38:43","1","2020-12-14 11:42:35",,,"120","69"
"95","89","2020-11-29",,"31","963","0","6562.5","2","2021-01-29","1","29","PERIODOS: NOVIEMBRE - DICIEMBRE",,,,"13125","3344","2","3113","2020-12-04 08:38:48","1","2020-12-14 11:39:53",,,"121","72"
"96","90","2020-12-06",,"31","921","0","6562.5","2","2021-02-06","1","29","PERIODOS: DICIEMBRE - ENERO",,,,"13125","3336","2","3105","2020-12-04 08:38:53","1","2020-12-14 11:27:34",,,"123","73"
"97","91","2020-12-06",,"31","951","0","6562.5","2","2021-02-06","1","29","PERIODOS: DICIEMBRE - ENERO",,,,"13125","3345","2","3114","2020-12-04 08:38:58","1","2020-12-14 11:41:12",,,"126","74"
"98","92","2020-12-15",,"31","954","0","6562.5","2","2021-02-15","1","29","PERIODOS: DICIEMBRE - ENERO",,,,"13125","3341","2","3110","2020-12-14 11:08:09","1","2020-12-14 11:36:07",,,"127","80"
"99","93","2020-12-15",,"31","932","0","6562.5","2","2021-02-15","1","29","PERIODOS: DICIEMBRE - ENERO",,,,"13125","3339","2","3108","2020-12-14 11:08:15","1","2020-12-14 11:31:53",,,"129","82"
"100","94","2020-12-15",,"31","949","0","6562.5","2","2021-02-15","1","29","PERIODOS: DICIEMBRE - ENERO",,,,"13125","3338","2","3107","2020-12-14 11:08:20","1","2020-12-14 11:30:27",,,"130","81"
"101","95","2020-12-15",,"31","681","0","6562.5","2","2021-02-15","1","29","PERIODOS: DICIEMBRE - ENERO",,,,"13125","3343","2","3112","2020-12-14 11:08:26","1","2020-12-14 11:38:40",,,"131","84"
"102","96","2020-12-15",,"31","156","0","6562.5","2","2021-02-15","1","29","PERIODOS: DICIEMBRE - ENERO",,,,"13125","3337","2","3106","2020-12-14 11:08:31","1","2020-12-14 11:29:03",,,"132","79"
"103","97","2020-12-15",,"31","504","0","6562.5","2","2021-02-15","1","29","PERIODOS: DICIEMBRE - ENERO",,,,"13125","3342","2","3111","2020-12-14 11:08:37","1","2020-12-14 11:37:22",,,"133","78"
"104","98","2020-12-15",,"31","860","0","6562.5","2","2021-02-15","1","29","PERIODOS: DICIEMBRE - ENERO",,,,"13125","3349","2","3118","2020-12-14 11:08:45","1","2020-12-14 11:47:17",,,"134","77"
"105","99","2020-12-15",,"31","840","0","6562.5","2","2021-02-15","1","29","PERIODOS: DICIEMBRE - ENERO",,,,"13125","3347","2","3116","2020-12-14 11:08:52","1","2020-12-14 11:44:00",,,"135","76"
"106","100","2020-12-15",,"31","923","0","6562.5","2","2021-02-15","1","29","PERIODOS: DICIEMBRE - ENERO",,,,"13125","3340","2","3109","2020-12-14 11:09:01","1","2020-12-14 11:33:57",,,"136","75"
"107","101","2020-12-15",,"31","948","0","6562.5","2","2021-02-15","1","29","PERIODOS: DICIEMBRE - ENERO",,,,"13125","3348","2","3117","2020-12-14 11:09:09","1","2020-12-14 11:45:22",,,"137","83"
"108","102","2020-12-17",,"31","123","0","6562.5","2","2021-02-17","1","29","PERIODOS: DICIEMBRE - ENERO",,,,"13125","3350","2","3119","2020-12-14 11:09:20","1","2020-12-14 11:48:55",,,"138","70"
"109","103","2020-12-01",,"31","987","0","6487.5","2","2021-02-01","1","29",,,,,"12975","3335","2","3104","2020-12-14 11:12:49","1","2020-12-14 11:18:18",,"2","122",
"110","104","2020-12-29",,"31","944","0","6656.25","2","2021-02-28","1","29","PERIODOS: DICIEMBRE - ENERO",,,,"13312.5","3390","2","3159","2020-12-28 15:01:33","1","2020-12-28 18:48:31",,,"140","86"
"111","105","2020-12-29",,"31","883","0","6656.25","2","2021-02-28","1","29","PERIODOS: DICIEMBRE - ENERO",,,,"13312.5","3388","2","3157","2020-12-28 15:01:38","1","2020-12-28 18:43:09",,,"141","87"
"112","1","2021-01-03",,"31","937","0","6656.25","2","2021-03-03","1","29","PERIODOS: ENERO - FEBRERO",,,,"13312.5","3387","2","3156","2020-12-28 15:02:19","1","2020-12-28 18:40:49",,,"142","88"
"113","2","2021-01-05",,"31","910","0","6656.25","2","2021-03-05","3","29","PERIODOS: ENERO - FEBRERO",,,,"13312.5","3393","2","3162","2020-12-28 15:02:24","1","2020-12-28 18:54:28",,,"143","89"
"114","5","2021-01-05",,"31","965","0","6656.25","2","2021-03-05","1","29","PERIODOS: ENERO - FEBRERO",,,,"13312.5","3391","2","3160","2020-12-28 15:02:29","1","2020-12-28 18:50:53",,,"144","90"
"115","3","2021-01-05",,"31","974","0","6656.25","2","2021-03-05","1","29","PERIODOS: ENERO - FEBRERO",,,,"13312.5","3392","2","3161","2020-12-28 15:02:34","1","2020-12-28 18:52:47",,,"145","91"
"116","106","2020-12-24",,"31","957","0","6656.25","2","2021-02-24","1","29","PERIODOS: DICIEMBRE - ENERO",,,,"13312.5","3389","2","3158","2020-12-28 18:35:48","1","2020-12-28 18:46:44","1","0","139","85"
"117","4","2021-01-05",,"10","975","0","12070","2","2021-03-05","1","29","PERIODOS: ENERO - FEBRERO",,,,"24140",,,,"2021-01-07 18:42:02","1","2021-01-07 18:42:24","1","0",,"92"
"118","6","2021-01-07",,"31","989","0","6750","2","2021-03-07","1","29",,,,,"13500","3411","2","3180","2021-01-07 18:58:05","1","2021-01-08 16:08:44",,"2","146",
"119","7","2021-01-10",,"31","869","0","6281.25","2","2021-03-10","1","29","PERIODOS: ENERO - FEBRERO",,,,"12562.5","3444","2","3213","2021-01-20 16:58:15","1","2021-01-20 17:02:34",,,"147","93"
"120","8","2021-01-23",,"31","961","0","6750","2","2021-03-23","1","29","PERIODOS: ENERO - FEBRERO",,,,"13500","3445","2","3214","2021-01-20 16:59:19","1","2021-01-20 17:06:35",,,"148","94"
"121","9","2021-01-30",,"13","963","0","12070","2","2021-03-30","1","29","PERIODOS: ENERO - FEBRERO",,,,"24140",,,,"2021-01-20 16:59:27","1","2021-01-20 16:59:45","1","0",,"95"
"122","10","2021-02-02",,"31","987","0","6937.5","2","2021-04-02","1","29","PERIODOS: FEBRERO - MARZO",,,,"13875","3456","2","3225","2021-02-01 14:50:29","1","2021-02-01 15:32:40",,,"151","109"
"123","11","2021-02-07",,"31","921","0","6937.5","2","2021-04-07","1","29","PERIODOS: FEBRERO - MARZO",,,,"13875","3455","2","3224","2021-02-01 14:50:37","1","2021-02-01 15:30:48",,,"152","96"
"124","107","2020-12-14",,"31","993","0","6562.5","2","2021-02-14","1","29",,,,,"13125","3454","2","3223","2021-02-01 15:16:06","1","2021-02-01 15:24:44",,"2","128",
"125","12","2021-02-05",,"31","721","0","5781.25","6","2021-08-05","1","29",,,,,"34687.5","3458","2","3227","2021-02-05 13:39:07","1","2021-02-08 11:11:10","1","0","196",
"126","13","2021-02-07",,"10","951","0","12070","2","2021-04-07","1","29","PERIODOS: FEBRERO - MARZO",,,,"24140",,,,"2021-02-09 21:44:04","1","2021-02-09 21:44:28","1","0",,"97"
"127","14","2021-02-16",,"10","954","0","12070","2","2021-04-16","1","29","PERIODOS: FEBRERO - MARZO",,,,"24140",,,,"2021-02-09 21:44:49","1","2021-02-09 21:45:05","1","0",,"98"
"128","15","2021-02-15",,"10","993","0","12070","2","2021-04-15","1","29","PERIODOS: FEBRERO - MARZO",,,,"24140",,,,"2021-02-16 12:55:38","1","2021-05-03 12:39:48","1","0",,"124"
"129","16","2021-02-16",,"31","932","0","7012.5","2","2021-04-16","1","29","PERIODOS: FEBRERO - MARZO",,,,"14025","3508","2","3277","2021-02-16 12:55:44","1","2021-02-16 17:04:41",,,"153","99"
"130","17","2021-02-16",,"31","949","0","7012.5","2","2021-04-16","1","29","PERIODOS: FEBRERO - MARZO",,,,"14025","3502","2","3271","2021-02-16 12:55:49","1","2021-02-16 16:52:20",,,"154","100"
"131","18","2021-02-16",,"31","681","0","7012.5","2","2021-04-16","1","29","PERIODOS: FEBRERO - MARZO",,,,"14025","3505","2","3274","2021-02-16 12:55:58","1","2021-02-16 16:58:57",,,"155","101"
"132","19","2021-02-16",,"31","156","0","7012.5","2","2021-04-16","1","29","PERIODOS: FEBRERO - MARZO",,,,"14025","3501","2","3270","2021-02-16 12:56:07","1","2021-02-16 16:50:29",,,"156","102"
"133","20","2021-02-16",,"31","504","0","7012.5","2","2021-04-16","1","29","PERIODOS: FEBRERO - MARZO",,,,"14025","3504","2","3273","2021-02-16 12:56:11","1","2021-02-16 16:57:02",,,"157","103"
"134","21","2021-02-16",,"31","860","0","7012.5","2","2021-04-16","1","29","PERIODOS: FEBRERO - MARZO",,,,"14025","3509","2","3278","2021-02-16 12:56:16","1","2021-02-16 17:06:10",,,"158","104"
"135","22","2021-02-16",,"31","840","0","7012.5","2","2021-04-16","1","29","PERIODOS: FEBRERO - MARZO",,,,"14025","3507","2","3276","2021-02-16 12:56:21","1","2021-02-16 17:03:13",,,"160","105"
"136","23","2021-02-16",,"31","923","0","7012.5","2","2021-04-16","1","29","PERIODOS: FEBRERO - MARZO",,,,"14025","3503","2","3272","2021-02-16 12:56:27","1","2021-02-16 16:54:37",,,"161","106"
"137","24","2021-02-16",,"31","948","0","7012.5","2","2021-04-16","1","29","PERIODOS: FEBRERO - MARZO",,,,"14025","3510","2","3279","2021-02-16 12:56:33","1","2021-02-16 17:07:49",,,"162","107"
"138","25","2021-02-18",,"31","123","0","7012.5","2","2021-04-18","1","29","PERIODOS: FEBRERO - MARZO",,,,"14025","3506","2","3275","2021-02-16 12:56:43","1","2021-02-16 17:01:25",,,"149","108"
"139","26","2021-02-25",,"31","957","0","7087.5","2","2021-04-25","1","29","PERIODOS: FEBRERO - MARZO",,,,"14175","3532","2","3301","2021-02-24 18:30:00","1","2021-02-24 18:33:57",,,"150","116"
"140","27","2021-03-01",,"31","944","0","7087.5","2","2021-05-01","1","29","PERIODOS: MARZO - ABRIL",,,,"14175","3544","2","3313","2021-02-28 14:12:42","1","2021-03-01 14:49:20",,,"168","110"
"141","28","2021-03-01",,"31","883","0","7087.5","2","2021-05-01","1","29","PERIODOS: MARZO - ABRIL",,,,"14175","3543","2","3312","2021-02-28 14:12:47","1","2021-03-01 14:47:43",,,"159","111"
"142","29","2021-03-04",,"31","937","0","7087.5","2","2021-05-04","1","29","PERIODOS: MARZO - ABRIL",,,,"14175","3542","2","3311","2021-03-01 12:20:48","1","2021-03-01 14:46:08",,,"163","112"
"143","30","2021-03-06",,"31","910","0","7087.5","2","2021-05-06","3","29","PERIODOS: MARZO - ABRIL",,,,"14175","3547","2","3316","2021-03-01 12:20:52","1","2021-03-01 14:54:39",,,"164","113"
"144","31","2021-03-06",,"31","965","0","7087.5","2","2021-05-06","1","29","PERIODOS: MARZO - ABRIL",,,,"14175","3545","2","3314","2021-03-01 12:20:56","1","2021-03-01 14:51:17",,,"165","114"
"145","32","2021-03-06",,"31","974","0","7087.5","2","2021-05-06","1","29","PERIODOS: MARZO - ABRIL",,,,"14175","3546","2","3315","2021-03-01 12:21:01","1","2021-03-01 14:53:02",,,"166","115"
"146","33","2021-03-08",,"31","989","0","7087.5","2","2021-05-08","1","29","PERIODOS: MARZO - ABRIL",,,,"14175","3561","2","3330","2021-03-11 10:55:18","1","2021-03-12 13:59:10","1","0","167","118"
"147","34","2021-03-11",,"31","869","0","7087.5","2","2021-05-11","1","29","PERIODOS: MARZO - ABRIL",,,,"14175","3562","2","3331","2021-03-11 10:55:24","1","2021-03-12 14:00:59","1","0","169","119"
"148","35","2021-03-24",,"31","961","0","7237.5","2","2021-05-24","1","29","PERIODOS: MARZO - ABRIL",,,,"14475","3603","2","3372","2021-03-25 12:18:26","1","2021-03-25 12:29:46",,,"170","120"
"149","36","2021-04-19",,"31","123","0","7368.75","2","2021-06-19","1","29","PERIODOS: ABRIL - MAYO",,,,"14737.5","3623","2","3392","2021-04-18 09:59:13","1","2021-04-18 10:13:26",,,"181","138"
"150","37","2021-04-26",,"31","957","0","7368.75","2","2021-06-26","1","29","PERIODOS: ABRIL - MAYO",,,,"14737.5","3624","2","3393","2021-04-20 07:40:37","1","2021-04-20 07:49:11","1","0","182","139"
"151","38","2021-04-03",,"31","987","0","7312.5","2","2021-06-03","1","29","PERIODOS: ABRIL - MAYO",,,,"14625","3673","2","3442","2021-05-03 12:40:02","1","2021-05-03 13:47:42",,,"171","122"
"152","39","2021-04-08",,"31","921","0","7350","2","2021-06-08","1","29","PERIODOS: ABRIL - MAYO",,,,"14700","3674","2","3443","2021-05-03 12:40:10","1","2021-05-03 13:50:26",,,"172","123"
"153","40","2021-04-17",,"31","932","0","7368.75","2","2021-06-17","1","29","PERIODOS: ABRIL - MAYO",,,,"14737.5","3669","2","3438","2021-05-03 12:40:23","1","2021-05-03 13:35:31",,,"180","129"
"154","41","2021-04-17",,"31","949","0","7368.75","2","2021-06-17","1","29","PERIODOS: ABRIL - MAYO",,,,"14737.5","3670","2","3439","2021-05-03 12:40:29","1","2021-05-03 13:37:24",,,"179","130"
"155","42","2021-04-17",,"31","681","0","7368.75","2","2021-06-17","1","29","PERIODOS: ABRIL - MAYO",,,,"14737.5","3666","2","3435","2021-05-03 12:40:35","1","2021-05-03 13:27:35",,,"178","131"
"156","43","2021-04-17",,"31","156","0","7368.75","2","2021-06-17","1","29","PERIODOS: ABRIL - MAYO",,,,"14737.5","3665","2","3434","2021-05-03 12:40:41","1","2021-05-03 13:25:26",,,"177","132"
"157","44","2021-04-17",,"31","504","0","7368.75","2","2021-06-17","1","29","PERIODOS: ABRIL - MAYO",,,,"14737.5","3671","2","3440","2021-05-03 12:40:46","1","2021-05-03 13:41:40",,,"176","133"
"158","45","2021-04-17",,"31","860","0","7368.75","2","2021-06-17","1","29","PERIODOS: ABRIL - MAYO",,,,"14737.5","3668","2","3437","2021-05-03 12:40:51","1","2021-05-03 13:33:01",,,"175","134"
"159","46","2021-05-02",,"31","883","0","7387.5","2","2021-07-02","1","29","PERIODOS: MAYO - JUNIO",,,,"14775","3675","2","3444","2021-05-03 12:40:55","1","2021-05-03 13:53:14",,,"183","141"
"160","47","2021-04-17",,"31","840","0","7368.75","2","2021-06-17","1","29","PERIODOS: ABRIL - MAYO",,,,"14737.5","3667","2","3436","2021-05-03 12:41:04","1","2021-05-03 13:29:35",,,"174","135"
"161","48","2021-04-17",,"10","923","0","12070","2","2021-06-17","1","29","PERIODOS: ABRIL - MAYO",,,,"24140",,,,"2021-05-03 12:41:11","1","2021-05-03 13:38:01","1","0",,"136"
"162","49","2021-04-17",,"31","948","0","7368.75","2","2021-06-17","1","29","PERIODOS: ABRIL - MAYO",,,,"14737.5","3672","2","3441","2021-05-03 12:41:18","1","2021-05-03 13:43:21",,,"173","137"
"163","50","2021-05-05",,"31","937","0","7387.5","2","2021-07-05","1","29","PERIODOS: MAYO - JUNIO",,,,"14775","3676","2","3445","2021-05-03 13:58:29","1","2021-05-03 14:02:09",,,"186","142"
"164","51","2021-05-07",,"31","910","0","7387.5","2","2021-07-07","3","29","PERIODOS: MAYO - JUNIO",,,,"14775","3679","2","3448","2021-05-03 13:58:33","1","2021-05-03 14:08:20",,,"188","143"
"165","52","2021-05-07",,"31","965","0","7387.5","2","2021-07-07","1","29","PERIODOS: MAYO - JUNIO",,,,"14775","3677","2","3446","2021-05-03 13:58:41","1","2021-05-03 14:04:30",,,"189","144"
"166","53","2021-05-07",,"31","974","0","7387.5","2","2021-07-07","1","29","PERIODOS: MAYO - JUNIO",,,,"14775","3678","2","3447","2021-05-03 13:58:50","1","2021-05-03 14:06:27",,,"187","145"
"167","54","2021-05-09",,"31","989","0","7387.5","2","2021-07-09","1","29","PERIODOS: MAYO - JUNIO",,,,"14775","3680","2","3449","2021-05-03 13:59:06","1","2021-05-03 14:10:12",,,"184","146"
"168","55","2021-05-02",,"31","944","0","7406.25","2","2021-07-02","1","29","PERIODOS: MAYO - JUNIO",,,,"14812.5","3729","2","3498","2021-05-16 23:14:22","1","2021-05-16 23:26:06",,,"185","140"
"169","56","2021-05-12",,"31","869","0","7406.25","2","2021-07-12","1","29","PERIODOS: MAYO - JUNIO",,,,"14812.5","3730","2","3499","2021-05-16 23:14:35","1","2021-05-16 23:28:23",,,"190","147"
"170","57","2021-05-25",,"31","961","0","7462.5","2","2021-07-25","1","29","PERIODOS: MAYO - JUNIO",,,,"14925","3751","2","3520","2021-05-26 19:59:34","1","2021-05-26 20:25:48",,,"191","148"
"171","58","2021-06-04",,"31","987","0","7500","2","2021-08-04","1","29","PERIODOS: JUNIO - JULIO",,,,"15000","3766","2","3535","2021-06-16 12:33:32","1","2021-06-16 14:36:00",,,"192","151"
"172","59","2021-06-09",,"31","921","0","7500","2","2021-08-09","1","29","PERIODOS: JUNIO - JULIO",,,,"15000","3761","2","3530","2021-06-16 12:33:37","1","2021-06-16 14:29:29",,,"193","152"
"173","60","2021-06-18",,"31","948","0","7500","2","2021-08-18","1","29","PERIODOS: JUNIO - JULIO",,,,"15000","3769","2","3538","2021-06-16 12:33:42","1","2021-06-16 14:39:49",,,"199","162"
"174","61","2021-06-18",,"31","840","0","7500","2","2021-08-18","1","29","PERIODOS: JUNIO - JULIO",,,,"15000","3767","2","3536","2021-06-16 12:33:45","1","2021-06-16 14:37:16",,,"200","160"
"175","62","2021-06-18",,"31","860","0","7500","2","2021-08-18","1","29","PERIODOS: JUNIO - JULIO",,,,"15000","3770","2","3539","2021-06-16 12:33:51","1","2021-06-16 14:41:01",,,"201","158"
"176","63","2021-06-18",,"31","504","0","7500","2","2021-08-18","1","29","PERIODOS: JUNIO - JULIO",,,,"15000","3764","2","3533","2021-06-16 12:33:55","1","2021-06-16 14:33:38",,,"205","157"
"177","64","2021-06-18",,"31","156","0","7500","2","2021-08-18","1","29","PERIODOS: JUNIO - JULIO",,,,"15000","3762","2","3531","2021-06-16 12:33:59","1","2021-06-16 14:30:46",,,"198","156"
"178","65","2021-06-18",,"31","681","0","7500","2","2021-08-18","1","29","PERIODOS: JUNIO - JULIO",,,,"15000","3765","2","3534","2021-06-16 12:34:03","1","2021-06-16 14:34:49",,,"202","155"
"179","66","2021-06-18",,"31","949","0","7500","2","2021-08-18","1","29","PERIODOS: JUNIO - JULIO",,,,"15000","3763","2","3532","2021-06-16 12:34:10","1","2021-06-16 14:31:58",,,"197","154"
"180","67","2021-06-18",,"31","932","0","7500","2","2021-08-18","1","29","PERIODOS: JUNIO - JULIO",,,,"15000","3768","2","3537","2021-06-16 12:34:15","1","2021-06-16 14:38:32",,,"203","153"
"181","68","2021-06-20",,"31","123","0","7500","2","2021-08-20","1","29","PERIODOS: JUNIO - JULIO",,,,"15000","3817","2","3586","2021-06-28 09:39:57","1","2021-07-01 15:18:32",,,"204","149"
"182","69","2021-06-27",,"31","957","0","7500","2","2021-08-27","1","29","PERIODOS: JUNIO - JULIO",,,,"15000","3813","2","3582","2021-06-28 09:40:04","1","2021-07-01 15:11:24",,,"214","150"
"183","70","2021-07-03",,"31","883","0","7500","2","2021-09-03","1","29","PERIODOS: JULIO - AGOSTO",,,,"15000","3810","2","3579","2021-07-01 13:28:10","1","2021-07-01 15:04:53",,,"207","159"
"184","71","2021-07-10",,"31","989","0","7500","2","2021-09-10","1","29","PERIODOS: JULIO - AGOSTO",,,,"15000","3816","2","3585","2021-07-01 13:28:12","1","2021-07-01 15:16:47",,,"215","167"
"185","72","2021-07-03",,"31","944","0","7500","2","2021-09-03","1","29","PERIODOS: JULIO - AGOSTO",,,,"15000","3811","2","3580","2021-07-01 13:31:54","1","2021-07-01 15:06:25",,,"208","168"
"186","73","2021-07-06",,"31","937","0","7500","2","2021-09-06","1","29","PERIODOS: JULIO - AGOSTO",,,,"15000","3812","2","3581","2021-07-01 13:32:01","1","2021-07-01 15:08:27",,,"209","163"
"187","74","2021-07-08",,"31","974","0","7500","2","2021-09-08","1","29","PERIODOS: JULIO - AGOSTO",,,,"15000","3815","2","3584","2021-07-01 13:32:05","1","2021-07-01 15:15:04",,,"211","166"
"188","75","2021-07-08",,"31","910","0","7500","2","2021-09-08","3","29","PERIODOS: JULIO - AGOSTO",,,,"15000","3818","2","3587","2021-07-01 13:32:15","1","2021-07-01 15:20:08",,,"212","164"
"189","76","2021-07-08",,"31","965","0","7500","2","2021-09-08","1","29","PERIODOS: JULIO - AGOSTO",,,,"15000","3814","2","3583","2021-07-01 13:32:20","1","2021-07-01 15:13:12",,,"210","165"
"190","77","2021-07-12",,"31","869","0","7575","2","2021-09-12","1","29","PERIODOS: JULIO - AGOSTO",,,,"15150","3865","2","3634","2021-07-12 18:41:54","1","2021-08-02 09:20:39","1","0","213","169"
"191","78","2021-07-25",,"31","961","0","7575","2","2021-09-25","1","29","PERIODOS: JULIO - AGOSTO",,,,"15150","3866","2","3635","2021-07-30 08:18:43","1","2021-08-02 09:22:56",,,"216","170"
"192","79","2021-08-04",,"31","987","0","7650","2","2021-10-04","1","29","PERIODOS: AGOSTO - SEPTIEMBRE",,,,"15300","3871","2","3640","2021-08-03 21:27:55","1","2021-08-03 21:47:02",,,"218","171"
"193","80","2021-08-09",,"31","921","0","7650","2","2021-10-09","1","29","PERIODOS: AGOSTO - SEPTIEMBRE",,,,"15300","3872","2","3641","2021-08-03 21:27:59","1","2021-08-03 21:48:32",,,"219","172"
"194","81","2021-08-10",,"31","1002","0","6375","6","2022-02-10","1","29",,,,,"38250","3878","2","3647","2021-08-10 16:41:51","1","2021-08-10 16:45:07",,"6","260",
"195","82","2021-08-11",,"31","1000","0","6375","6","2022-02-11","1","29",,,,,"38250","3879","2","3648","2021-08-11 16:30:48","1","2021-08-11 16:35:48",,"2","261",
"196","83","2021-08-05",,"13","721","0","12070","6","2022-02-05","1","29","PERIODOS: AGOSTO - SEPTIEMBRE - OCTUBRE - NOVIEMBRE - DICIEMBRE - ENERO",,,,"72420",,,,"2021-08-16 22:13:57","1","2021-08-16 22:14:59","1","0",,"125"
"197","84","2021-08-18",,"13","949","0","12070","2","2021-10-18","1","29","PERIODOS: AGOSTO - SEPTIEMBRE",,,,"24140",,,,"2021-08-16 22:14:07","1","2021-08-16 22:15:58","1","0",,"179"
"198","85","2021-08-18",,"13","156","0","12070","2","2021-10-18","1","29","PERIODOS: AGOSTO - SEPTIEMBRE",,,,"24140",,,,"2021-08-16 22:14:13","1","2021-08-16 22:14:40","1","0",,"177"
"199","86","2021-08-18",,"31","948","0","7650","2","2021-10-18","1","29","PERIODOS: AGOSTO - SEPTIEMBRE",,,,"15300","3907","2","3676","2021-08-17 00:23:43","1","2021-08-17 00:31:32",,,"225","173"
"200","87","2021-08-18",,"31","840","0","7650","2","2021-10-18","1","29","PERIODOS: AGOSTO - SEPTIEMBRE",,,,"15300","3908","2","3677","2021-08-17 00:24:29","1","2021-08-17 00:33:14",,,"220","174"
"201","88","2021-08-18",,"31","860","0","7650","2","2021-10-18","1","29","PERIODOS: AGOSTO - SEPTIEMBRE",,,,"15300","3906","2","3675","2021-08-17 00:24:32","1","2021-08-17 00:29:52",,,"221","175"
"202","89","2021-08-18",,"31","681","0","7650","2","2021-10-18","1","29","PERIODOS: AGOSTO - SEPTIEMBRE",,,,"15300","3909","2","3678","2021-08-17 00:24:38","1","2021-08-17 00:34:48",,,"222","178"
"203","90","2021-08-18",,"31","932","0","7650","2","2021-10-18","1","29","PERIODOS: AGOSTO - SEPTIEMBRE",,,,"15300","3910","2","3679","2021-08-17 00:24:41","1","2021-08-17 00:36:13",,,"226","180"
"204","91","2021-08-20",,"31","123","0","7650","2","2021-10-20","1","29","PERIODOS: AGOSTO - SEPTIEMBRE",,,,"15300","3912","2","3681","2021-08-17 00:24:56","1","2021-08-17 00:39:23",,,"223","181"
"205","92","2021-08-18",,"31","504","0","7650","2","2021-10-18","1","29","PERIODOS: AGOSTO - SEPTIEMBRE",,,,"15300","3911","2","3680","2021-08-17 00:26:46","1","2021-08-17 00:37:37",,,"227","176"
"206","93","2021-08-23",,"31","1006","0","7650","2","2021-10-23","1","29",,,,,"15300","3940","2","3709","2021-08-23 18:50:18","1","2021-08-23 18:55:34",,"2","224",
"207","94","2021-09-03",,"31","883","0","7650","2","2021-11-03","1","29","PERIODOS: SEPTIEMBRE - OCTUBRE",,,,"15300","3954","2","3723","2021-09-02 14:06:14","1","2021-09-02 16:10:47",,,"229","183"
"208","95","2021-09-03",,"31","944","0","7650","2","2021-11-03","1","29","PERIODOS: SEPTIEMBRE - OCTUBRE",,,,"15300","3956","2","3725","2021-09-02 14:06:18","1","2021-09-02 16:13:52",,,"230","185"
"209","96","2021-09-06",,"31","937","0","7650","2","2021-11-06","1","29","PERIODOS: SEPTIEMBRE - OCTUBRE",,,,"15300","3953","2","3722","2021-09-02 14:06:22","1","2021-09-02 16:09:13",,,"231","186"
"210","97","2021-09-08",,"31","965","0","7650","2","2021-11-08","1","29","PERIODOS: SEPTIEMBRE - OCTUBRE",,,,"15300","3957","2","3726","2021-09-02 14:06:30","1","2021-09-02 16:15:20",,,"233","189"
"211","98","2021-09-08",,"31","974","0","7650","2","2021-11-08","1","29","PERIODOS: SEPTIEMBRE - OCTUBRE",,,,"15300","3958","2","3727","2021-09-02 14:06:35","1","2021-09-02 16:16:47",,,"232","187"
"212","99","2021-09-08",,"31","910","0","7650","2","2021-11-08","3","29","PERIODOS: SEPTIEMBRE - OCTUBRE",,,,"15300","3960","2","3729","2021-09-02 14:06:38","1","2021-09-02 16:19:23",,,"234","188"
"213","100","2021-09-12",,"31","869","0","7650","2","2021-11-12","1","29","PERIODOS: SEPTIEMBRE - OCTUBRE",,,,"15300","3959","2","3728","2021-09-02 14:06:44","1","2021-09-02 16:18:09",,,"235","190"
"214","101","2021-08-27",,"31","957","0","7650","2","2021-10-27","1","29","PERIODOS: AGOSTO - SEPTIEMBRE",,,,"15300","3955","2","3724","2021-09-02 14:07:03","1","2021-09-02 16:12:22",,,"228","182"
"215","102","2021-09-10",,"13","989","0","12070","2","2021-11-10","1","29","PERIODOS: SEPTIEMBRE - OCTUBRE",,,,"24140",,,,"2021-09-02 14:07:06","1","2021-09-02 14:07:24","1","0",,"184"
"216","103","2021-09-25",,"31","961","0","7800","2","2021-11-25","1","29","PERIODOS: SEPTIEMBRE - OCTUBRE",,,,"15600","4008","2","3777","2021-09-28 19:05:42","1","2021-10-06 19:30:46",,,"237","191"
"217","104","2021-10-06",,"31","1011","0","6500","6","2022-04-06","1","29",,,,,"39000","4006","2","3775","2021-10-06 15:20:52","1","2021-10-06 19:25:51","1","0","282",
"218","105","2021-10-04",,"31","987","0","7800","2","2021-12-04","1","29","PERIODOS: OCTUBRE - NOVIEMBRE",,,,"15600","4009","2","3778","2021-10-06 15:22:02","1","2021-10-14 12:55:47",,,"238","192"
"219","106","2021-10-09",,"31","921","0","7800","2","2021-12-09","1","29","PERIODOS: OCTUBRE - NOVIEMBRE",,,,"15600","4007","2","3776","2021-10-06 19:12:25","1","2021-10-06 19:28:11",,,"239","193"
"220","107","2021-10-18",,"31","840","0","7650","2","2021-12-18","1","29","PERIODOS: OCTUBRE - NOVIEMBRE",,,,"15300","4040","2","3809","2021-10-19 00:41:21","1","2021-10-19 00:49:12",,,"241","200"
"221","108","2021-10-18",,"31","860","0","7650","2","2021-12-18","1","29","PERIODOS: OCTUBRE - NOVIEMBRE",,,,"15300","4041","2","3810","2021-10-19 00:41:26","1","2021-10-19 00:50:33",,,"242","201"
"222","109","2021-10-18",,"31","681","0","7650","2","2021-12-18","1","29","PERIODOS: OCTUBRE - NOVIEMBRE",,,,"15300","4038","2","3807","2021-10-19 00:41:30","1","2021-10-19 00:46:02",,,"243","202"
"223","110","2021-10-20",,"31","123","0","7650","2","2021-12-20","1","29","PERIODOS: OCTUBRE - NOVIEMBRE",,,,"15300","4039","2","3808","2021-10-19 00:41:37","1","2021-10-19 00:47:42",,,"245","204"
"224","111","2021-10-23",,"31","1006","0","7650","2","2021-12-23","1","29","PERIODOS: OCTUBRE - NOVIEMBRE",,,,"15300","4037","2","3806","2021-10-19 00:41:40","1","2021-10-19 00:44:23",,,"246","206"
"225","112","2021-10-18",,"10","948","0","12070","2","2021-12-18","1","29","PERIODOS: OCTUBRE - NOVIEMBRE",,,,"24140",,,,"2021-10-19 00:52:49","1","2021-10-19 00:53:25","1","0",,"199"
"226","113","2021-10-18",,"31","932","0","7650","2","2021-12-18","1","29","PERIODOS: OCTUBRE - NOVIEMBRE",,,,"15300","4042","2","3811","2021-10-19 00:53:03","1","2021-10-19 00:55:50",,,"244","203"
"227","114","2021-08-18",,"31","504","0","7875","4","2021-12-18","1","29","PERIODOS: OCTUBRE - NOVIEMBRE",,,,"31500","4057","5","4","2021-11-01 12:41:36","1","2021-11-01 13:47:21","1","0","240","205"
"228","115","2021-10-27",,"31","957","0","7650","2","2021-12-27","1","29","PERIODOS: OCTUBRE - NOVIEMBRE",,,,"15300","4056","5","3","2021-11-01 13:22:42","1","2021-11-01 13:40:09",,,"247","214"
"229","116","2021-11-03",,"31","883","0","7650","2","2022-01-03","1","29","PERIODOS: NOVIEMBRE - DICIEMBRE",,,,"15300","4055","2","3823","2021-11-01 13:22:46","1","2021-11-01 13:38:11",,,"248","207"
"230","117","2021-11-03",,"31","944","0","7650","2","2022-01-03","1","29","PERIODOS: NOVIEMBRE - DICIEMBRE",,,,"15300","4058","5","5","2021-11-01 13:22:49","1","2021-11-01 13:49:22",,,"249","208"
"231","118","2021-11-06",,"31","937","0","7650","2","2022-01-06","1","29","PERIODOS: NOVIEMBRE - DICIEMBRE",,,,"15300","4054","5","2","2021-11-01 13:22:52","1","2021-11-01 13:35:50",,,"250","209"
"232","119","2021-11-08",,"31","974","0","7650","2","2022-01-08","1","29","PERIODOS: NOVIEMBRE - DICIEMBRE",,,,"15300","4060","5","7","2021-11-01 13:23:08","1","2021-11-01 13:53:04",,,"251","211"
"233","120","2021-11-08",,"31","965","0","7650","2","2022-01-08","1","29","PERIODOS: NOVIEMBRE - DICIEMBRE",,,,"15300","4059","5","6","2021-11-01 13:23:11","1","2021-11-01 13:51:08",,,"253","210"
"234","121","2021-11-08",,"31","910","0","7650","2","2022-01-08","3","29","PERIODOS: NOVIEMBRE - DICIEMBRE",,,,"15300","4061","5","8","2021-11-01 13:23:15","1","2021-11-01 13:54:44",,,"252","212"
"235","122","2021-11-12",,"31","869","0","7650","2","2022-01-12","1","29","PERIODOS: NOVIEMBRE - DICIEMBRE",,,,"15300","4083","5","28","2021-11-09 19:50:42","1","2021-11-09 19:53:26",,,"255","213"
"236","123","2021-11-09",,"31","1013","0","7875","2","2022-01-09","1","29",,,,,"15750","4084","2","3827","2021-11-09 19:57:54","1","2021-11-09 19:59:47",,"2","254",
"237","124","2021-11-25",,"31","961","0","7800","2","2022-01-25","1","29","PERIODOS: NOVIEMBRE - DICIEMBRE",,,,"15600","4133","5","48","2021-11-19 14:36:28","1","2021-11-19 15:56:43",,,"257","216"
"238","125","2021-12-04",,"31","987","0","7987.5","2","2022-02-04","1","29","PERIODOS: DICIEMBRE - ENERO",,,,"15975","4196","5","79","2021-12-09 13:17:56","1","2021-12-16 18:48:54",,,"258","218"
"239","126","2021-12-09",,"31","921","0","8025","2","2022-02-09","1","29","PERIODOS: DICIEMBRE - ENERO",,,,"16050","4160","5","72","2021-12-09 13:18:00","1","2021-12-16 16:17:55",,,"259","219"
"240","127","2021-12-18",,"31","504","0","8025","2","2022-02-18","1","29","PERIODOS: DICIEMBRE - ENERO - FEBRERO - MARZO",,,,"16050","4161","5","73","2021-12-16 16:09:30","1","2021-12-16 16:19:49","1","0","263","227"
"241","128","2021-12-18",,"31","840","0","8025","2","2022-02-18","1","29","PERIODOS: DICIEMBRE - ENERO",,,,"16050","4164","5","76","2021-12-16 16:09:33","1","2021-12-16 16:26:51",,,"266","220"
"242","129","2021-12-18",,"31","860","0","8025","2","2022-02-18","1","29","PERIODOS: DICIEMBRE - ENERO",,,,"16050","4166","5","78","2021-12-16 16:09:36","1","2021-12-16 16:30:20",,,"264","221"
"243","130","2021-12-18",,"31","681","0","8025","2","2022-02-18","1","29","PERIODOS: DICIEMBRE - ENERO",,,,"16050","4162","5","74","2021-12-16 16:09:39","1","2021-12-16 16:23:33",,,"267","222"
"244","131","2021-12-18",,"31","932","0","8025","2","2022-02-18","1","29","PERIODOS: DICIEMBRE - ENERO",,,,"16050","4165","5","77","2021-12-16 16:09:47","1","2021-12-16 16:28:36",,,"268","226"
"245","132","2021-12-20",,"31","123","0","8025","2","2022-02-20","1","29","PERIODOS: DICIEMBRE - ENERO",,,,"16050","4163","5","75","2021-12-16 16:09:57","1","2021-12-16 16:25:15",,,"269","223"
"246","133","2021-12-23",,"31","1006","0","8025","2","2022-02-23","1","29","PERIODOS: DICIEMBRE - ENERO",,,,"16050","4202","5","85","2021-12-16 16:11:12","1","2021-12-21 17:25:00",,,"265","224"
"247","134","2021-12-27",,"31","957","0","8081.25","2","2022-02-27","1","29","PERIODOS: DICIEMBRE - ENERO",,,,"16162.5","4217","5","93","2021-12-29 12:49:39","1","2021-12-29 13:22:36",,,"270","228"
"248","1","2022-01-03",,"31","883","0","8081.25","2","2022-03-03","1","29","PERIODOS: ENERO - FEBRERO",,,,"16162.5","4215","2","3892","2021-12-29 12:49:44","1","2021-12-29 13:18:35",,,"271","229"
"249","2","2022-01-03",,"31","944","0","8081.25","2","2022-03-03","1","29","PERIODOS: ENERO - FEBRERO",,,,"16162.5","4218","5","94","2021-12-29 12:49:49","1","2021-12-29 13:24:27",,,"272","230"
"250","3","2022-01-06",,"31","937","0","8081.25","2","2022-03-06","1","29","PERIODOS: ENERO - FEBRERO",,,,"16162.5","4214","2","3891","2021-12-29 12:49:54","1","2021-12-29 13:16:45",,,"273","231"
"251","4","2022-01-08",,"31","974","0","8081.25","2","2022-03-08","1","29","PERIODOS: ENERO - FEBRERO",,,,"16162.5","4216","2","3893","2021-12-29 12:49:59","1","2021-12-29 13:20:23",,,"275","232"
"252","5","2022-01-08",,"31","910","0","8081.25","2","2022-03-08","3","29","PERIODOS: ENERO - FEBRERO",,,,"16162.5","4220","5","96","2021-12-29 12:50:05","1","2021-12-29 13:29:13",,,"274","234"
"253","6","2022-01-08",,"31","965","0","8081.25","2","2022-03-08","1","29","PERIODOS: ENERO - FEBRERO",,,,"16162.5","4219","5","95","2021-12-29 12:50:11","1","2021-12-29 13:27:21",,,"276","233"
"254","7","2022-01-09",,"31","1013","0","8137.5","2","2022-03-09","1","29","PERIODOS: ENERO - FEBRERO",,,,"16275","4238","2","3907","2022-01-10 18:33:02","1","2022-01-11 12:00:31",,,"277","236"
"255","8","2022-01-12",,"31","869","0","8137.5","2","2022-03-12","1","29","PERIODOS: ENERO - FEBRERO",,,,"16275","4239","2","3908","2022-01-10 18:33:07","1","2022-01-11 12:02:58",,,"278","235"
"256","9","2022-01-20",,"31","1029","0","8175","2","2022-03-20","1","29",,,,,"16350","4268","2","3931","2022-01-20 10:12:59","1","2022-01-21 14:44:07","1","0","279",
"257","10","2022-01-25",,"31","961","0","8306.25","2","2022-03-25","1","29","PERIODOS: ENERO - FEBRERO",,,,"16612.5","4286","2","3945","2022-01-24 08:59:48","1","2022-02-04 18:43:28",,,"280","237"
"258","11","2022-02-04",,"31","987","0","8400","2","2022-04-04","1","29","PERIODOS: FEBRERO - MARZO",,,,"16800","4342","5","124","2022-02-04 16:34:15","1","2022-02-24 18:45:35",,,"281","238"
"259","12","2022-02-09",,"31","921","0","8306.25","2","2022-04-09","1","29","PERIODOS: FEBRERO - MARZO",,,,"16612.5","4283","2","3942","2022-02-04 16:34:20","1","2022-02-04 18:35:21",,,"283","239"
"260","13","2022-02-10",,"31","1002","0","8306.25","6","2022-08-10","1","29","PERIODOS: FEBRERO - MARZO - ABRIL - MAYO - JUNIO - JULIO",,,,"49837.5","4285","2","3944","2022-02-04 16:34:29","1","2022-02-04 18:40:25",,,"317","194"
"261","14","2022-02-11",,"31","1000","0","8306.25","6","2022-08-11","1","29","PERIODOS: FEBRERO - MARZO - ABRIL - MAYO - JUNIO - JULIO",,,,"49837.5","4284","2","3943","2022-02-04 16:34:35","1","2022-02-04 18:38:14",,,"321","195"
"262","15","2022-02-09",,"31","1031","0","8325","2","2022-04-09","1","29",,,,,"16650","4287","2","3946","2022-02-09 16:19:04","1","2022-02-09 16:30:38",,"2","284",
"263","16","2022-02-18",,"31","504","0","8500","6","2022-08-18","1","29","PERIODOS: FEBRERO - MARZO",,,,"51000","4437","5","144","2022-02-16 13:27:36","1","2022-04-04 13:35:21","1","0","322","240"
"264","17","2022-02-18",,"31","860","0","8400","12","2023-02-18","1","29","PERIODOS: FEBRERO - MARZO",,,,"100800","4339","5","123","2022-02-17 13:17:55","1","2022-02-17 18:45:53","1","0","379","242"
"265","18","2022-02-23",,"31","1006","0","8400","6","2022-08-23","1","29","PERIODOS: FEBRERO - MARZO",,,,"50400","4343","5","125","2022-02-24 10:55:17","1","2022-02-24 18:48:32","1","0","327","246"
"266","19","2022-02-18",,"31","840","0","8400","2","2022-04-18","1","29","PERIODOS: FEBRERO - MARZO",,,,"16800","4344","2","3986","2022-02-24 10:55:23","1","2022-02-24 18:52:06",,,"285","241"
"267","20","2022-02-18",,"31","681","0","8400","2","2022-04-18","1","29","PERIODOS: FEBRERO - MARZO",,,,"16800","4366","2","4003","2022-03-02 18:32:07","1","2022-03-02 20:13:58",,,"286","243"
"268","21","2022-02-18",,"31","932","0","8400","2","2022-04-18","1","29","PERIODOS: FEBRERO - MARZO",,,,"16800","4369","2","4006","2022-03-02 18:32:11","1","2022-03-02 20:19:10",,,"287","244"
"269","22","2022-02-20",,"31","123","0","8400","2","2022-04-20","1","29","PERIODOS: FEBRERO - MARZO",,,,"16800","4368","2","4005","2022-03-02 18:32:17","1","2022-03-02 20:17:28",,,"288","245"
"270","23","2022-02-27",,"31","957","0","8400","2","2022-04-27","1","29","PERIODOS: FEBRERO - MARZO",,,,"16800","4370","5","131","2022-03-02 18:32:20","1","2022-03-02 20:21:42",,,"289","247"
"271","24","2022-03-03",,"31","883","0","8400","2","2022-05-03","1","29","PERIODOS: MARZO - ABRIL",,,,"16800","4365","2","4002","2022-03-02 18:32:37","1","2022-03-02 20:12:22",,,"290","248"
"272","25","2022-03-03",,"31","944","0","8400","2","2022-05-03","1","29","PERIODOS: MARZO - ABRIL",,,,"16800","4371","5","132","2022-03-02 18:32:41","1","2022-03-02 20:23:30",,,"291","249"
"273","26","2022-03-06",,"31","937","0","8400","2","2022-05-06","1","29","PERIODOS: MARZO - ABRIL",,,,"16800","4364","2","4001","2022-03-02 18:32:48","1","2022-03-02 20:10:37",,,"292","250"
"274","27","2022-03-08",,"31","910","0","8400","2","2022-05-08","3","29","PERIODOS: MARZO - ABRIL",,,,"16800","4372","5","133","2022-03-02 18:32:56","1","2022-03-02 20:25:28",,,"294","252"
"275","28","2022-03-08",,"31","974","0","8400","2","2022-05-08","1","29","PERIODOS: MARZO - ABRIL",,,,"16800","4367","2","4004","2022-03-02 18:33:01","1","2022-03-02 20:15:49",,,"295","251"
"276","29","2022-03-08",,"31","965","0","8400","2","2022-05-08","1","29","PERIODOS: MARZO - ABRIL",,,,"16800","4373","5","134","2022-03-02 18:33:05","1","2022-03-02 20:27:16",,,"296","253"
"277","30","2022-03-09",,"31","1013","0","8550","2","2022-05-09","1","29","PERIODOS: MARZO - ABRIL",,,,"17100","4423","2","4047","2022-03-15 20:14:54","1","2022-03-16 23:23:54",,,"297","254"
"278","31","2022-03-12",,"31","869","0","8550","2","2022-05-12","1","29","PERIODOS: MARZO - ABRIL",,,,"17100","4424","2","4048","2022-03-15 20:14:57","1","2022-03-16 23:25:36",,,"298","255"
"279","32","2022-03-20",,"31","1029","0","8550","2","2022-05-20","1","29","PERIODOS: MARZO - ABRIL",,,,"17100","4422","2","4046","2022-03-15 20:15:12","1","2022-03-16 23:22:20",,,"293","256"
"280","33","2022-03-25",,"31","961","0","8662.5","2","2022-05-25","1","29","PERIODOS: MARZO - ABRIL",,,,"17325","4438","5","145","2022-03-28 18:16:10","1","2022-04-04 13:41:16",,,"300","257"
"281","34","2022-04-04",,"31","987","0","8400","2","2022-06-04","1","29","PERIODOS: ABRIL - MAYO",,,,"16800","4443","5","146","2022-04-04 14:07:26","1","2022-04-08 18:54:19",,,"301","258"
"282","35","2022-04-06",,"31","1011","0","8756.25","6","2022-10-06","1","29","PERIODOS: ABRIL - MAYO - JUNIO - JULIO - AGOSTO - SEPTIEMBRE",,,,"52537.5","4442","2","4064","2022-04-04 14:07:32","1","2022-04-05 11:17:26",,,"338","217"
"283","36","2022-04-09",,"31","921","0","8756.25","2","2022-06-09","1","29","PERIODOS: ABRIL - MAYO",,,,"17512.5","4440","2","4062","2022-04-04 14:07:44","1","2022-04-05 11:12:07",,,"302","259"
"284","37","2022-04-09",,"31","1031","0","8756.25","2","2022-06-09","1","29","PERIODOS: ABRIL - MAYO",,,,"17512.5","4441","2","4063","2022-04-04 14:07:49","1","2022-04-05 11:14:24",,,"303","262"
"285","38","2022-04-18",,"31","840","0","8887.5","2","2022-06-18","1","29","PERIODOS: ABRIL - MAYO",,,,"17775","4483","2","4103","2022-04-18 20:51:11","1","2022-04-18 20:55:10",,,"304","266"
"286","39","2022-04-18",,"31","681","0","8887.5","2","2022-06-18","1","29","PERIODOS: ABRIL - MAYO",,,,"17775","4482","2","4102","2022-04-18 20:51:15","1","2022-04-18 20:53:55",,,"305","267"
"287","40","2022-04-18",,"31","932","0","8887.5","2","2022-06-18","1","29","PERIODOS: ABRIL - MAYO",,,,"17775","4484","2","4104","2022-04-18 20:51:19","1","2022-04-18 20:56:59",,,"306","268"
"288","41","2022-04-20",,"31","123","0","8981.25","2","2022-06-20","1","29","PERIODOS: ABRIL - MAYO",,,,"17962.5","4492","5","151","2022-04-22 13:37:34","1","2022-04-29 12:24:22",,,"307","269"
"289","42","2022-04-27",,"10","957","0","12070","2","2022-06-27","1","29","PERIODOS: ABRIL - MAYO",,,,"24140",,,,"2022-04-22 13:37:44","1","2022-04-22 13:38:22","1","0",,"270"
"290","43","2022-05-03",,"10","883","0","12070","2","2022-07-03","1","29","PERIODOS: MAYO - JUNIO",,,,"24140",,,,"2022-04-27 18:26:57","1","2022-04-27 18:27:33","1","0",,"271"
"291","44","2022-05-03",,"31","944","0","8981.25","2","2022-07-03","1","29","PERIODOS: MAYO - JUNIO",,,,"17962.5","4491","5","150","2022-04-27 18:27:01","1","2022-04-29 12:20:39",,,"308","272"
"292","45","2022-05-06",,"31","937","0","8981.25","2","2022-07-06","1","29","PERIODOS: MAYO - JUNIO",,,,"17962.5","4490","2","4108","2022-04-27 18:27:04","1","2022-04-29 12:15:53",,,"309","273"
"293","46","2022-05-20",,"10","1029","0","12070","2","2022-07-20","1","29","PERIODOS: MAYO - JUNIO",,,,"24140",,,,"2022-05-13 18:44:52","1","2022-05-13 18:45:36","1","0",,"279"
"294","47","2022-05-08",,"31","910","0","9150","2","2022-07-08","3","29","PERIODOS: MAYO - JUNIO",,,,"18300","4505","5","156","2022-05-13 18:44:55","1","2022-05-13 19:27:19",,,"310","274"
"295","48","2022-05-08",,"31","974","0","9150","2","2022-07-08","1","29","PERIODOS: MAYO - JUNIO",,,,"18300","4501","2","4114","2022-05-13 18:45:00","1","2022-05-13 19:20:39",,,"311","275"
"296","49","2022-05-08",,"31","965","0","9150","2","2022-07-08","1","29","PERIODOS: MAYO - JUNIO",,,,"18300","4504","5","155","2022-05-13 18:45:06","1","2022-05-13 19:25:44",,,"312","276"
"297","50","2022-05-09",,"31","1013","0","9150","2","2022-07-09","1","29","PERIODOS: MAYO - JUNIO",,,,"18300","4502","2","4115","2022-05-13 18:45:09","1","2022-05-13 19:22:18",,,"313","277"
"298","51","2022-05-12",,"31","869","0","9150","2","2022-07-12","1","29","PERIODOS: MAYO - JUNIO",,,,"18300","4503","2","4116","2022-05-13 18:45:12","1","2022-05-13 19:23:48",,,"314","278"
"299","52","2022-05-23",,"31","922","0","9281.25","6","2022-11-23","1","29",,,,,"55687.5","4559","2","4156","2022-05-23 09:46:13","1","2022-05-23 12:56:11","1","0","356",
"300","53","2022-05-25",,"31","961","0","9281.25","2","2022-07-25","1","29","PERIODOS: MAYO - JUNIO",,,,"18562.5","4560","5","171","2022-05-23 09:56:10","1","2022-05-23 12:59:30",,,"316","280"
"301","54","2022-06-04",,"13","987","0","12070","2","2022-08-04","1","29","PERIODOS: JUNIO - JULIO",,,,"24140",,,,"2022-06-02 16:01:38","1","2022-06-06 18:12:32","1","0",,"281"
"302","55","2022-06-09",,"31","921","0","9506.25","2","2022-08-09","1","29","PERIODOS: JUNIO - JULIO",,,,"19012.5","4635","2","4218","2022-06-15 11:54:54","1","2022-06-21 19:32:55",,,"319","283"
"303","56","2022-06-09",,"31","1031","0","9506.25","2","2022-08-09","1","29","PERIODOS: JUNIO - JULIO",,,,"19012.5","4636","2","4219","2022-06-15 11:55:01","1","2022-06-21 19:34:52",,,"320","284"
"304","57","2022-06-18",,"31","840","0","9637.5","2","2022-08-18","1","29","PERIODOS: JUNIO - JULIO",,,,"19275","4638","2","4221","2022-06-21 19:35:48","1","2022-06-21 19:40:05",,,"323","285"
"305","58","2022-06-18",,"31","681","0","9637.5","2","2022-08-18","1","29","PERIODOS: JUNIO - JULIO",,,,"19275","4637","2","4220","2022-06-21 19:35:51","1","2022-06-21 19:38:15",,,"324","286"
"306","59","2022-06-18",,"31","932","0","9637.5","2","2022-08-18","1","29","PERIODOS: JUNIO - JULIO",,,,"19275","4639","2","4222","2022-06-21 19:35:55","1","2022-06-21 19:41:39",,,"325","287"
"307","60","2022-06-20",,"31","123","0","9637.5","2","2022-08-20","1","29","PERIODOS: JUNIO - JULIO",,,,"19275","4640","5","185","2022-06-21 19:35:58","1","2022-06-21 19:43:50",,,"326","288"
"308","61","2022-07-03",,"31","944","0","8981.25","2","2022-09-03","1","29","PERIODOS: JULIO - AGOSTO",,,,"17962.5","4666","5","197","2022-07-04 13:39:40","1","2022-07-04 18:27:06",,,"328","291"
"309","62","2022-07-06",,"31","937","0","8981.25","2","2022-09-06","1","29","PERIODOS: JULIO - AGOSTO",,,,"17962.5","4665","2","4236","2022-07-04 13:39:44","1","2022-07-04 18:24:16",,,"331","292"
"310","63","2022-07-08",,"31","910","0","10540","2","2022-09-08","3","29","PERIODOS: JULIO - AGOSTO",,,,"21080","4676","5","200","2022-07-06 00:27:32","1","2022-07-10 14:42:50",,,"332","294"
"311","64","2022-07-08",,"31","974","0","10540","2","2022-09-08","1","29","PERIODOS: JULIO - AGOSTO",,,,"21080","4673","2","4242","2022-07-06 00:27:36","1","2022-07-10 14:36:38",,,"333","295"
"312","65","2022-07-08",,"31","965","0","10540","2","2022-09-08","1","29","PERIODOS: JULIO - AGOSTO",,,,"21080","4675","5","199","2022-07-06 00:27:40","1","2022-07-10 14:41:03",,,"334","296"
"313","66","2022-07-09",,"31","1013","0","10540","2","2022-09-09","1","29","PERIODOS: JULIO - AGOSTO",,,,"21080","4674","2","4243","2022-07-06 00:27:43","1","2022-07-10 14:38:21",,,"335","297"
"314","67","2022-07-12",,"31","869","0","10800","2","2022-09-12","1","29","PERIODOS: JULIO - AGOSTO     USD  80",,,,"21600","4677","2","4244","2022-07-13 18:17:05","1","2022-07-13 18:26:44","1","0","336","298"
"315","68","2022-07-13",,"31","437","0","13475","6","2023-01-13","1","29","USD 100 X MES",,,,"80850","4678","2","4245","2022-07-13 20:25:32","1","2022-07-13 20:29:57","1","0","372",
"316","69","2022-07-25",,"31","961","0","11623.75","2","2022-09-25","1","29","PERIODOS: JULIO - AGOSTO",,,,"23247.5","4720","5","208","2022-08-01 16:38:42","1","2022-08-01 19:52:27",,,"337","300"
"317","70","2022-08-10",,"31","1002","0","11200","6","2023-02-10","1","29","PERIODOS: AGOSTO - SEPTIEMBRE - OCTUBRE - NOVIEMBRE - DICIEMBRE - ENERO",,,,"67200","4724","2","4283","2022-08-10 17:24:49","1","2022-08-10 17:43:15",,,"376","260"
"318","71","2022-08-10",,"31","1066","0","8750","6","2023-02-10","1","29",,,,,"52500","4723","2","4282","2022-08-10 17:33:56","1","2022-08-10 17:36:15",,"2","377",
"319","72","2022-08-09",,"31","921","0","11200","2","2022-10-09","1","29","PERIODOS: AGOSTO - SEPTIEMBRE",,,,"22400","4725","2","4284","2022-08-10 17:44:09","1","2022-08-10 17:47:47",,,"339","302"
"320","73","2022-08-09",,"31","1031","0","11200","2","2022-10-09","1","29","PERIODOS: AGOSTO - SEPTIEMBRE",,,,"22400","4726","2","4285","2022-08-10 17:44:13","1","2022-08-10 17:49:15",,,"340","303"
"321","74","2022-08-11",,"10","1000","0","12070","6","2023-02-11","1","29","PERIODOS: AGOSTO - SEPTIEMBRE - OCTUBRE - NOVIEMBRE - DICIEMBRE - ENERO",,,,"72420",,,,"2022-08-11 22:52:58","1","2022-08-11 22:53:39","1","0",,"261"
"322","75","2022-08-18",,"31","504","1","12070","3","2022-11-18","1","29","PERIODOS: AGOSTO - SEPTIEMBRE - OCTUBRE - NOVIEMBRE - DICIEMBRE - ENERO","80","240","144.37","34648.8","4880","5","248","2022-08-19 15:21:52","1","2022-09-20 14:44:03","1","0","355","263"
"323","76","2022-08-18",,"31","840","0","12070","2","2022-10-18","1","29","PERIODOS: AGOSTO - SEPTIEMBRE",,,,"24140","4804","2","4340","2022-08-19 15:21:56","1","2022-08-19 19:51:40",,,"343","304"
"324","77","2022-08-18",,"31","681","0","12070","2","2022-10-18","1","29","PERIODOS: AGOSTO - SEPTIEMBRE",,,,"24140","4803","2","4339","2022-08-19 15:22:00","1","2022-08-19 19:49:29",,,"341","305"
"325","78","2022-08-18",,"31","932","0","12070","2","2022-10-18","1","29","PERIODOS: AGOSTO - SEPTIEMBRE",,,,"24140","4805","2","4341","2022-08-19 15:22:04","1","2022-08-19 19:53:09",,,"342","306"
"326","79","2022-08-20",,"31","123","0","12070","2","2022-10-20","1","29","PERIODOS: AGOSTO - SEPTIEMBRE",,,,"24140","4802","5","231","2022-08-19 15:22:17","1","2022-08-19 19:47:43",,,"345","307"
"327","80","2022-08-23",,"31","1006","1","12070","6","2023-02-23","1","29","PERIODOS: AGOSTO - SEPTIEMBRE - OCTUBRE - NOVIEMBRE - DICIEMBRE - ENERO","80","480","135.75","65160","4835","5","236","2022-08-22 20:22:35","1","2022-09-14 13:43:46","1","0","386","265"
"328","81","2022-09-03",,"31","944","1","8981.25","2","2022-11-03","1","29","PERIODOS: SEPTIEMBRE - OCTUBRE","80","160","146","23360","4836","5","237","2022-09-02 11:22:18","1","2022-09-14 13:45:32","1","0","346","308"
"330","1","2022-09-14",,"31","1070","1","12070","2","2022-11-14","1","29",,"110","220","149","32780","4831","2","4363","2022-09-14 12:56:06","1","2022-09-14 13:33:45","1","0","354",
"331","82","2022-09-06",,"31","937","1","8981.25","2","2022-11-06","1","29","PERIODOS: SEPTIEMBRE - OCTUBRE","80","160","147.5","23600","4830","2","4362","2022-09-14 12:56:55","1","2022-09-14 13:29:27","1","0","347","309"
"332","83","2022-09-08",,"31","910","1","10540","2","2022-11-08","3","29","PERIODOS: SEPTIEMBRE - OCTUBRE","80","160","147.5","23600","4838","5","239","2022-09-14 12:57:01","1","2022-09-14 13:48:55","1","0","348","310"
"333","84","2022-09-08",,"31","974","1","10540","2","2022-11-08","1","29","PERIODOS: SEPTIEMBRE - OCTUBRE","80","160","147.5","23600","4832","2","4364","2022-09-14 12:57:07","1","2022-09-14 13:35:39","1","0","349","311"
"334","85","2022-09-08",,"31","965","1","10540","2","2022-11-08","1","29","PERIODOS: SEPTIEMBRE - OCTUBRE","80","160","147.5","23600","4837","5","238","2022-09-14 12:57:13","1","2022-09-14 13:47:13","1","0","350","312"
"335","86","2022-09-09",,"31","1013","1","10540","2","2022-11-09","1","29","PERIODOS: SEPTIEMBRE - OCTUBRE","80","160","147.5","23600","4833","2","4365","2022-09-14 12:57:18","1","2022-09-14 13:37:19","1","0","351","313"
"336","87","2022-09-12",,"31","869","1","10800","2","2022-11-12","1","29","PERIODOS: SEPTIEMBRE - OCTUBRE","80","160","148.75","23800","4834","2","4366","2022-09-14 12:57:23","1","2022-09-14 13:40:03","1","0","353","314"
"337","88","2022-09-25",,"31","961","1","11623.75","2","2022-11-25","1","29","PERIODOS: SEPTIEMBRE - OCTUBRE","80","160","152.25","24360","4905","2","4422","2022-09-15 16:06:22","1","2022-10-18 13:26:38","1","0","357","316"
"338","89","2022-10-06",,"31","1011","1","8756.25","6","2023-04-06","1","29","PERIODOS: OCTUBRE - NOVIEMBRE - DICIEMBRE - ENERO - FEBRERO - MARZO","80","480","155.25","74520","4906","2","4423","2022-10-14 18:14:04","1","2022-10-18 13:29:42","1","0","396","282"
"339","90","2022-10-09",,"31","921","1","11200","2","2022-12-09","1","29","PERIODOS: OCTUBRE - NOVIEMBRE","80","160","157","25120","4903","2","4420","2022-10-14 18:14:08","1","2022-10-18 13:21:47","1","0","358","319"
"340","91","2022-10-09",,"10","1031","1","11200","2","2022-12-09","1","29","PERIODOS: OCTUBRE - NOVIEMBRE",,"0",,"0",,,,"2022-10-14 18:14:14","1","2022-10-14 18:14:39","1","0",,"320"
"341","92","2022-10-18",,"31","681","1","12070","2","2022-12-18","1","29","PERIODOS: OCTUBRE - NOVIEMBRE","75","150","158.75","23812.5","4904","2","4421","2022-10-17 18:21:44","1","2022-10-18 13:24:20","1","0","360","324"
"342","93","2022-10-18",,"31","932","1","12070","2","2022-12-18","1","29","PERIODOS: OCTUBRE - NOVIEMBRE","75","150","158.75","23812.5","4908","2","4425","2022-10-17 18:21:48","1","2022-10-18 13:33:14","1","0","361","325"
"343","94","2022-10-18",,"31","840","1","12070","2","2022-12-18","1","29","PERIODOS: OCTUBRE - NOVIEMBRE","75","150","158.75","23812.5","4907","2","4424","2022-10-17 18:21:56","1","2022-10-18 13:31:33","1","0","362","323"
"344","95","2022-10-13",,"31","1085","1","12070","2","2022-12-13","1","29",,"110","220","157.25","34595","4959","2","4476","2022-10-26 17:31:38","1","2022-10-31 18:42:16",,"2","359",
"345","96","2022-10-20",,"31","123","1","12070","2","2022-12-20","1","29","PERIODOS: OCTUBRE - NOVIEMBRE","80","160","159.5","25520","4960","2","4477","2022-10-31 13:51:23","1","2022-10-31 18:44:05","1","0","363","326"
"346","97","2022-11-03",,"31","944","1","8981.25","2","2023-01-03","1","29","PERIODOS: NOVIEMBRE - DICIEMBRE","80","160","164","26240","4965","2","4482","2022-11-08 18:43:42","1","2022-11-09 14:07:21","1","0","364","328"
"347","98","2022-11-06",,"31","937","1","8981.25","2","2023-01-06","1","29","PERIODOS: NOVIEMBRE - DICIEMBRE","80","160","164","26240","4964","2","4481","2022-11-08 18:43:48","1","2022-11-09 13:58:24","1","0","365","331"
"348","99","2022-11-08",,"31","910","1","10540","2","2023-01-08","3","29","PERIODOS: NOVIEMBRE - DICIEMBRE","80","160","166","26560","4976","5","252","2022-11-08 18:43:51","1","2022-11-10 20:41:06","1","0","366","332"
"349","100","2022-11-08",,"31","974","1","10540","2","2023-01-08","1","29","PERIODOS: NOVIEMBRE - DICIEMBRE","80","160","166","26560","4967","2","4484","2022-11-08 18:43:56","1","2022-11-09 14:13:03","1","0","367","333"
"350","101","2022-11-08",,"31","965","1","10540","2","2023-01-08","1","29","PERIODOS: NOVIEMBRE - DICIEMBRE","80","160","166","26560","4966","2","4483","2022-11-08 18:43:59","1","2022-11-09 14:10:35","1","0","368","334"
"351","102","2022-11-09",,"31","1013","1","10540","2","2023-01-09","1","29","PERIODOS: NOVIEMBRE - DICIEMBRE","80","160","166","26560","4968","2","4485","2022-11-08 18:44:12","1","2022-11-09 14:15:21","1","0","370","335"
"352","103","2022-11-03",,"31","1086","1","12070","2","2023-01-08","1","29",,"110","220","165","36300","4975","5","251","2022-11-08 19:28:41","1","2022-11-10 20:39:25",,"2","369",
"353","104","2022-11-12",,"31","869","1","10800","2","2023-01-12","1","29","PERIODOS: NOVIEMBRE - DICIEMBRE","80","160","167","26720","5016","2","4524","2022-11-21 15:38:21","1","2022-11-21 18:04:35","1","0","371","336"
"354","105","2022-11-14",,"31","1070","1","12070","2","2023-01-14","1","29","PERIODOS: NOVIEMBRE - DICIEMBRE","110","220","167.5","36850","5015","2","4523","2022-11-21 15:38:26","1","2022-11-21 18:02:53","1","0","373","330"
"355","106","2022-11-18",,"31","504","1","12070","3","2023-02-18","1","29","PERIODOS: NOVIEMBRE - DICIEMBRE - ENERO","80","240","169.25","40620","5017","5","260","2022-11-21 15:38:38","1","2022-11-23 13:13:33","1","0","380","322"
"356","107","2022-11-23",,"31","922","1","9281.25","3","2023-02-23","1","29","PERIODOS: NOVIEMBRE - DICIEMBRE - ENERO","80","240","169.25","40620","5019","2","4526","2022-11-21 15:38:52","1","2022-11-25 19:39:11","1","0","385","299"
"357","108","2022-11-25",,"31","961","1","11623.75","2","2023-01-25","1","29","PERIODOS: NOVIEMBRE - DICIEMBRE","80","160","171.75","27480","5020","5","261","2022-11-25 19:33:47","1","2022-11-25 19:41:43","1","0","374","337"
"358","109","2022-12-09",,"31","921","1","11200","2","2023-02-09","1","29","PERIODOS: DICIEMBRE - ENERO","80","160","178","28480","5083","2","4569","2022-12-16 14:45:38","1","2022-12-16 14:52:45","1","0","375","339"
"359","110","2022-12-13",,"31","1085","1","12070","2","2023-02-13","1","29","PERIODOS: DICIEMBRE - ENERO","110","220","178.5","39270","5084","2","4570","2022-12-16 14:45:44","1","2022-12-16 14:54:57","1","0","378","344"
"360","111","2022-12-18",,"31","681","1","12070","2","2023-02-18","1","29","PERIODOS: DICIEMBRE - ENERO","80","160","180","28800","5122","5","290","2022-12-24 11:29:01","1","2022-12-24 11:42:39","1","0","381","341"
"361","112","2022-12-18",,"31","932","1","12070","2","2023-02-18","1","29","PERIODOS: DICIEMBRE - ENERO","75","150","180","27000","5124","2","4601","2022-12-24 11:29:09","1","2022-12-24 11:46:42","1","0","382","342"
"362","113","2022-12-18",,"31","840","1","12070","2","2023-02-18","1","29","PERIODOS: DICIEMBRE - ENERO","80","160","180","28800","5123","2","4600","2022-12-24 11:29:15","1","2022-12-24 11:45:12","1","0","383","343"
"363","114","2022-12-20",,"31","123","1","12070","2","2023-02-20","1","29","PERIODOS: DICIEMBRE - ENERO","80","160","180","28800","5121","5","289","2022-12-24 11:29:22","1","2022-12-24 11:39:39","1","0","384","345"
"364","1","2023-01-03",,"31","944","1","8981.25","2","2023-03-03","1","29","PERIODOS: ENERO - FEBRERO","80","160","185.75","29720","5135","5","292","2023-01-04 23:12:08","1","2023-01-04 23:35:42","1","0","387","346"
"365","2","2023-01-06",,"31","937","1","8981.25","2","2023-03-06","1","29","PERIODOS: ENERO - FEBRERO","80","160","187.75","30040","5143","2","4617","2023-01-13 09:31:59","1","2023-01-13 09:55:43","1","0","388","347"
"366","3","2023-01-08",,"13","910","1","10540","2","2023-03-08","3","29","PERIODOS: ENERO - FEBRERO","80","160","166","26560",,,,"2023-01-13 09:33:34","1","2023-01-13 09:34:01","1","0",,"348"
"367","4","2023-01-08",,"31","974","1","10540","2","2023-03-08","1","29","PERIODOS: ENERO - FEBRERO","80","160","187.25","29960","5144","2","4618","2023-01-13 09:34:34","1","2023-01-13 09:59:30","1","0","389","349"
"368","5","2023-01-08",,"31","965","1","10540","2","2023-03-08","1","29","PERIODOS: ENERO - FEBRERO","80","160","187.25","29960","5147","5","294","2023-01-13 09:34:38","1","2023-01-13 10:06:38","1","0","390","350"
"369","6","2023-01-08",,"31","1086","1","12070","2","2023-03-08","1","29","PERIODOS: ENERO - FEBRERO","110","220","187.25","41195","5148","5","295","2023-01-13 09:34:42","1","2023-01-13 10:08:34","1","0","391","352"
"370","7","2023-01-09",,"31","1013","1","10540","2","2023-03-09","1","29","PERIODOS: ENERO - FEBRERO","80","160","187.25","29960","5145","2","4619","2023-01-13 09:34:46","1","2023-01-13 10:01:58","1","0","392","351"
"371","8","2023-01-12",,"31","869","1","10800","2","2023-03-12","1","29","PERIODOS: ENERO - FEBRERO","80","160","187.75","30040","5146","2","4620","2023-01-13 09:34:50","1","2023-01-13 10:03:52","1","0","393","353"
"372","9","2023-01-13",,"31","437","1","13475","6","2023-07-13","1","29","PERIODOS: ENERO - FEBRERO - MARZO - ABRIL - MAYO - JUNIO","100","600","187.75","112650","5176","2","4646","2023-01-13 09:34:54","1","2023-01-17 01:28:19","1","0","433","315"
"373","10","2023-01-14",,"31","1070","1","12070","2","2023-03-14","1","29","PERIODOS: ENERO - FEBRERO","110","220","189","41580","5177","2","4647","2023-01-16 22:01:49","1","2023-01-17 01:30:57","1","0","394","354"
"374","11","2023-01-25",,"31","961","1","11623.75","2","2023-03-25","1","29","PERIODOS: ENERO - FEBRERO","80","160","191.5","30640","5182","2","4652","2023-01-26 16:59:26","1","2023-01-27 17:30:46","1","0","395","357"
"375","12","2023-02-09",,"31","921","1","11200","2","2023-04-09","1","29","PERIODOS: FEBRERO - MARZO","80","160","196.25","31400","5215","2","4685","2023-02-10 18:21:33","1","2023-02-13 14:10:18","1","0","397","358"
"376","13","2023-02-10",,"31","1002","1","11200","3","2023-05-10","1","29","PERIODOS: FEBRERO - MARZO - ABRIL - MAYO - JUNIO - JULIO","80","240","197.25","47340","5218","2","4688","2023-02-10 18:21:39","1","2023-02-13 14:21:47","1","0","409","317"
"377","14","2023-02-10",,"31","1066","1","8750","3","2023-05-10","1","29","PERIODOS: FEBRERO - MARZO - ABRIL - MAYO - JUNIO - JULIO","100","300","197.25","59175","5216","2","4686","2023-02-10 18:21:44","1","2023-02-13 14:12:56","1","0","410","318"
"378","15","2023-02-13",,"31","1085","1","12070","2","2023-04-13","1","29","PERIODOS: FEBRERO - MARZO","110","220","197.75","43505","5217","2","4687","2023-02-13 13:49:26","1","2023-02-13 14:16:09","1","0","398","359"
"379","16","2023-02-18",,"31","860","1","8400","3","2023-05-18","1","29","PERIODOS: FEBRERO - MARZO - ABRIL - MAYO - JUNIO - JULIO - AGOSTO - SEPTIEMBRE - OCTUBRE - NOVIEMBRE - DICIEMBRE - ENERO","80","240","200.25","48060","5291","5","311","2023-02-22 08:08:50","1","2023-02-22 17:50:27","1","0","413","264"
"380","17","2023-02-18",,"31","504","1","12070","3","2023-05-18","1","29","PERIODOS: FEBRERO - MARZO - ABRIL   OC 3000862975.","80","240","200.25","48060","5294","5","312","2023-02-22 08:08:56","1","2023-02-23 13:36:23","1","0","414","355"
"381","18","2023-02-18",,"31","681","1","12070","2","2023-04-18","1","29","PERIODOS: FEBRERO - MARZO","80","160","200.25","32040","5289","5","309","2023-02-22 08:09:03","1","2023-02-22 17:46:17","1","0","399","360"
"382","19","2023-02-18",,"31","932","1","12070","2","2023-04-18","1","29","PERIODOS: FEBRERO - MARZO","75","150","200.25","30037.5","5293","2","4749","2023-02-22 08:09:09","1","2023-02-22 17:55:01","1","0","400","361"
"383","20","2023-02-18",,"31","840","1","12070","2","2023-04-18","1","29","PERIODOS: FEBRERO - MARZO","80","160","200.25","32040","5292","2","4748","2023-02-22 08:09:13","1","2023-02-22 17:53:02","1","0","401","362"
"384","21","2023-02-20",,"31","123","1","12070","2","2023-04-20","1","29","PERIODOS: FEBRERO - MARZO","80","160","200.25","32040","5290","5","310","2023-02-22 08:09:18","1","2023-02-22 17:48:28","1","0","402","363"
"385","22","2023-02-23",,"31","922","1","9281.25","3","2023-05-23","1","29","PERIODOS: FEBRERO - MARZO - ABRIL","80","240","195.31","46874.4","5305","2","4758","2023-02-27 12:49:58","1","2023-02-27 19:50:15","1","0","415","356"
"386","23","2023-02-23",,"31","1006","1","12070","3","2023-05-23","1","29","PERIODOS: FEBRERO - MARZO - ABRIL - MAYO - JUNIO - JULIO","80","240","195.31","46874.4","5306","5","315","2023-02-27 12:50:03","1","2023-02-27 19:52:23","1","0","416","327"
"387","24","2023-03-03",,"31","944","1","8981.25","2","2023-05-03","1","29","PERIODOS: MARZO - ABRIL","80","160","205.5","32880","5320","5","316","2023-03-07 16:36:09","1","2023-03-09 22:37:38","1","0","403","364"
"388","25","2023-03-06",,"31","937","1","8981.25","2","2023-05-06","1","29","PERIODOS: MARZO - ABRIL","80","160","206.25","33000","5317","2","4769","2023-03-07 16:36:13","1","2023-03-09 22:29:58","1","0","404","365"
"389","26","2023-03-08",,"31","974","1","10540","2","2023-05-08","1","29","PERIODOS: MARZO - ABRIL","80","160","206.75","33080","5318","2","4770","2023-03-09 20:52:17","1","2023-03-09 22:31:52","1","0","405","367"
"390","27","2023-03-08",,"31","965","1","10540","2","2023-05-08","1","29","PERIODOS: MARZO - ABRIL","80","160","206.75","33080","5321","5","317","2023-03-09 20:52:21","1","2023-03-09 22:39:43","1","0","406","368"
"391","28","2023-03-08",,"31","1086","1","12070","2","2023-05-08","1","29","PERIODOS: MARZO - ABRIL","110","220","206.75","45485","5322","5","318","2023-03-09 20:52:25","1","2023-03-09 22:43:58","1","0","407","369"
"392","29","2023-03-09",,"31","1013","1","10540","2","2023-05-09","1","29","PERIODOS: MARZO - ABRIL","80","160","206.75","33080","5319","2","4771","2023-03-09 20:52:30","1","2023-03-09 22:35:08","1","0","408","370"
"393","30","2023-03-12",,"31","869","1","10800","2","2023-05-12","1","29","PERIODOS: MARZO - ABRIL","80","160","208.25","33320","5325","2","4774","2023-03-13 09:37:13","1","2023-03-15 14:43:19","1","0","411","371"
"394","31","2023-03-14",,"31","1070","1","12070","2","2023-05-14","1","29","PERIODOS: MARZO - ABRIL","110","220","208.75","45925","5324","2","4773","2023-03-15 14:38:02","1","2023-03-15 14:40:43","1","0","412","373"
"395","32","2023-03-25",,"31","961","1","11623.75","2","2023-05-25","1","29","PERIODOS: MARZO - ABRIL","80","160","213.5","34160","5361","5","322","2023-03-28 17:19:44","1","2023-03-28 17:38:39","1","0","417","374"
"396","33","2023-04-06",,"31","1011","1","8756.25","3","2023-07-06","1","29","PERIODOS: ABRIL - MAYO - JUNIO - JULIO - AGOSTO - SEPTIEMBRE","80","240","218.5","52440","5374","2","4818","2023-04-13 09:27:52","1","2023-04-14 16:20:05","1","0","426","338"
"397","34","2023-04-09",,"31","921","1","11200","2","2023-06-09","1","29","PERIODOS: ABRIL - MAYO","80","160","220.25","35240","5372","2","4816","2023-04-13 09:27:56","1","2023-04-14 16:15:08","1","0","418","375"
"398","35","2023-04-13",,"31","1085","1","12070","2","2023-06-13","1","29","PERIODOS: ABRIL - MAYO","110","220","220.75","48565","5373","2","4817","2023-04-13 09:28:00","1","2023-04-14 16:17:07","1","0","419","378"
"399","36","2023-04-18",,"31","681","1","12070","2","2023-06-18","1","29","PERIODOS: ABRIL - MAYO","80","160","223","35680","5414","5","328","2023-04-18 13:09:47","1","2023-04-18 14:31:35","1","0","420","381"
"400","37","2023-04-18",,"31","932","1","12070","2","2023-06-18","1","29","PERIODOS: ABRIL - MAYO","75","150","223","33450","5413","2","4853","2023-04-18 13:09:51","1","2023-04-18 14:29:32","1","0","421","382"
"401","38","2023-04-18",,"31","840","1","12070","2","2023-06-18","1","29","PERIODOS: ABRIL - MAYO","80","160","223","35680","5412","2","4852","2023-04-18 13:09:54","1","2023-04-18 14:27:54","1","0","422","383"
"402","39","2023-04-20",,"31","123","1","12070","2","2023-06-20","1","29","PERIODOS: ABRIL - MAYO","80","160","224.5","35920","5415","5","329","2023-04-21 16:39:34","1","2023-04-21 17:58:36","1","0","423","384"
"403","40","2023-05-03",,"31","944","1","8981.25","2","2023-07-03","1","29","PERIODOS: MAYO - JUNIO","80","160","232","37120","5444","5","342","2023-05-03 17:25:10","1","2023-05-03 21:37:43","1","0","425","387"
"404","41","2023-05-06",,"31","937","1","8981.25","2","2023-07-06","1","29","PERIODOS: MAYO - JUNIO","80","160","236","37760","5446","2","4871","2023-05-10 15:38:29","1","2023-05-10 18:31:23","1","0","427","388"
"405","42","2023-05-08",,"31","974","1","10540","2","2023-07-08","1","29","PERIODOS: MAYO - JUNIO","80","160","236","37760","5452","2","4875","2023-05-10 15:38:32","1","2023-05-16 14:55:36","1","0","428","389"
"406","43","2023-05-08",,"31","965","1","10540","2","2023-07-08","1","29","PERIODOS: MAYO - JUNIO","80","160","236","37760","5449","5","343","2023-05-10 15:38:40","1","2023-05-10 18:42:12","1","0","429","390"
"407","44","2023-05-08",,"31","1086","1","12070","2","2023-07-08","1","29","PERIODOS: MAYO - JUNIO","110","220","236","51920","5450","5","344","2023-05-10 15:38:42","1","2023-05-10 18:44:18","1","0","430","391"
"408","45","2023-05-09",,"31","1013","1","10540","2","2023-07-09","1","29","PERIODOS: MAYO - JUNIO","80","160","237","37920","5448","2","4873","2023-05-10 15:38:45","1","2023-05-10 18:39:58","1","0","431","392"
"409","46","2023-05-10",,"13","1002","1","11200","3","2023-08-10","1","29","PERIODOS: MAYO - JUNIO - JULIO","80","240","2","480",,,,"2023-05-10 15:38:50","1","2023-05-10 17:39:56","1","0",,"376"
"410","47","2023-05-10",,"31","1066","1","8750","3","2023-08-10","1","29","PERIODOS: MAYO - JUNIO - JULIO","100","300","237.5","71250","5447","2","4872","2023-05-10 15:38:53","1","2023-05-10 18:33:43","1","0","437","377"
"411","48","2023-05-12",,"31","869","1","10800","2","2023-07-12","1","29","PERIODOS: MAYO - JUNIO","80","160","238.5","38160","5453","2","4876","2023-05-16 14:47:48","1","2023-05-16 14:57:31","1","0","432","393"
"412","49","2023-05-14",,"31","1070","1","12070","2","2023-07-14","1","29","PERIODOS: MAYO - JUNIO","110","220","240","52800","5451","2","4874","2023-05-16 14:47:52","1","2023-05-16 14:53:53","1","0","434","394"
"413","50","2023-05-18",,"31","860","1","8400","3","2023-08-18","1","29","PERIODOS: MAYO - JUNIO - JULIO","80","240","241.5","48060","5477","5","349","2023-05-21 13:57:20","1","2023-05-21 14:07:15","1","0","439","379"
"414","51","2023-05-18",,"31","504","1","12070","3","2023-08-18","1","29","PERIODOS: MAYO - JUNIO - JULIO    Orden de Compra: 3000886686","80","240","256","61440","5598","5","385","2023-05-21 13:57:25","1","2023-06-22 13:43:30","1","0","440","380"
"415","52","2023-05-23",,"31","922","1","9281.25","3","2023-08-23","1","29","PERIODOS: MAYO - JUNIO - JULIO","80","240","244","58560","5482","2","4898","2023-05-24 10:22:55","1","2023-05-28 10:23:54","1","0","444","385"
"416","53","2023-05-23",,"31","1006","1","12070","3","2023-08-23","1","29","PERIODOS: MAYO - JUNIO - JULIO","80","240","244","58560","5479","5","351","2023-05-24 10:23:01","1","2023-05-24 14:37:45","1","0","445","386"
"417","54","2023-05-25",,"31","961","1","11623.75","2","2023-07-25","1","29","PERIODOS: MAYO - JUNIO","80","160","244","39040","5480","2","4896","2023-05-24 10:27:09","1","2023-05-24 14:40:08","1","0","435","395"
"418","55","2023-06-09",,"31","921","1","11200","2","2023-08-09","1","29","PERIODOS: JUNIO - JULIO","80","160","254.5","40720","5566","2","4955","2023-06-09 11:03:53","1","2023-06-15 20:47:22","1","0","436","397"
"419","56","2023-06-13",,"31","1085","1","12070","2","2023-08-13","1","29","PERIODOS: JUNIO - JULIO","110","220","256","56320","5567","2","4956","2023-06-15 15:04:05","1","2023-06-15 20:49:26","1","0","438","398"
"420","57","2023-06-18",,"31","681","1","12070","2","2023-08-18","1","29","PERIODOS: JUNIO - JULIO","80","160","262","41920","5594","5","383","2023-06-21 14:03:46","1","2023-06-21 14:08:49","1","0","441","399"
"421","58","2023-06-18",,"10","932","1","12070","2","2023-08-18","1","29","PERIODOS: JUNIO - JULIO","75","150","223","33450",,,,"2023-06-21 14:03:50","1","2023-06-21 14:04:25","1","0",,"400"
"422","59","2023-06-18",,"31","840","1","12070","2","2023-08-18","1","29","PERIODOS: JUNIO - JULIO","80","160","262","41920","5596","2","4979","2023-06-21 14:03:53","1","2023-06-21 14:12:31","1","0","442","401"
"423","60","2023-06-20",,"31","123","1","12070","2","2023-08-20","1","29","PERIODOS: JUNIO - JULIO","80","160","262","41920","5595","5","384","2023-06-21 14:03:56","1","2023-06-21 14:10:45","1","0","443","402"
"424","61","2023-06-28",,"13","1144","1","12070","2","2023-08-28","1","29",,"110","220","255.85","56287",,,,"2023-06-28 20:42:07","1","2023-07-26 10:42:52","1","0",,
"425","62","2023-07-03",,"31","944","1","8981.25","2","2023-09-03","1","29","PERIODOS: JULIO - AGOSTO","80","160","270","43200","5614","5","388","2023-07-04 12:48:04","1","2023-07-14 15:13:26","1","0","446","403"
"426","63","2023-07-06",,"10","1011","1","8756.25","3","2023-10-06","1","29","PERIODOS: JULIO - AGOSTO - SEPTIEMBRE","80","240","218.5","52440",,,,"2023-07-11 10:24:24","1","2023-07-11 10:26:20","1","0",,"396"
"427","64","2023-07-06",,"31","937","1","8981.25","2","2023-09-06","1","29","PERIODOS: JULIO - AGOSTO","80","160","272","43520","5610","2","4990","2023-07-11 10:24:27","1","2023-07-14 14:45:02","1","0","447","404"
"428","65","2023-07-08",,"31","974","1","10540","2","2023-09-08","1","29","PERIODOS: JULIO - AGOSTO","80","160","274.5","43920","5612","2","4992","2023-07-11 10:24:32","1","2023-07-14 15:07:55","1","0","448","405"
"429","66","2023-07-08",,"31","965","1","10540","2","2023-09-08","1","29","PERIODOS: JULIO - AGOSTO","80","160","274.5","43920","5615","5","389","2023-07-11 10:24:37","1","2023-07-14 15:15:23","1","0","449","406"
"430","67","2023-07-08",,"31","1086","1","12070","2","2023-09-08","1","29","PERIODOS: JULIO - AGOSTO","110","220","274.5","60390","5616","5","390","2023-07-11 10:24:39","1","2023-07-14 15:17:09","1","0","450","407"
"431","68","2023-07-09",,"10","1013","1","10540","2","2023-09-09","1","29","PERIODOS: JULIO - AGOSTO","80","160","237","37920",,,,"2023-07-11 10:24:43","1","2023-07-11 10:26:01","1","0",,"408"
"432","69","2023-07-12",,"31","869","1","10800","2","2023-09-12","1","29","PERIODOS: JULIO - AGOSTO","80","160","275.5","44080","5613","2","4993","2023-07-13 20:38:27","1","2023-07-14 15:09:51","1","0","451","411"
"433","70","2023-07-13",,"31","437","1","13475","3","2023-10-13","1","29","PERIODOS: JULIO - AGOSTO - SEPTIEMBRE - OCTUBRE - NOVIEMBRE - DICIEMBRE","100","300","276.5","82950","5611","2","4991","2023-07-13 20:38:31","1","2023-07-14 15:05:44","1","0","455","372"
"434","71","2023-07-14",,"31","1070","1","12070","2","2023-09-14","1","29","PERIODOS: JULIO - AGOSTO","110","220","277","60940","5639","2","5013","2023-07-17 13:02:46","1","2023-07-17 15:34:56","1","0","452","412"
"435","72","2023-07-25",,"31","961","1","11623.75","2","2023-09-25","1","29","PERIODOS: JULIO - AGOSTO","80","160","283.5","45360","5666","5","395","2023-07-26 10:42:33","1","2023-07-26 17:14:06","1","0","453","417"
"436","73","2023-08-09",,"31","921","1","11200","2","2023-10-09","1","29","PERIODOS: AGOSTO - SEPTIEMBRE","80","160","285.15","45624","5695","2","5055","2023-08-15 16:33:50","1","2023-08-16 09:55:01","1","0","454","418"
"437","74","2023-08-10",,"31","1066","1","8750","3","2023-11-10","1","29","PERIODOS: AGOSTO - SEPTIEMBRE - OCTUBRE","100","300","286.2","85860","5696","2","5056","2023-08-15 16:33:54","1","2023-08-16 09:56:53","1","0","465","410"
"438","75","2023-08-13",,"31","1085","1","12070","2","2023-10-13","1","29","PERIODOS: AGOSTO - SEPTIEMBRE","110","220","287.35","63217","5697","2","5057","2023-08-15 16:33:58","1","2023-08-16 09:58:40","1","0","456","419"
"439","76","2023-08-18",,"31","860","1","8400","3","2023-11-18","1","29","PERIODOS: AGOSTO - SEPTIEMBRE - OCTUBRE","80","240","365.5","87720","5724","5","414","2023-08-16 18:54:25","1","2023-08-23 20:42:02","1","0","468","413"
"440","77","2023-08-18",,"31","504","1","12070","3","2023-11-18","1","29","PERIODOS: AGOSTO - SEPTIEMBRE - OCTUBRE","80","240","365.5","87720","5727","5","415","2023-08-23 19:43:54","1","2023-08-29 10:57:08","1","0","469","414"
"441","78","2023-08-18",,"31","681","1","12070","2","2023-10-18","1","29","PERIODOS: AGOSTO - SEPTIEMBRE","80","160","365.5","58480","5722","5","412","2023-08-23 19:43:58","1","2023-08-23 20:37:55","1","0","457","420"
"442","79","2023-08-18",,"31","840","1","12070","2","2023-10-18","1","29","PERIODOS: AGOSTO - SEPTIEMBRE","80","160","365.5","58480","5726","2","5079","2023-08-23 19:44:01","1","2023-08-23 20:50:28","1","0","458","422"
"443","80","2023-08-20",,"31","123","1","12070","2","2023-10-20","1","29","PERIODOS: AGOSTO - SEPTIEMBRE","80","160","365.5","58480","5723","5","413","2023-08-23 19:44:04","1","2023-08-23 20:39:56","1","0","459","423"
"444","81","2023-08-23",,"31","922","1","9281.25","3","2023-11-23","1","29","PERIODOS: AGOSTO - SEPTIEMBRE - OCTUBRE","80","240","365.5","87720","5725","2","5078","2023-08-23 19:44:08","1","2023-08-23 20:48:21","1","0","470","415"
"445","82","2023-08-23",,"31","1006","1","12070","3","2023-11-23","1","29","PERIODOS: AGOSTO - SEPTIEMBRE - OCTUBRE","80","240","365.5","87720","5721","5","411","2023-08-23 19:44:12","1","2023-08-23 20:34:59","1","0","471","416"
"446","83","2023-09-03",,"31","944","1","8981.25","2","2023-11-03","1","29","PERIODOS: SEPTIEMBRE - OCTUBRE","80","160","365.5","58480","5750","5","436","2023-09-02 14:19:09","1","2023-09-02 14:23:26","1","0","460","425"
"447","84","2023-09-06",,"31","937","1","8981.25","2","2023-11-06","1","29","PERIODOS: SEPTIEMBRE - OCTUBRE","80","160","365.5","58480","5792","2","5122","2023-09-07 18:34:30","1","2023-09-11 13:25:41","1","0","461","427"
"448","85","2023-09-08",,"31","974","1","10540","2","2023-11-08","1","29","PERIODOS: SEPTIEMBRE - OCTUBRE","80","160","365.5","58480","5793","2","5123","2023-09-07 18:34:34","1","2023-09-11 13:27:49","1","0","463","428"
"449","86","2023-09-08",,"31","965","1","10540","2","2023-11-08","1","29","PERIODOS: SEPTIEMBRE - OCTUBRE","80","160","365.6","58496","5795","5","438","2023-09-07 18:34:37","1","2023-09-11 13:32:28","1","0","464","429"
"450","87","2023-09-08",,"31","1086","1","12070","2","2023-11-08","1","29","PERIODOS: SEPTIEMBRE - OCTUBRE","110","220","365.5","80410","5796","5","439","2023-09-07 18:34:40","1","2023-09-11 13:35:14","1","0","462","430"
"451","88","2023-09-12",,"31","869","1","10800","2","2023-11-12","1","29","PERIODOS: SEPTIEMBRE - OCTUBRE","80","160","365.5","58480","5794","2","5124","2023-09-11 12:20:09","1","2023-09-11 13:30:14","1","0","466","432"
"452","89","2023-09-14",,"31","1070","1","12070","2","2023-11-14","1","29","PERIODOS: SEPTIEMBRE - OCTUBRE","110","220","365.5","80410","5809","2","5131","2023-09-14 16:44:11","1","2023-09-14 18:37:29","1","0","467","434"
"453","90","2023-09-25",,"31","961","1","11623.75","2","2023-11-25","1","29","PERIODOS: SEPTIEMBRE - OCTUBRE","80","160","365.5","58480","5835","5","450","2023-09-26 16:52:16","1","2023-09-26 16:55:45","1","0","472","435"
"454","91","2023-10-09",,"31","921","1","11200","2","2023-12-09","1","29","PERIODOS: OCTUBRE - NOVIEMBRE","80","160","365.5","58480","5847","2","5160","2023-10-09 13:53:50","1","2023-10-09 14:04:39","1","0","473","436"
"455","92","2023-10-13",,"31","437","1","13475","3","2024-01-13","1","29","PERIODOS: OCTUBRE - NOVIEMBRE - DICIEMBRE","100","300","365.5","109650","5848","2","5161","2023-10-09 13:55:10","1","2023-10-09 14:06:45","1","0","484","433"
"456","93","2023-10-13",,"31","1085","1","12070","2","2023-12-13","1","29","PERIODOS: OCTUBRE - NOVIEMBRE","110","220","365.5","80410","5849","2","5162","2023-10-09 13:55:13","1","2023-10-09 14:08:50","1","0","474","438"
"457","94","2023-10-18",,"31","681","1","12070","2","2023-12-18","1","29","PERIODOS: OCTUBRE - NOVIEMBRE","80","160","365.5","58480","5883","5","460","2023-10-17 15:20:50","1","2023-10-17 15:24:31","1","0","475","441"
"458","95","2023-10-18",,"31","840","1","12070","2","2023-12-18","1","29","PERIODOS: OCTUBRE - NOVIEMBRE","80","160","365.5","58480","5885","2","5191","2023-10-17 15:20:54","1","2023-10-17 15:28:24","1","0","476","442"
"459","96","2023-10-20",,"31","123","1","12070","2","2023-12-20","1","29","PERIODOS: OCTUBRE - NOVIEMBRE","80","160","365.5","58480","5884","5","461","2023-10-17 15:20:58","1","2023-10-17 15:26:21","1","0","477","443"
"460","97","2023-11-03",,"31","944","1","8981.25","2","2024-01-03","1","29","PERIODOS: NOVIEMBRE - DICIEMBRE","80","160","365.5","58480","5903","5","472","2023-11-06 14:26:26","1","2023-11-07 20:58:09",,,"478","446"
"461","98","2023-11-06",,"31","937","1","8981.25","2","2024-01-06","1","29","PERIODOS: NOVIEMBRE - DICIEMBRE","80","160","365.5","58480","5905","2","5199","2023-11-06 14:26:29","1","2023-11-07 21:02:29",,,"479","447"
"462","99","2023-11-08",,"31","1086","1","12070","2","2024-01-08","1","29","PERIODOS: NOVIEMBRE - DICIEMBRE","110","220","365.5","80410","5904","5","473","2023-11-06 14:26:37","1","2023-11-07 21:00:29",,,"480","450"
"463","100","2023-11-08",,"31","974","1","10540","2","2024-01-08","1","29","PERIODOS: NOVIEMBRE - DICIEMBRE","80","160","365.5","58480","5908","2","5202","2023-11-06 14:26:42","1","2023-11-07 21:10:54",,,"481","448"
"464","101","2023-11-08",,"31","965","1","10540","2","2024-01-08","1","29","PERIODOS: NOVIEMBRE - DICIEMBRE","80","160","365.6","58496","5907","2","5201","2023-11-06 14:26:46","1","2023-11-07 21:09:08",,,"482","449"
"465","102","2023-11-10",,"31","1066","1","8750","3","2024-02-10","1","29","PERIODOS: NOVIEMBRE - DICIEMBRE - ENERO","100","300","365.5","109650","5906","2","5200","2023-11-07 20:51:08","1","2023-11-07 21:05:54","1","0","488","437"
"466","103","2023-11-12",,"31","869","1","10800","2","2024-01-12","1","29","PERIODOS: NOVIEMBRE - DICIEMBRE","80","160","365.5","58480","5919","2","5208","2023-11-10 12:06:35","1","2023-11-10 15:11:11","1","0","483","451"
"467","104","2023-11-14",,"31","1070","1","12070","2","2024-01-14","1","29","PERIODOS: NOVIEMBRE - DICIEMBRE","110","220","365.5","80410","5918","2","5207","2023-11-10 12:06:38","1","2023-11-10 15:09:15","1","0","485","452"
"468","105","2023-11-18",,"31","860","1","8400","3","2024-02-18","1","29","PERIODOS: NOVIEMBRE - DICIEMBRE - ENERO","80","240","365.5","87720","5913","5","474","2023-11-10 12:06:42","1","2023-11-10 14:53:44","1","0","490","439"
"469","106","2023-11-18",,"31","504","1","12070","3","2024-02-18","1","29","PERIODOS: NOVIEMBRE - DICIEMBRE - ENERO","80","240","365.5","87720","5928","5","480","2023-11-10 12:06:44","1","2023-11-15 14:45:45",,,"491","440"
"470","107","2023-11-23",,"31","922","1","9281.25","3","2024-02-23","1","29","PERIODOS: NOVIEMBRE - DICIEMBRE - ENERO","80","240","372.5","89400","5992","2","5262","2023-11-22 19:09:14","1","2023-11-24 15:24:14","1","0","495","444"
"471","108","2023-11-23",,"31","1006","1","12070","3","2024-02-23","1","29","PERIODOS: NOVIEMBRE - DICIEMBRE - ENERO","80","240","372.5","89400","5964","5","489","2023-11-22 19:09:17","1","2023-11-24 12:30:01","1","0","496","445"
"472","109","2023-11-25",,"31","961","1","11623.75","2","2024-01-25","1","29","PERIODOS: NOVIEMBRE - DICIEMBRE","80","160","372.5","59600","5965","5","490","2023-11-22 19:09:21","1","2023-11-24 12:32:21","1","0","486","453"
"473","110","2023-12-09",,"31","921","1","11200","2","2024-02-09","1","29","PERIODOS: DICIEMBRE - ENERO","80","160","400.5","64080","5996","2","5265","2023-12-14 13:38:13","1","2023-12-14 15:44:52","1","0","487","454"
"474","111","2023-12-13",,"31","1085","1","12070","2","2024-02-13","1","29","PERIODOS: DICIEMBRE - ENERO","110","220","820","180400","5997","2","5266","2023-12-14 13:38:17","1","2023-12-14 15:46:55","1","0","489","456"
"475","112","2023-12-18",,"31","681","1","12070","2","2024-02-18","1","29","PERIODOS: DICIEMBRE - ENERO","80","160","822.5","131600","5998","5","499","2023-12-18 13:33:15","1","2023-12-18 13:40:51","1","0","492","457"
"476","113","2023-12-18",,"31","840","1","12070","2","2024-02-18","1","29","PERIODOS: DICIEMBRE - ENERO","80","160","822.5","131600","6021","2","5286","2023-12-18 13:33:19","1","2023-12-18 19:02:26","1","0","493","458"
"477","114","2023-12-20",,"31","123","1","12070","2","2024-02-20","1","29","PERIODOS: DICIEMBRE - ENERO","80","160","823","131680","6026","5","503","2023-12-19 19:24:35","1","2023-12-19 19:27:22","1","0","494","459"
"478","1","2024-01-03",,"31","944","1","8981.25","2","2024-03-03","1","29","PERIODOS: ENERO - FEBRERO","80","160","831","132960","6032","5","507","2024-01-04 08:36:37","1","2024-01-04 08:43:42","1","0","497","460"
"479","2","2024-01-06",,"31","937","1","8981.25","2","2024-03-06","1","29","PERIODOS: ENERO - FEBRERO","80","160","833.5","133360","6039","2","5299","2024-01-08 08:18:04","1","2024-01-08 10:32:51","1","0","499","461"
"480","3","2024-01-08",,"31","1086","1","12070","2","2024-03-08","1","29","PERIODOS: ENERO - FEBRERO","110","220","833.5","183370","6042","5","508","2024-01-08 08:18:08","1","2024-01-08 10:39:09","1","0","500","462"
"481","4","2024-01-08",,"31","974","1","10540","2","2024-03-08","1","29","PERIODOS: ENERO - FEBRERO","80","160","833.5","133360","6041","2","5301","2024-01-08 08:18:12","1","2024-01-08 10:37:04","1","0","501","463"
"482","5","2024-01-08",,"31","965","1","10540","2","2024-03-08","1","29","PERIODOS: ENERO - FEBRERO","80","160","833.5","133360","6040","2","5300","2024-01-08 08:18:18","1","2024-01-08 10:35:16","1","0","502","464"
"483","6","2024-01-12",,"31","869","1","10800","2","2024-03-12","1","29","PERIODOS: ENERO - FEBRERO","80","160","835.5","133680","6062","2","5316","2024-01-16 15:07:18","1","2024-01-16 15:12:25","1","0","504","466"
"484","7","2024-01-13",,"31","437","1","13475","3","2024-04-13","1","29","PERIODOS: ENERO - FEBRERO - MARZO","100","300","837.25","251175","6064","2","5318","2024-01-16 15:07:22","1","2024-01-16 15:16:33","1","0","508","455"
"485","8","2024-01-14",,"31","1070","1","12070","2","2024-03-14","1","29","PERIODOS: ENERO - FEBRERO","110","220","837.25","184195","6063","2","5317","2024-01-16 15:07:26","1","2024-01-16 15:14:33","1","0","505","467"
"486","9","2024-01-25",,"31","961","1","11623.75","2","2024-03-25","1","29","PERIODOS: ENERO - FEBRERO","80","160","842.25","134760","6125","2","5369","2024-01-26 12:16:48","1","2024-01-29 13:53:39","1","0","506","472"
"487","10","2024-02-09",,"31","921","1","11200","2","2024-04-09","1","29","PERIODOS: FEBRERO - MARZO","80","160","850","136000","6163","2","5399","2024-02-09 18:42:12","1","2024-02-15 16:22:28","1","0","507","473"
"488","11","2024-02-10",,"31","1066","1","8750","3","2024-05-10","1","29","PERIODOS: FEBRERO - MARZO - ABRIL","100","300","853","255900","6164","2","5400","2024-02-14 17:40:41","1","2024-02-15 16:24:48","1","0","519","465"
"489","12","2024-02-13",,"31","1085","1","12070","2","2024-04-13","1","29","PERIODOS: FEBRERO - MARZO","110","220","853","187660","6165","2","5401","2024-02-14 17:40:45","1","2024-02-15 16:27:14","1","0","510","474"
"490","13","2024-02-18",,"31","860","1","8400","3","2024-05-18","1","29","PERIODOS: FEBRERO - MARZO - ABRIL","80","240","856","205440","6187","5","535","2024-02-18 16:59:16","1","2024-02-20 21:44:03","1","0","523","468"
"491","14","2024-02-18",,"31","504","1","12070","3","2024-05-18","1","29","PERIODOS: FEBRERO - MARZO - ABRIL","80","240","854","204960","6184","5","532","2024-02-18 16:59:21","1","2024-02-20 21:35:49","1","0","524","469"
"492","15","2024-02-18",,"31","681","1","12070","2","2024-04-18","1","29","PERIODOS: FEBRERO - MARZO","80","160","856","136960","6185","5","533","2024-02-18 16:59:26","1","2024-02-20 21:38:44","1","0","512","475"
"493","16","2024-02-18",,"31","840","1","12070","2","2024-04-18","1","29","PERIODOS: FEBRERO - MARZO","80","160","856","136960","6188","2","5420","2024-02-18 16:59:30","1","2024-02-20 21:46:18","1","0","513","476"
"494","17","2024-02-20",,"31","123","1","12070","2","2024-04-20","1","29","PERIODOS: FEBRERO - MARZO","80","160","856","136960","6186","5","534","2024-02-20 21:27:14","1","2024-02-20 21:41:41","1","0","511","477"
"495","18","2024-02-23",,"31","922","1","9281.25","3","2024-05-23","1","29","PERIODOS: FEBRERO - MARZO - ABRIL","80","240","857.5","205800","6190","2","5422","2024-02-26 15:47:02","1","2024-02-26 15:55:01","1","0","525","470"
"496","19","2024-02-23",,"31","1006","1","12070","3","2024-05-23","1","29","PERIODOS: FEBRERO - MARZO - ABRIL","80","240","857.5","205800","6189","2","5421","2024-02-26 15:47:07","1","2024-02-26 15:53:09","1","0","526","471"
"497","20","2024-03-03",,"31","944","1","8981.25","2","2024-05-03","1","29","PERIODOS: MARZO - ABRIL","80","160","863","138080","6241","5","552","2024-03-03 09:58:07","1","2024-03-04 13:17:09","1","0","514","478"
"498","21","2024-02-13",,"31","1206","1","12070","2","2024-04-13","1","29","REEMPLAZA A INDUVIA","110","220","853","187660","6240","2","5456","2024-03-03 13:35:18","1","2024-03-03 13:38:07",,"2","509",
"499","22","2024-03-06",,"31","937","1","8981.25","2","2024-05-06","1","29","PERIODOS: MARZO - ABRIL","80","160","846.5","135440","6244","2","5459","2024-03-06 15:09:11","1","2024-03-11 14:59:06","1","0","515","479"
"500","23","2024-03-08",,"31","1086","1","12070","2","2024-05-08","1","29","PERIODOS: MARZO - ABRIL","110","220","865.5","190410","6247","5","553","2024-03-11 11:49:20","1","2024-03-11 15:05:37","1","0","518","480"
"501","24","2024-03-08",,"31","974","1","10540","2","2024-05-08","1","29","PERIODOS: MARZO - ABRIL","80","160","865.5","138480","6246","2","5461","2024-03-11 11:49:24","1","2024-03-11 15:03:20","1","0","517","481"
"502","25","2024-03-08",,"31","965","1","10540","2","2024-05-08","1","29","PERIODOS: MARZO - ABRIL","80","160","865.5","138480","6245","2","5460","2024-03-11 11:49:29","1","2024-03-11 15:01:33","1","0","516","482"
"503","26","2024-03-11",,"31","1064","1","12070","2","2024-05-11","1","29",,"110","220","827","181940","6248","2","5462","2024-03-11 16:23:54","1","2024-03-11 16:28:09",,"2","520",
"504","27","2024-03-12",,"31","869","1","10800","2","2024-05-12","1","29","PERIODOS: MARZO - ABRIL","80","160","867.5","138800","6254","2","5467","2024-03-12 14:19:58","1","2024-03-12 14:25:40","1","0","521","483"
"505","28","2024-03-14",,"31","1070","1","12070","2","2024-05-14","1","29","PERIODOS: MARZO - ABRIL","110","220","869","191180","6263","2","5473","2024-03-14 09:11:46","1","2024-03-15 10:38:59","1","0","522","485"
"506","29","2024-03-25",,"31","961","1","11623.75","2","2024-05-25","1","29","PERIODOS: MARZO - ABRIL","80","160","872.5","139600","6291","5","560","2024-03-21 15:01:57","1","2024-03-21 15:22:57","1","0","527","486"
"507","30","2024-04-09",,"31","921","1","11200","2","2024-06-09","1","29","PERIODOS: ABRIL - MAYO","80","160","833","133280","6293","2","5500","2024-04-03 10:50:28","1","2024-04-08 15:47:20","1","0","528","487"
"508","31","2024-04-13",,"31","437","1","13475","3","2024-07-13","1","29","PERIODOS: ABRIL - MAYO - JUNIO","100","300","833","249900","6295","2","5502","2024-04-03 10:50:32","1","2024-04-08 16:03:45","1","0","541","484"
"509","32","2024-04-13",,"31","1206","1","12070","2","2024-06-13","1","29","PERIODOS: ABRIL - MAYO","110","220","833","183260","6294","2","5501","2024-04-03 10:50:36","1","2024-04-08 16:01:31","1","0","529","498"
"510","33","2024-04-13",,"10","1085","1","12070","2","2024-06-13","1","29","PERIODOS: ABRIL - MAYO","110","220","853","187660",,,,"2024-04-03 10:50:42","1","2024-04-03 10:51:04","1","0",,"489"
"511","34","2024-04-20",,"31","123","1","12070","2","2024-06-20","1","29","PERIODOS: ABRIL - MAYO","80","160","856","136960","6331","5","568","2024-04-15 11:02:31","102","2024-04-17 22:11:02",,,"532","494"
"512","35","2024-04-18",,"31","681","1","12070","2","2024-06-18","1","29","PERIODOS: ABRIL - MAYO","80","160","856","136960","6330","5","567","2024-04-15 11:02:47","102","2024-04-17 22:07:51",,,"530","492"
"513","36","2024-04-18",,"31","840","1","12070","2","2024-06-18","1","29","PERIODOS: ABRIL - MAYO","80","160","856","136960","6329","2","5530","2024-04-15 11:02:55","102","2024-04-17 22:02:58",,,"531","493"
"514","37","2024-05-03",,"31","944","1","8981.25","2","2024-07-03","1","29","PERIODOS: MAYO - JUNIO","80","160","876.5","140240","6353","5","575","2024-04-30 08:51:08","102","2024-04-30 10:12:29","102","0","533","497"
"515","38","2024-05-06",,"31","937","1","8981.25","2","2024-07-06","1","29","PERIODOS: MAYO - JUNIO","80","160","876.5","140240","6349","2","5542","2024-04-30 08:51:26","102","2024-04-30 09:55:51","102","0","534","499"
"516","39","2024-05-08",,"31","965","1","10540","2","2024-07-08","1","29","PERIODOS: MAYO - JUNIO","80","160","876.5","140240","6351","2","5544","2024-04-30 08:51:29","102","2024-04-30 10:05:13","102","0","535","502"
"517","40","2024-05-08",,"31","974","1","10540","2","2024-07-08","1","29","PERIODOS: MAYO - JUNIO","80","160","876.5","140240","6352","2","5545","2024-04-30 08:51:32","102","2024-04-30 10:08:52","102","0","536","501"
"518","41","2024-05-08",,"31","1086","1","12070","2","2024-07-08","1","29","PERIODOS: MAYO - JUNIO","110","220","876.5","192830","6354","5","576","2024-04-30 08:51:36","102","2024-04-30 10:16:06","102","0","537","500"
"519","42","2024-05-10",,"31","1066","1","8750","3","2024-08-10","1","29","PERIODOS: MAYO - JUNIO - JULIO","100","300","876.5","262950","6350","2","5543","2024-04-30 08:51:41","102","2024-04-30 10:01:05","102","0","545","488"
"520","43","2024-05-11",,"31","1064","1","12070","2","2024-07-11","1","29","PERIODOS: MAYO - JUNIO","110","220","903","198660","6368","2","5554","2024-05-13 14:27:15","1","2024-05-14 10:11:19","102","0","538","503"
"521","44","2024-05-12",,"31","869","1","10800","2","2024-07-12","1","29","PERIODOS: MAYO - JUNIO","80","160","903","144480","6369","2","5555","2024-05-13 14:27:19","1","2024-05-14 10:16:13","102","0","539","504"
"522","45","2024-05-14",,"31","1070","1","12070","2","2024-07-14","1","29","PERIODOS: MAYO - JUNIO","110","220","903.5","198770","6367","2","5553","2024-05-13 14:27:23","1","2024-05-14 10:05:48","102","0","540","505"
"523","46","2024-05-18",,"31","860","1","8400","3","2024-08-18","1","29","PERIODOS: MAYO - JUNIO - JULIO","80","240","903.5","216840","6370","5","582","2024-05-14 09:37:07","1","2024-05-14 10:20:21","102","0","547","490"
"524","47","2024-05-18",,"31","504","1","12070","3","2024-08-18","1","29","PERIODOS: MAYO - JUNIO - JULIO","80","240","905.5","217320","6411","5","591","2024-05-17 13:13:12","1","2024-05-21 12:03:31","1","0","550","491"
"525","48","2024-05-23",,"31","922","1","9281.25","3","2024-08-23","1","29","PERIODOS: MAYO - JUNIO - JULIO","80","240","908.5","218040","6428","2","5601","2024-05-22 18:54:46","1","2024-05-22 19:02:44","1","0","552","495"
"526","49","2024-05-23",,"31","1006","1","12070","3","2024-08-23","1","29","PERIODOS: MAYO - JUNIO - JULIO","80","240","908.5","218040","6429","5","595","2024-05-22 18:54:50","1","2024-05-22 19:05:10","1","0","553","496"
"527","50","2024-05-25",,"31","961","1","11623.75","2","2024-07-25","1","29","PERIODOS: MAYO - JUNIO","80","160","908.5","145360","6430","5","596","2024-05-22 18:54:53","1","2024-05-22 19:07:18","1","0","542","506"
"528","51","2024-06-09",,"17","921","1","11200","2","2024-08-09","1","29","PERIODOS: JUNIO - JULIO","80","160","920.5","147280","6477","2","5641","2024-06-12 13:18:02","1","2024-06-19 10:49:30","1","0","544","507"
"529","52","2024-06-13",,"31","1206","1","12070","2","2024-08-13","1","29","PERIODOS: JUNIO - JULIO","110","220","921.5","202730","6487","2","5646","2024-06-12 13:18:05","1","2024-06-24 18:11:10","1","0","546","509"
"530","53","2024-06-18",,"31","681","1","12070","2","2024-08-18","1","29","PERIODOS: JUNIO - JULIO","80","160","924","147840","6489","5","609","2024-06-19 10:47:58","1","2024-06-24 18:16:57","1","0","549","512"
"531","54","2024-06-18",,"31","840","1","12070","2","2024-08-18","1","29","PERIODOS: JUNIO - JULIO","80","160","924","147840","6488","2","5647","2024-06-19 10:48:02","1","2024-06-24 18:14:34","1","0","548","513"
"532","55","2024-06-20",,"31","123","1","12070","2","2024-08-20","1","29","PERIODOS: JUNIO - JULIO","80","160","924.5","147920","6490","5","610","2024-06-19 10:48:07","1","2024-06-24 18:19:20","1","0","551","511"
"533","56","2024-07-03",,"31","944","1","8981.25","2","2024-09-03","1","29","PERIODOS: JULIO - AGOSTO","80","160","932.5","149200","6492","5","611","2024-07-01 16:21:10","1","2024-07-01 16:30:27","1","0","554","514"
"534","57","2024-07-06",,"31","937","1","8981.25","2","2024-09-06","1","29","PERIODOS: JULIO - AGOSTO","80","160","936.5","149840","6523","2","5671","2024-07-12 14:09:45","1","2024-07-15 15:49:59","1","0","555","515"
"535","58","2024-07-08",,"31","965","1","10540","2","2024-09-08","1","29","PERIODOS: JULIO - AGOSTO","80","160","936.5","149840","6525","2","5673","2024-07-12 14:09:48","1","2024-07-15 16:00:04","1","0","556","516"
"536","59","2024-07-08",,"31","974","1","10540","2","2024-09-08","1","29","PERIODOS: JULIO - AGOSTO","80","160","936.5","149840","6526","2","5674","2024-07-12 14:09:54","1","2024-07-15 16:02:44","1","0","557","517"
"537","60","2024-07-08",,"31","1086","1","12070","2","2024-09-08","1","29","PERIODOS: JULIO - AGOSTO","110","220","936.5","206030","6529","5","620","2024-07-12 14:09:57","1","2024-07-15 16:14:53","1","0","558","518"
"538","61","2024-07-11",,"31","1064","1","12070","2","2024-09-11","1","29","PERIODOS: JULIO - AGOSTO","110","220","938","206360","6527","2","5675","2024-07-12 14:10:00","1","2024-07-15 16:06:49","1","0","559","520"
"539","62","2024-07-12",,"31","869","1","10800","2","2024-09-12","1","29","PERIODOS: JULIO - AGOSTO","80","160","940","150400","6528","2","5676","2024-07-12 14:10:04","1","2024-07-15 16:11:01","1","0","560","521"
"540","63","2024-07-14",,"10","1070","1","12070","2","2024-09-14","1","29","PERIODOS: JULIO - AGOSTO","110","220","903.5","198770",,,,"2024-07-15 14:33:04","1","2024-07-15 14:36:53","1","0",,"522"
"541","64","2024-07-13",,"31","437","1","13475","3","2024-10-13","1","29","PERIODOS: JULIO - AGOSTO - SEPTIEMBRE","100","300","940.5","282150","6524","2","5672","2024-07-15 14:33:09","1","2024-07-15 15:53:17","1","0","565","508"
"542","65","2024-07-25",,"31","961","1","11623.75","2","2024-09-25","1","29","PERIODOS: JULIO - AGOSTO","80","160","946.5","151440","6566","5","627","2024-07-24 19:55:00","1","2024-07-24 19:58:32","1","0","562","527"
"543","66","2024-08-12",,"31","1022","1","12070","2","2024-10-12","1","29","solicitar OC antes de FACTURAR    -00021657","110","220","958","210760","6632","2","5754","2024-08-01 15:31:52","1","2024-08-19 16:05:34","1","0","564",
"544","67","2024-08-09",,"31","921","1","11200","2","2024-10-09","1","29","PERIODOS: AGOSTO - SEPTIEMBRE","80","160","920.5","147280","6588","2","5718","2024-08-08 11:27:49","1","2024-08-13 13:43:11",,,"563","528"
"545","68","2024-08-10",,"31","1066","1","8750","3","2024-11-10","1","29","PERIODOS: AGOSTO - SEPTIEMBRE - OCTUBRE","100","300","876.5","262950","6589","2","5719","2024-08-08 11:27:54","1","2024-08-13 13:45:26",,,"575","519"
"546","69","2024-08-13",,"10","1206","1","12070","2","2024-10-13","1","29","PERIODOS: AGOSTO - SEPTIEMBRE","110","220","921.5","202730",,,,"2024-08-08 11:28:02","1","2024-08-12 13:07:46","1","0",,"529"
"547","70","2024-08-18",,"31","860","1","8400","3","2024-11-18","1","29","PERIODOS: AGOSTO - SEPTIEMBRE - OCTUBRE","80","240","963","231120","6636","5","648","2024-08-15 16:32:52","1","2024-08-19 16:18:49","1","0","579","523"
"548","71","2024-08-18",,"31","840","1","12070","2","2024-10-18","1","29","PERIODOS: AGOSTO - SEPTIEMBRE","80","160","963","154080","6633","2","5755","2024-08-15 16:32:55","1","2024-08-19 16:08:11","1","0","566","531"
"549","72","2024-08-18",,"31","681","1","12070","2","2024-10-18","1","29","PERIODOS: AGOSTO - SEPTIEMBRE","80","160","963","154080","6634","5","646","2024-08-15 16:33:00","1","2024-08-19 16:12:40","1","0","567","530"
"550","73","2024-08-18",,"31","504","1","12070","3","2024-11-18","1","29","PERIODOS: AGOSTO - SEPTIEMBRE - OCTUBRE   Orden de Compra 3000981272","80","240","963","231120","6637","5","649","2024-08-15 16:33:03","1","2024-08-20 15:40:10","1","0","578","524"
"551","74","2024-08-20",,"31","123","1","12070","2","2024-10-20","1","29","PERIODOS: AGOSTO - SEPTIEMBRE","80","160","963.5","154160","6635","5","647","2024-08-18 12:39:12","1","2024-08-19 16:15:24","1","0","568","532"
"552","75","2024-08-23",,"31","922","1","9281.25","3","2024-11-23","1","29","PERIODOS: AGOSTO - SEPTIEMBRE - OCTUBRE","80","240","966","231840","6666","2","5777","2024-08-28 14:22:21","1","2024-08-28 22:24:19","1","0","580","525"
"553","76","2024-08-23",,"31","1006","1","12070","3","2024-11-23","1","29","PERIODOS: AGOSTO - SEPTIEMBRE - OCTUBRE","80","240","966","231840","6667","2","5778","2024-08-28 14:22:25","1","2024-08-28 22:26:10","1","0","581","526"
"554","77","2024-09-03",,"31","944","1","8981.25","2","2024-11-03","1","29","PERIODOS: SEPTIEMBRE - OCTUBRE","80","160","973","155680","6678","2","5787","2024-09-02 18:37:18","1","2024-09-02 19:11:11","1","0","569","533"
"555","78","2024-09-06",,"31","937","1","8981.25","2","2024-11-06","1","29","PERIODOS: SEPTIEMBRE - OCTUBRE","80","160","973","155680","6673","2","5782","2024-09-02 18:37:20","1","2024-09-02 18:59:02","1","0","571","534"
"556","79","2024-09-08",,"31","965","1","10540","2","2024-11-08","1","29","PERIODOS: SEPTIEMBRE - OCTUBRE","80","160","973","155680","6674","2","5783","2024-09-02 18:37:23","1","2024-09-02 19:01:10","1","0","574","535"
"557","80","2024-09-08",,"31","974","1","10540","2","2024-11-08","1","29","PERIODOS: SEPTIEMBRE - OCTUBRE","80","160","973","155680","6675","2","5784","2024-09-02 18:37:27","1","2024-09-02 19:03:51","1","0","573","536"
"558","81","2024-09-08",,"31","1086","1","12070","2","2024-11-08","1","29","PERIODOS: SEPTIEMBRE - OCTUBRE","110","220","973","214060","6679","2","5788","2024-09-02 18:37:30","1","2024-09-02 19:12:56","1","0","572","537"
"559","82","2024-09-11",,"31","1064","1","12070","2","2024-11-11","1","29","PERIODOS: SEPTIEMBRE - OCTUBRE","110","220","973","214060","6676","2","5785","2024-09-02 18:37:33","1","2024-09-02 19:06:05","1","0","576","538"
"560","83","2024-09-12",,"31","869","1","10800","2","2024-11-12","1","29","PERIODOS: SEPTIEMBRE - OCTUBRE","80","160","973","155680","6677","2","5786","2024-09-02 18:37:37","1","2024-09-02 19:08:26","1","0","577","539"
"561","84","2024-09-03",,"31","1177","1","12070","2","2024-11-03","1","29",,"110","220","973","214060","6685","2","5791","2024-09-06 13:40:53","1","2024-09-06 13:43:51",,"2","570",
"562","85","2024-09-25",,"31","961","1","11623.75","2","2024-11-25","1","29","PERIODOS: SEPTIEMBRE - OCTUBRE","80","160","987","157920","6736","5","675","2024-09-24 08:51:45","1","2024-10-09 13:57:44","1","0","582","542"
"563","86","2024-10-09",,"31","921","1","11200","2","2024-12-09","1","29","PERIODOS: OCTUBRE - NOVIEMBRE","80","160","995.5","159280","6735","2","5828","2024-10-08 15:44:23","1","2024-10-09 13:55:35","1","0","583","544"
"564","87","2024-10-12",,"31","1022","1","12070","2","2024-12-12","1","29","PERIODOS: OCTUBRE - NOVIEMBRE","110","220","995.5","219010","6774","2","5857","2024-10-08 15:44:26","1","2024-10-29 17:31:42","1","0","584","543"
"565","88","2024-10-13",,"31","437","1","13475","3","2025-01-13","1","29","PERIODOS: OCTUBRE - NOVIEMBRE - DICIEMBRE","100","300","999.5","299850","6737","2","5829","2024-10-14 13:46:59","1","2024-10-15 16:26:01","1","0","596","541"
"566","89","2024-10-18",,"31","840","1","12070","2","2024-12-18","1","29","PERIODOS: OCTUBRE - NOVIEMBRE","80","160","1001","160160","6764","2","5852","2024-10-17 11:21:31","1","2024-10-17 11:31:12","1","0","585","548"
"567","90","2024-10-18",,"31","681","1","12070","2","2024-12-18","1","29","PERIODOS: OCTUBRE - NOVIEMBRE","80","160","1001","160160","6765","5","680","2024-10-17 11:21:34","1","2024-10-17 11:33:28","1","0","586","549"
"568","91","2024-10-20",,"31","123","1","12070","2","2024-12-20","1","29","PERIODOS: OCTUBRE - NOVIEMBRE","80","160","1004.5","160720","6773","5","684","2024-10-24 15:42:19","1","2024-10-24 18:34:36","1","0","587","551"
"569","92","2024-11-03",,"31","944","1","8981.25","2","2025-01-03","1","29","PERIODOS: NOVIEMBRE - DICIEMBRE","80","160","1013","162080","6788","5","689","2024-11-03 10:29:09","1","2024-11-04 14:59:47","1","0","588","554"
"570","93","2024-11-03",,"31","1177","1","12070","2","2025-01-03","1","29","PERIODOS: NOVIEMBRE - DICIEMBRE","110","220","1013","222860","6787","2","5866","2024-11-03 10:29:18","1","2024-11-04 14:56:59","1","0","589","561"
"571","94","2024-11-06",,"31","937","1","8981.25","2","2025-01-06","1","29","PERIODOS: NOVIEMBRE - DICIEMBRE","80","160","1013","162080","6784","2","5863","2024-11-03 10:29:46","1","2024-11-04 14:50:58","1","0","590","555"
"572","95","2024-11-08",,"31","1086","1","12070","2","2025-01-08","1","29","PERIODOS: NOVIEMBRE - DICIEMBRE","110","220","1013","222860","6789","5","690","2024-11-03 10:29:52","1","2024-11-04 15:01:30","1","0","591","558"
"573","96","2024-11-08",,"31","974","1","10540","2","2025-01-08","1","29","PERIODOS: NOVIEMBRE - DICIEMBRE","80","160","1013","162080","6786","2","5865","2024-11-03 10:29:59","1","2024-11-04 14:55:07","1","0","592","557"
"574","97","2024-11-08",,"31","965","1","10540","2","2025-01-08","1","29","PERIODOS: NOVIEMBRE - DICIEMBRE","80","160","1013","162080","6785","2","5864","2024-11-03 10:30:05","1","2024-11-04 14:53:10","1","0","593","556"
"575","98","2024-11-10",,"31","1066","1","8750","3","2025-02-10","1","29","PERIODOS: NOVIEMBRE - DICIEMBRE - ENERO","100","300","1017.5","305250","6818","2","5879","2024-11-12 15:46:04","1","2024-11-12 15:57:36","1","0","599","545"
"576","99","2024-11-11",,"31","1064","1","12070","2","2025-01-11","1","29","PERIODOS: NOVIEMBRE - DICIEMBRE","110","220","1017.5","223850","6819","2","5880","2024-11-12 15:46:08","1","2024-11-12 15:59:29","1","0","594","559"
"577","100","2024-11-12",,"31","869","1","10800","2","2025-01-12","1","29","PERIODOS: NOVIEMBRE - DICIEMBRE","80","160","1018","162880","6820","2","5881","2024-11-12 15:46:10","1","2024-11-12 16:01:19","1","0","595","560"
"578","101","2024-11-18",,"31","504","1","12070","3","2025-02-18","1","29","PERIODOS: NOVIEMBRE - DICIEMBRE - ENERO   orden de compra N°   3001002541","80","240","1022","245280","6855","5","712","2024-11-13 15:19:19","1","2024-11-17 23:10:45","1","0","605","550"
"579","102","2024-11-18",,"31","860","1","8400","3","2025-02-18","1","29","PERIODOS: NOVIEMBRE - DICIEMBRE - ENERO","80","240","1022.5","245400","6857","5","714","2024-11-17 23:05:59","1","2024-11-19 14:08:47","1","0","603","547"
"580","103","2024-11-23",,"31","922","1","9281.25","3","2025-02-23","1","29","PERIODOS: NOVIEMBRE - DICIEMBRE - ENERO","80","240","1027","246480","6889","2","5933","2024-11-25 17:53:27","1","2024-11-25 17:59:50","1","0","607","552"
"581","104","2024-11-23",,"31","1006","1","12070","3","2025-02-23","1","29","PERIODOS: NOVIEMBRE - DICIEMBRE - ENERO","80","240","1027","246480","6890","5","724","2024-11-25 17:53:30","1","2024-11-25 18:01:56","1","0","606","553"
"582","105","2024-11-25",,"31","961","1","11623.75","2","2025-01-25","1","29","PERIODOS: NOVIEMBRE - DICIEMBRE","80","160","1027","164320","6891","5","725","2024-11-25 17:53:33","1","2024-11-25 18:04:42","1","0","597","562"
"583","106","2024-12-09",,"31","921","1","11200","2","2025-02-09","1","29","PERIODOS: DICIEMBRE - ENERO","80","160","1036","165760","6908","2","5944","2024-12-10 17:05:23","1","2024-12-11 13:55:42","1","0","598","563"
"584","107","2024-12-12",,"31","1022","1","12070","2","2025-02-12","1","29","PERIODOS: DICIEMBRE - ENERO    Solic.:12/0000200003169   OC NRO: 00000-00022160","110","220","1042","229240","6940","2","5970","2024-12-10 17:05:26","1","2024-12-19 14:41:33","1","0","600","564"
"585","108","2024-12-18",,"31","840","1","12070","2","2025-02-18","1","29","PERIODOS: DICIEMBRE - ENERO","80","160","1042.5","166800","6941","2","5971","2024-12-19 14:35:21","1","2024-12-19 14:43:42","1","0","602","566"
"586","109","2024-12-18",,"31","681","1","12070","2","2025-02-18","1","29","PERIODOS: DICIEMBRE - ENERO","80","160","1042.5","166800","6942","5","738","2024-12-19 14:35:24","1","2024-12-19 14:45:57","1","0","601","567"
"587","110","2024-12-20",,"31","123","1","12070","2","2025-02-20","1","29","PERIODOS: DICIEMBRE - ENERO","80","160","1042.5","166800","6943","5","739","2024-12-19 14:35:32","1","2024-12-19 14:47:58","1","0","604","568"
"588","1","2025-01-03",,"31","944","1","8981.25","2","2025-03-03","1","29","PERIODOS: ENERO - FEBRERO","80","160","1052.5","168400","6950","2","5977","2025-01-02 09:58:40","1","2025-01-02 10:55:16","1","0","608","569"
"589","2","2025-01-03",,"31","1177","1","12070","2","2025-03-03","1","29","PERIODOS: ENERO - FEBRERO","110","220","1052.5","231550","6953","2","5980","2025-01-02 09:58:43","1","2025-01-02 11:02:15","1","0","609","570"
"590","3","2025-01-06",,"31","937","1","8981.25","2","2025-03-06","1","29","PERIODOS: ENERO - FEBRERO","80","160","1052.5","168400","6949","2","5976","2025-01-02 09:58:47","1","2025-01-02 10:51:11","1","0","610","571"
"591","4","2025-01-08",,"31","1086","1","12070","2","2025-03-08","1","29","PERIODOS: ENERO - FEBRERO","110","220","1052.5","231550","6956","5","741","2025-01-02 09:58:50","1","2025-01-02 11:14:50","1","0","611","572"
"592","5","2025-01-08",,"31","974","1","10540","2","2025-03-08","1","29","PERIODOS: ENERO - FEBRERO","80","160","1052.5","168400","6952","2","5979","2025-01-02 09:58:53","1","2025-01-02 11:00:20","1","0","612","573"
"593","6","2025-01-08",,"31","965","1","10540","2","2025-03-08","1","29","PERIODOS: ENERO - FEBRERO","80","160","1052.5","168400","6951","2","5978","2025-01-02 09:58:57","1","2025-01-02 10:57:47","1","0","613","574"
"594","7","2025-01-11",,"31","1064","1","12070","2","2025-03-11","1","29","PERIODOS: ENERO - FEBRERO","110","220","1052.5","231550","6954","2","5981","2025-01-02 11:02:40","1","2025-01-02 11:07:39","1","0","614","576"
"595","8","2025-01-12",,"31","869","1","10800","2","2025-03-12","1","29","PERIODOS: ENERO - FEBRERO","80","160","1052.5","168400","6955","2","5982","2025-01-02 11:02:44","1","2025-01-02 11:09:22","1","0","615","577"
"596","9","2025-01-13",,"31","437","1","13475","3","2025-04-13","1","29","PERIODOS: ENERO - FEBRERO - MARZO","100","300","1059.5","317850","6963","2","5986","2025-01-13 11:00:18","1","2025-01-13 11:04:11","1","0","619","565"
"597","10","2025-01-25",,"31","961","1","11623.75","2","2025-03-25","1","29","PERIODOS: ENERO - FEBRERO","80","160","1070","171200","6996","5","751","2025-01-31 15:16:12","1","2025-02-04 15:10:48","1","0","616","582"
"598","11","2025-02-09",,"31","921","1","11200","2","2025-04-09","1","29","PERIODOS: FEBRERO - MARZO","80","160","1074.5","171920","6994","2","6011","2025-02-04 13:32:05","1","2025-02-04 15:05:55","1","0","617","583"
"599","12","2025-02-10",,"31","1066","1","8750","3","2025-05-10","1","29","PERIODOS: FEBRERO - MARZO - ABRIL","100","300","1074.5","322350","6995","2","6012","2025-02-04 13:32:08","1","2025-02-04 15:08:10","1","0","628","575"
"600","13","2025-02-12",,"31","1022","1","12070","2","2025-04-12","1","29","PERIODOS: FEBRERO - MARZO","110","220","1079.5","237490","7086","2","6077","2025-02-04 13:32:13","1","2025-02-24 17:02:40","1","0","618","584"
"601","14","2025-02-18",,"31","681","1","12070","2","2025-04-18","1","29","PERIODOS: FEBRERO - MARZO","80","160","1078.25","172520","7069","5","769","2025-02-17 13:33:24","1","2025-02-17 14:35:00","1","0","620","586"
"602","15","2025-02-18",,"31","840","1","12070","2","2025-04-18","1","29","PERIODOS: FEBRERO - MARZO","80","160","1078.25","172520","7067","2","6067","2025-02-17 13:33:28","1","2025-02-17 14:28:16","1","0","621","585"
"603","16","2025-02-18",,"31","860","1","8400","3","2025-05-18","1","29","PERIODOS: FEBRERO - MARZO - ABRIL","80","240","1078.25","258780","7071","5","771","2025-02-17 13:33:32","1","2025-02-17 14:40:53","1","0","631","579"
"604","17","2025-02-20",,"31","123","1","12070","2","2025-04-20","1","29","PERIODOS: FEBRERO - MARZO","80","160","1078.25","172520","7070","5","770","2025-02-17 13:33:36","1","2025-02-17 14:37:43","1","0","622","587"
"605","18","2025-02-18",,"31","504","1","12070","3","2025-05-18","1","29","PERIODOS: FEBRERO - MARZO - ABRIL","80","240","1022","245280","7085","5","776","2025-02-17 13:33:39","1","2025-02-21 15:41:32",,,"632","578"
"606","19","2025-02-23",,"31","1006","1","12070","3","2025-05-23","1","29","PERIODOS: FEBRERO - MARZO - ABRIL","80","240","1078.25","258780","7068","5","768","2025-02-17 13:33:57","1","2025-02-17 14:31:43","1","0","633","581"
"607","20","2025-02-23",,"31","922","1","9281.25","3","2025-05-23","1","29","PERIODOS: FEBRERO - MARZO - ABRIL","80","240","1078.25","258780","7066","2","6066","2025-02-17 13:34:00","1","2025-02-17 14:23:25","1","0","634","580"
"608","21","2025-03-03",,"31","944","1","8981.25","2","2025-05-03","1","29","PERIODOS: MARZO - ABRIL","80","160","1084.5","173520","7116","2","6103","2025-03-05 14:22:50","1","2025-03-05 15:54:49","1","0","623","588"
"609","22","2025-03-03",,"13","1177","1","12070","2","2025-05-03","1","29","PERIODOS: MARZO - ABRIL","110","220","1052.5","231550",,,,"2025-03-05 14:22:57","1","2025-03-05 14:23:17","1","0",,"589"
"610","23","2025-03-06",,"31","937","1","8981.25","2","2025-05-06","1","29","PERIODOS: MARZO - ABRIL","80","160","1084.5","173520","7115","2","6102","2025-03-05 14:23:48","1","2025-03-05 15:52:39","1","0","624","590"
"611","24","2025-03-08",,"31","1086","1","12070","2","2025-05-08","1","29","PERIODOS: MARZO - ABRIL","110","220","1084.5","238590","7119","5","781","2025-03-05 14:23:51","1","2025-03-05 16:00:50","1","0","627","591"
"612","25","2025-03-08",,"31","974","1","10540","2","2025-05-08","1","29","PERIODOS: MARZO - ABRIL","80","160","1084.5","173520","7118","2","6105","2025-03-05 14:23:54","1","2025-03-05 15:58:33","1","0","626","592"
"613","26","2025-03-08",,"31","965","1","10540","2","2025-05-08","1","29","PERIODOS: MARZO - ABRIL","80","160","1084.5","173520","7117","2","6104","2025-03-05 14:23:57","1","2025-03-05 15:56:43","1","0","625","593"
"614","27","2025-03-11",,"31","1064","1","12070","2","2025-05-11","1","29","PERIODOS: MARZO - ABRIL","110","220","1086.25","238975","7120","2","6106","2025-03-10 12:27:39","1","2025-03-10 18:27:26","1","0","629","594"
"615","28","2025-03-12",,"31","869","1","10800","2","2025-05-12","1","29","PERIODOS: MARZO - ABRIL","80","160","1086.25","173800","7121","2","6107","2025-03-10 12:27:43","1","2025-03-10 18:33:34","1","0","630","595"
"616","29","2025-03-25",,"31","961","1","11623.75","2","2025-05-25","1","29","PERIODOS: MARZO - ABRIL","80","160","1091.25","174600","7178","5","797","2025-03-26 15:12:14","1","2025-04-11 14:02:52","1","0","635","597"
"617","30","2025-04-09",,"31","921","1","11200","2","2025-06-09","1","29","PERIODOS: ABRIL - MAYO","80","160","1097.5","175600","7176","2","6147","2025-04-11 13:10:14","1","2025-04-11 13:58:24","1","0","636","598"
"618","31","2025-04-12",,"31","1022","1","12070","2","2025-06-12","1","29","PERIODOS: ABRIL - MAYO","110","220","1097.5","241450","7218","2","6178","2025-04-11 13:10:18","1","2025-04-17 21:04:56","1","0","637","600"
"619","32","2025-04-13",,"31","437","1","13475","3","2025-07-13","1","29","PERIODOS: ABRIL - MAYO - JUNIO","100","300","1097.5","329250","7177","2","6148","2025-04-11 13:10:22","1","2025-04-11 14:00:38","1","0","648","596"
"620","33","2025-04-18",,"31","681","1","12070","2","2025-06-18","1","29","PERIODOS: ABRIL - MAYO","80","160","1110","177600","7223","5","810","2025-04-22 15:50:49","1","2025-04-22 16:00:05","1","0","638","601"
"621","34","2025-04-18",,"31","840","1","12070","2","2025-06-18","1","29","PERIODOS: ABRIL - MAYO","80","160","1110","177600","7221","2","6180","2025-04-22 15:50:52","1","2025-04-22 15:56:18","1","0","639","602"
"622","35","2025-04-20",,"31","123","1","12070","2","2025-06-20","1","29","PERIODOS: ABRIL - MAYO","80","160","1110","177600","7222","5","809","2025-04-22 15:50:55","1","2025-04-22 15:58:31","1","0","640","604"
"623","36","2025-05-03",,"31","944","1","8981.25","2","2025-07-03","1","29","PERIODOS: MAYO - JUNIO","80","160","1190","190400","7237","2","6190","2025-05-04 17:46:40","1","2025-05-08 14:41:33","1","0","641","608"
"624","37","2025-05-06",,"31","937","1","8981.25","2","2025-07-06","1","29","PERIODOS: MAYO - JUNIO","80","160","1190","190400","7235","2","6188","2025-05-04 17:47:01","1","2025-05-08 14:35:48","1","0","642","610"
"625","38","2025-05-08",,"31","965","1","10540","2","2025-07-08","1","29","PERIODOS: MAYO - JUNIO","80","160","1130","180800","7238","2","6191","2025-05-04 17:47:05","1","2025-05-08 14:43:30","1","0","643","613"
"626","39","2025-05-08",,"31","974","1","10540","2","2025-07-08","1","29","PERIODOS: MAYO - JUNIO","80","160","1130","180800","7239","2","6192","2025-05-04 17:47:08","1","2025-05-08 14:45:28","1","0","644","612"
"627","40","2025-05-08",,"31","1086","1","12070","2","2025-07-08","1","29","PERIODOS: MAYO - JUNIO","110","220","1130","248600","7234","5","814","2025-05-04 17:47:11","1","2025-05-08 14:33:00","1","0","645","611"
"628","41","2025-05-10",,"31","1066","1","8750","3","2025-08-10","1","29","PERIODOS: MAYO - JUNIO - JULIO","100","300","1130","339000","7236","2","6189","2025-05-08 14:13:22","1","2025-05-08 14:39:17","1","0","651","599"
"629","42","2025-05-11",,"31","1064","1","12070","2","2025-07-11","1","29","PERIODOS: MAYO - JUNIO","110","220","1130","248600","7240","2","6193","2025-05-08 14:13:25","1","2025-05-08 14:47:25","1","0","646","614"
"630","43","2025-05-12",,"31","869","1","10800","2","2025-07-12","1","29","PERIODOS: MAYO - JUNIO","80","160","1150","184000","7255","2","6204","2025-05-16 09:37:54","1","2025-05-17 14:45:21","1","0","647","615"
"631","44","2025-05-18",,"31","860","1","8400","3","2025-08-18","1","29","PERIODOS: MAYO - JUNIO - JULIO","80","240","1160","278400","7256","5","819","2025-05-16 09:38:00","1","2025-05-17 14:48:08","1","0","653","603"
"632","45","2025-05-18",,"31","504","1","12070","3","2025-08-18","1","29","PERIODOS: MAYO - JUNIO - JULIO","80","240","1160","278400","7282","5","825","2025-05-16 09:38:03","1","2025-05-19 19:01:20","1","0","656","605"
"633","46","2025-05-23",,"31","1006","1","12070","3","2025-08-23","1","29","PERIODOS: MAYO - JUNIO - JULIO","80","240","1150","276000","7286","5","827","2025-05-23 16:50:59","1","2025-05-23 17:01:58","1","0","659","606"
"634","47","2025-05-23",,"31","922","1","9281.25","3","2025-08-23","1","29","PERIODOS: MAYO - JUNIO - JULIO","80","240","1150","276000","7284","2","6226","2025-05-23 16:51:03","1","2025-05-23 16:56:15","1","0","660","607"
"635","48","2025-05-25",,"31","961","1","11623.75","2","2025-07-25","1","29","PERIODOS: MAYO - JUNIO","80","160","1150","184000","7285","5","826","2025-05-23 16:51:08","1","2025-05-23 16:58:50","1","0","649","616"
"636","49","2025-06-09",,"31","921","1","11200","2","2025-08-09","1","29","PERIODOS: JUNIO - JULIO","80","160","1180","188800","7384","2","6299","2025-06-04 14:31:12","1","2025-06-19 16:05:11","1","0","650","617"
"637","50","2025-06-12",,"31","1022","1","12070","2","2025-08-12","1","29","PERIODOS: JUNIO - JULIO","110","220","1205","265100","7388","2","6301","2025-06-04 14:31:16","1","2025-06-19 19:48:29","1","0","652","618"
"638","51","2025-06-18",,"31","681","1","12070","2","2025-08-18","1","29","PERIODOS: JUNIO - JULIO","80","160","1180","188800","7386","5","853","2025-06-19 15:54:55","1","2025-06-19 16:11:12","1","0","655","620"
"639","52","2025-06-18",,"31","840","1","12070","2","2025-08-18","1","29","PERIODOS: JUNIO - JULIO","80","160","1180","188800","7385","2","6300","2025-06-19 15:55:00","1","2025-06-19 16:07:13","1","0","654","621"
"640","53","2025-06-20",,"31","123","1","12070","2","2025-08-20","1","29","PERIODOS: JUNIO - JULIO","80","160","1180","188800","7387","5","854","2025-06-19 15:55:12","1","2025-06-19 16:12:51","1","0","657","622"
"641","54","2025-07-03",,"31","944","1","8981.25","2","2025-09-03","1","29","PERIODOS: JULIO - AGOSTO","80","160","1190","190400","7397","2","6307","2025-06-29 12:33:20","1","2025-07-01 15:26:07","1","0","658","623"
"642","55","2025-07-06",,"31","937","1","8981.25","2","2025-09-06","1","29","PERIODOS: JULIO - AGOSTO","80","160","1190","190400","7396","2","6306","2025-06-29 12:33:23","1","2025-07-01 15:20:57","1","0","661","624"
"643","56","2025-07-08",,"31","965","1","10540","2","2025-09-08","1","29","PERIODOS: JULIO - AGOSTO","80","160","1190","190400","7398","2","6308","2025-06-29 12:33:27","1","2025-07-01 15:29:48","1","0","662","625"
"644","57","2025-07-08",,"31","974","1","10540","2","2025-09-08","1","29","PERIODOS: JULIO - AGOSTO","80","160","1190","190400","7399","2","6309","2025-06-29 12:33:29","1","2025-07-01 15:36:55","1","0","663","626"
"645","58","2025-07-08",,"31","1086","1","12070","2","2025-09-08","1","29","PERIODOS: JULIO - AGOSTO","110","220","1190","261800","7400","5","858","2025-06-29 12:33:32","1","2025-07-01 15:40:17","1","0","664","627"
"646","59","2025-07-11",,"31","1064","1","12070","2","2025-09-11","1","29","PERIODOS: JULIO - AGOSTO","110","220","1260","277200","7403","2","6312","2025-07-06 12:39:53","1","2025-07-06 12:51:02","1","0","665","629"
"647","60","2025-07-12",,"31","869","1","10800","2","2025-09-12","1","29","PERIODOS: JULIO - AGOSTO","80","160","1260","201600","7404","2","6313","2025-07-06 12:39:56","1","2025-07-06 12:54:14","1","0","666","630"
"648","61","2025-07-13",,"31","437","1","13475","3","2025-10-13","1","29","PERIODOS: JULIO - AGOSTO - SEPTIEMBRE","100","300","1260","378000","7402","2","6311","2025-07-06 12:39:59","1","2025-07-06 12:49:11","1","0","670","619"
"649","62","2025-07-25",,"31","961","1","11623.75","2","2025-09-25","1","29","PERIODOS: JULIO - AGOSTO","80","160","1285","205600","7457","5","875","2025-07-25 10:58:31","1","2025-07-25 11:23:36","1","0","667","635"
"650","63","2025-08-09",,"31","921","1","11200","2","2025-10-09","1","29","PERIODOS: AGOSTO - SEPTIEMBRE","80","160","1326","212160","7482","2","6365","2025-08-10 13:50:21","1","2025-08-10 14:08:16","1","0","668","636"
"651","64","2025-08-10",,"31","1066","1","8750","3","2025-11-10","1","29","PERIODOS: AGOSTO - SEPTIEMBRE - OCTUBRE","100","300","1326","397800","7483","2","6366","2025-08-10 13:50:26","1","2025-08-10 14:11:37","1","0","679","628"
"652","65","2025-08-12",,"31","1022","1","12070","2","2025-10-12","1","29","PERIODOS: AGOSTO - SEPTIEMBRE    Orden de Compra Nro: 4501709077","110","220","1326","291720","7516","2","6385","2025-08-10 13:50:32","1","2025-08-19 17:13:20","1","0","669","637"
"653","66","2025-08-18",,"31","860","1","8400","3","2025-11-18","1","29","PERIODOS: AGOSTO - SEPTIEMBRE - OCTUBRE","80","240","1326","318240","7487","5","887","2025-08-10 13:50:41","1","2025-08-10 14:22:49","1","0","683","631"
"654","67","2025-08-18",,"31","840","1","12070","2","2025-10-18","1","29","PERIODOS: AGOSTO - SEPTIEMBRE","80","160","1326","212160","7484","2","6367","2025-08-10 13:50:44","1","2025-08-10 14:13:41","1","0","672","639"
"655","68","2025-08-18",,"31","681","1","12070","2","2025-10-18","1","29","PERIODOS: AGOSTO - SEPTIEMBRE","80","160","1326","212160","7485","5","885","2025-08-10 13:50:47","1","2025-08-10 14:16:22","1","0","671","638"
"656","69","2025-08-18",,"31","504","1","12070","3","2025-11-18","1","29","PERIODOS: AGOSTO - SEPTIEMBRE - OCTUBRE  OC  3800025382    N°3800025382","80","240","1326","318240","7514","5","897","2025-08-10 13:50:52","1","2025-08-19 17:04:59","1","0","682","632"
"657","70","2025-08-20",,"31","123","1","12070","2","2025-10-20","1","29","PERIODOS: AGOSTO - SEPTIEMBRE","80","160","1326","212160","7486","5","886","2025-08-10 13:50:58","1","2025-08-10 14:18:07","1","0","673","640"
"658","71","2025-09-03",,"31","944","1","8981.25","2","2025-11-03","1","29","PERIODOS: SEPTIEMBRE - OCTUBRE","80","160","1310","209600","7518","2","6387","2025-08-14 08:54:10","1","2025-08-19 17:20:18","1","0","674","641"
"659","72","2025-08-23",,"31","1006","1","12070","3","2025-11-23","1","29","PERIODOS: AGOSTO - SEPTIEMBRE - OCTUBRE","80","240","1315","315600","7515","5","898","2025-08-19 09:04:22","1","2025-08-19 17:08:27","1","0","685","633"
"660","73","2025-08-23",,"31","922","1","9281.25","3","2025-11-23","1","29","PERIODOS: AGOSTO - SEPTIEMBRE - OCTUBRE","80","240","1310","314400","7517","2","6386","2025-08-19 09:04:25","1","2025-08-19 17:17:52","1","0","684","634"
"661","74","2025-09-06",,"31","937","1","8981.25","2","2025-11-06","1","29","PERIODOS: SEPTIEMBRE - OCTUBRE","80","160","1360","217600","7585","2","6429","2025-09-01 10:31:35","1","2025-09-01 15:18:31","1","0","675","642"
"662","75","2025-09-08",,"31","965","1","10540","2","2025-11-08","1","29","PERIODOS: SEPTIEMBRE - OCTUBRE","80","160","1360","217600","7586","2","6430","2025-09-01 10:31:38","1","2025-09-01 15:21:17","1","0","678","643"
"663","76","2025-09-08",,"31","974","1","10540","2","2025-11-08","1","29","PERIODOS: SEPTIEMBRE - OCTUBRE","80","160","1360","217600","7587","2","6431","2025-09-01 10:31:41","1","2025-09-01 15:22:55","1","0","677","644"
"664","77","2025-09-08",,"31","1086","1","12070","2","2025-11-08","1","29","PERIODOS: SEPTIEMBRE - OCTUBRE","110","220","1360","299200","7590","5","924","2025-09-01 10:31:45","1","2025-09-01 15:30:25","1","0","676","645"
"665","78","2025-09-11",,"31","1064","1","12070","2","2025-11-11","1","29","PERIODOS: SEPTIEMBRE - OCTUBRE","110","220","1360","299200","7588","2","6432","2025-09-01 10:31:48","1","2025-09-01 15:26:19","1","0","680","646"
"666","79","2025-09-12",,"31","869","1","10800","2","2025-11-12","1","29","PERIODOS: SEPTIEMBRE - OCTUBRE","80","160","1360","217600","7589","2","6433","2025-09-01 10:32:02","1","2025-09-01 15:28:11","1","0","681","647"
"667","80","2025-09-25",,"31","961","1","11623.75","2","2025-11-25","1","29","PERIODOS: SEPTIEMBRE - OCTUBRE","80","160","1345","215200","7654","5","949","2025-09-25 13:43:01","1","2025-09-25 14:33:24","1","0","686","649"
"668","81","2025-10-09",,"31","921","1","11200","2","2025-12-09","1","29","PERIODOS: OCTUBRE - NOVIEMBRE","80","160","1455","232800","7670","2","6486","2025-09-29 14:58:52","1","2025-10-08 13:11:08","1","0","687","650"
"669","82","2025-10-12",,"31","1022","1","12070","2","2025-12-12","1","29","PERIODOS: OCTUBRE - NOVIEMBRE","110","220","1455","320100","7723","2","6525","2025-09-29 14:58:56","1","2025-10-17 10:00:53","1","0","688","652"
"670","83","2025-10-13",,"31","437","1","13475","3","2026-01-13","1","29","PERIODOS: OCTUBRE - NOVIEMBRE - DICIEMBRE","100","300","1455","436500","7671","2","6487","2025-09-29 14:59:00","1","2025-10-08 13:19:46","1","0","699","648"
"671","84","2025-10-18",,"31","681","1","12070","2","2025-12-18","1","29","PERIODOS: OCTUBRE - NOVIEMBRE","80","160","1455","232800","7673","5","951","2025-09-29 14:59:03","1","2025-10-08 13:27:28","1","0","689","655"
"672","85","2025-10-18",,"31","840","1","12070","2","2025-12-18","1","29","PERIODOS: OCTUBRE - NOVIEMBRE","80","160","1455","232800","7672","2","6488","2025-09-29 14:59:06","1","2025-10-08 13:21:54","1","0","690","654"
"673","86","2025-10-20",,"31","123","1","12070","2","2025-12-20","1","29","PERIODOS: OCTUBRE - NOVIEMBRE","80","160","1455","232800","7674","5","952","2025-10-08 13:00:50","1","2025-10-08 13:29:22","1","0","691","657"
"674","87","2025-11-03",,"31","944","1","8981.25","2","2026-01-03","1","29","PERIODOS: NOVIEMBRE - DICIEMBRE","80","160","1430","228800","7725","2","6527","2025-10-17 09:49:42","1","2025-10-17 10:04:28","1","0","692","658"
"675","88","2025-11-06",,"31","937","1","8981.25","2","2026-01-06","1","29","PERIODOS: NOVIEMBRE - DICIEMBRE","80","160","1430","228800","7724","2","6526","2025-10-17 09:49:45","1","2025-10-17 10:02:46","1","0","693","661"
"676","89","2025-11-08",,"31","1086","1","12070","2","2026-01-08","1","29","PERIODOS: NOVIEMBRE - DICIEMBRE","110","220","1475","324500","7754","5","972","2025-11-02 12:33:50","1","2025-11-02 13:07:04","1","0","694","664"
"677","90","2025-11-08",,"31","974","1","10540","2","2026-01-08","1","29","PERIODOS: NOVIEMBRE - DICIEMBRE","80","160","1475","236000","7751","2","6546","2025-11-02 12:33:53","1","2025-11-02 13:00:02","1","0","695","663"
"678","91","2025-11-08",,"31","965","1","10540","2","2026-01-08","1","29","PERIODOS: NOVIEMBRE - DICIEMBRE","80","160","1475","236000","7750","2","6545","2025-11-02 12:33:56","1","2025-11-02 12:58:00","1","0","696","662"
"679","92","2025-11-10",,"31","1066","1","8750","3","2026-02-10","1","29","PERIODOS: NOVIEMBRE - DICIEMBRE - ENERO","100","300","1475","442500","7749","2","6544","2025-11-02 12:33:59","1","2025-11-02 12:55:26","1","0","702","651"
"680","93","2025-11-11",,"31","1064","1","12070","2","2026-01-11","1","29","PERIODOS: NOVIEMBRE - DICIEMBRE","110","220","1475","324500","7752","2","6547","2025-11-02 12:34:01","1","2025-11-02 13:02:28","1","0","697","665"
"681","94","2025-11-12",,"31","869","1","10800","2","2026-01-12","1","29","PERIODOS: NOVIEMBRE - DICIEMBRE","80","160","1475","236000","7753","2","6548","2025-11-02 12:34:04","1","2025-11-02 13:04:33","1","0","698","666"
"682","95","2025-11-18",,"31","504","1","12070","3","2026-02-18","1","29","PERIODOS: NOVIEMBRE - DICIEMBRE - ENERO","80","240","1475","354000","7772","5","981","2025-11-02 12:34:17","1","2025-11-14 13:11:39","1","0","705","656"
"683","96","2025-11-18",,"31","860","1","8400","3","2026-02-18","1","29","PERIODOS: NOVIEMBRE - DICIEMBRE - ENERO","80","240","1475","354000","7755","5","973","2025-11-02 12:34:20","1","2025-11-02 13:09:23","1","0","704","653"
"684","97","2025-11-23",,"31","922","1","9281.25","3","2026-02-23","1","29","PERIODOS: NOVIEMBRE - DICIEMBRE - ENERO","80","240","1430","343200","7775","2","6558","2025-11-05 16:11:59","1","2025-11-14 13:20:59","1","0","710","660"
"685","98","2025-11-23",,"31","1006","1","12070","3","2026-02-23","1","29","PERIODOS: NOVIEMBRE - DICIEMBRE - ENERO","80","240","1430","343200","7773","5","982","2025-11-05 16:12:02","1","2025-11-14 13:14:05","1","0","709","659"
"686","99","2025-11-25",,"31","961","1","11623.75","2","2026-01-25","1","29","PERIODOS: NOVIEMBRE - DICIEMBRE","80","160","1430","228800","7774","5","983","2025-11-05 16:12:05","1","2025-11-14 13:16:56","1","0","700","667"
"687","100","2025-12-09",,"31","921","1","11200","2","2026-02-09","1","29","PERIODOS: DICIEMBRE - ENERO","80","160","1475","236000","7802","2","6581","2025-11-26 13:27:53","1","2025-12-01 14:07:50","1","0","703","668"
"688","101","2025-12-12",,"31","1022","1","12070","2","2026-02-12","1","29","PERIODOS: DICIEMBRE - ENERO","110","220","1480","325600","7857","2","6617","2025-11-26 13:27:56","1","2025-12-09 16:22:15","1","0","701","669"
"689","102","2025-12-18",,"31","681","1","12070","2","2026-02-18","1","29","PERIODOS: DICIEMBRE - ENERO","80","160","1460","233600","7859","5","1007","2025-12-09 12:19:04","1","2025-12-09 16:27:20","1","0","707","671"
"690","103","2025-12-18",,"31","840","1","12070","2","2026-02-18","1","29","PERIODOS: DICIEMBRE - ENERO","80","160","1460","233600","7858","2","6618","2025-12-09 12:19:09","1","2025-12-09 16:24:34","1","0","706","672"
"691","104","2025-12-20",,"31","123","1","12070","2","2026-02-20","1","29","PERIODOS: DICIEMBRE - ENERO","80","160","1460","233600","7860","5","1008","2025-12-09 12:19:12","1","2025-12-09 16:29:06","1","0","708","673"
"692","1","2026-01-03",,"31","944","1","8981.25","2","2026-03-03","1","29","PERIODOS: ENERO - FEBRERO","80","160","1495","239200","7910","5","1023","2025-12-16 19:32:58","1","2026-01-06 16:40:28","1","0","711","674"
"693","2","2026-01-06",,"31","937","1","8981.25","2","2026-03-06","1","29","PERIODOS: ENERO - FEBRERO","80","160","1495","239200","7904","2","6648","2026-01-05 13:13:13","1","2026-01-06 16:20:07","1","0","712","675"
"694","3","2026-01-08",,"31","1086","1","12070","2","2026-03-08","1","29","PERIODOS: ENERO - FEBRERO","110","220","1495","328900","7911","5","1024","2026-01-05 13:13:17","1","2026-01-06 16:42:22","1","0","713","676"
"695","4","2026-01-08",,"31","974","1","10540","2","2026-03-08","1","29","PERIODOS: ENERO - FEBRERO","80","160","1495","239200","7907","2","6651","2026-01-05 13:13:21","1","2026-01-06 16:33:23","1","0","714","677"
"696","5","2026-01-08",,"31","965","1","10540","2","2026-03-08","1","29","PERIODOS: ENERO - FEBRERO","80","160","1495","239200","7906","2","6650","2026-01-05 13:13:25","1","2026-01-06 16:31:03","1","0","715","678"
"697","6","2026-01-11",,"31","1064","1","12070","2","2026-03-11","1","29","PERIODOS: ENERO - FEBRERO","110","220","1495","328900","7908","2","6652","2026-01-05 13:13:29","1","2026-01-06 16:35:34","1","0","716","680"
"698","7","2026-01-12",,"31","869","1","10800","2","2026-03-12","1","29","PERIODOS: ENERO - FEBRERO","80","160","1495","239200","7909","2","6653","2026-01-05 13:13:32","1","2026-01-06 16:37:48","1","0","717","681"
"699","8","2026-01-13",,"31","437","1","13475","3","2026-04-13","1","29","PERIODOS: ENERO - FEBRERO - MARZO","100","300","1495","448500","7905","2","6649","2026-01-05 13:13:35","1","2026-01-06 16:28:13","1","0","721","670"
"700","9","2026-01-25",,"31","961","1","11623.75","2","2026-03-25","1","29","PERIODOS: ENERO - FEBRERO","80","160","1495","239200","7912","5","1025","2026-01-05 13:13:44","1","2026-01-06 16:44:25","1","0","718","686"
"701","10","2026-02-12",,"31","1022","1","12070","2","2026-04-12","1","29","PERIODOS: FEBRERO - MARZO","110","220","1480","325600","7977","2","6704","2026-01-27 18:09:22","1","2026-02-03 12:00:14",,,"720","688"
"702","11","2026-02-10",,"31","1066","1","8750","3","2026-05-10","1","29","PERIODOS: FEBRERO - MARZO - ABRIL","100","300","1475","442500","7971","2","6701","2026-01-27 18:09:26","1","2026-02-01 19:37:36",,,,"679"
"703","12","2026-02-09",,"31","921","1","11200","2","2026-04-09","1","29","PERIODOS: FEBRERO - MARZO","80","160","1475","236000","7970","2","6700","2026-01-27 18:09:28","1","2026-02-01 19:35:10",,,"719","687"
"704","13","2026-02-18",,"31","860","1","8400","3","2026-05-18","1","29","PERIODOS: FEBRERO - MARZO - ABRIL","80","240","1475","354000","7975","5","1039","2026-01-29 10:20:16","1","2026-02-01 19:50:58",,,,"683"
"705","14","2026-02-18",,"13","504","1","12070","3","2026-05-18","1","29","PERIODOS: FEBRERO - MARZO - ABRIL","80","240","1475","354000",,,,"2026-01-29 10:20:20","1","2026-02-12 15:16:05","1","0",,"682"
"706","15","2026-02-18",,"31","840","1","12070","2","2026-04-18","1","29","PERIODOS: FEBRERO - MARZO","80","160","1460","233600","7972","2","6702","2026-01-29 10:20:24","1","2026-02-01 19:41:46",,,"722","690"
"707","16","2026-02-18",,"31","681","1","12070","2","2026-04-18","1","29","PERIODOS: FEBRERO - MARZO","80","160","1460","233600","7973","5","1037","2026-01-29 10:20:28","1","2026-02-01 19:45:03",,,"723","689"
"708","17","2026-02-20",,"31","123","1","12070","2","2026-04-20","1","29","PERIODOS: FEBRERO - MARZO","80","160","1460","233600","7974","5","1038","2026-02-01 16:25:14","102","2026-02-01 19:47:55",,,"724","691"
"709","18","2026-02-23",,"31","1006","1","12070","3","2026-05-23","1","29","PERIODOS: FEBRERO - MARZO - ABRIL","80","240","1430","343200","7989","5","1043","2026-02-12 15:04:13","1","2026-02-17 14:34:31",,,,"685"
"710","19","2026-02-23",,"31","922","1","9281.25","3","2026-05-23","1","29","PERIODOS: FEBRERO - MARZO - ABRIL","80","240","1430","343200","7986","2","6710","2026-02-12 15:04:16","1","2026-02-17 14:25:34",,,,"684"
"711","20","2026-03-03",,"31","944","1","8981.25","2","2026-05-03","1","29","PERIODOS: MARZO - ABRIL","80","160","1495","239200","7990","5","1044","2026-02-12 15:04:19","1","2026-02-17 14:36:43",,,,"692"
"712","21","2026-03-06",,"31","937","1","8981.25","2","2026-05-06","1","29","PERIODOS: MARZO - ABRIL","80","160","1495","239200","7985","2","6709","2026-02-17 13:00:55","1","2026-02-17 14:21:24",,,,"693"
"713","22","2026-03-08",,"31","1086","1","12070","2","2026-05-08","1","29","PERIODOS: MARZO - ABRIL","110","220","1415","311300","8074","5","1069","2026-02-17 13:00:57","1","2026-03-16 14:46:21","1","0",,"694"
"714","23","2026-03-08",,"31","974","1","10540","2","2026-05-08","1","29","PERIODOS: MARZO - ABRIL","80","160","1495","239200","7988","2","6712","2026-02-17 13:01:01","1","2026-02-17 14:32:14",,,,"695"
"715","24","2026-03-08",,"31","965","1","10540","2","2026-05-08","1","29","PERIODOS: MARZO - ABRIL","80","160","1495","239200","7987","2","6711","2026-02-17 13:01:03","1","2026-02-17 14:27:56",,,,"696"
"716","25","2026-03-11",,"31","1064","1","12070","2","2026-05-11","1","29","PERIODOS: MARZO - ABRIL","110","220","1415","311300","8072","2","6770","2026-03-09 12:40:56","1","2026-03-16 14:42:07","1","0",,"697"
"717","26","2026-03-12",,"31","869","1","10800","2","2026-05-12","1","29","PERIODOS: MARZO - ABRIL","80","160","1415","226400","8073","2","6771","2026-03-09 12:40:59","1","2026-03-16 14:44:14","1","0",,"698"
"718","27","2026-03-25",,"31","961","1","11623.75","2","2026-05-25","1","29","PERIODOS: MARZO - ABRIL","80","160","1415","226400","8075","5","1070","2026-03-09 12:41:14","1","2026-03-16 14:48:44","1","0",,"700"
"719","28","2026-04-09",,"31","921","1","11200","2","2026-06-09","1","29","PERIODOS: ABRIL - MAYO","80","160","1475","236000","8097","2","6790","2026-04-01 12:32:48","1","2026-04-05 13:56:43",,,,"703"
"720","29","2026-04-12",,"31","1022","1","12070","2","2026-06-12","1","29","PERIODOS: ABRIL - MAYO","110","220","1480","325600","8111","2","6797","2026-04-01 12:32:51","1","2026-04-09 14:24:28",,,,"701"
"721","30","2026-04-13",,"31","437","1","13475","3","2026-07-13","1","29","PERIODOS: ABRIL - MAYO - JUNIO","100","300","1415","424500","8098","2","6791","2026-04-01 12:32:58","1","2026-04-05 14:00:17","1","0",,"699"
"722","31","2026-04-18",,"31","840","1","12070","2","2026-06-18","1","29","PERIODOS: ABRIL - MAYO","80","160","1460","233600","8099","2","6792","2026-04-01 12:33:00","1","2026-04-05 14:02:50",,,,"706"
"723","32","2026-04-18",,"31","681","1","12070","2","2026-06-18","1","29","PERIODOS: ABRIL - MAYO","80","160","1460","233600","8100","5","1074","2026-04-01 12:33:03","1","2026-04-05 14:09:17",,,,"707"
"724","33","2026-04-20",,"31","123","1","12070","2","2026-06-20","1","29","PERIODOS: ABRIL - MAYO","80","160","1460","233600","8101","5","1075","2026-04-01 12:33:05","1","2026-04-05 14:11:18",,,,"708"
